time,open,high,low,close,volume,spread,real_volume
2025.05.29 19:46,63.3,63.31,63.28,63.3,20,0,0
2025.05.29 19:47,63.3,63.31,63.28,63.28,14,0,0
2025.05.29 19:48,63.28,63.28,63.24,63.25,11,0,0
2025.05.29 19:49,63.24,63.25,63.22,63.23,31,0,0
2025.05.29 19:50,63.24,63.25,63.23,63.24,13,0,0
2025.05.29 19:51,63.24,63.29,63.24,63.28,18,0,0
2025.05.29 19:52,63.28,63.3,63.28,63.29,27,0,0
2025.05.29 19:53,63.28,63.28,63.27,63.28,13,0,0
2025.05.29 19:54,63.28,63.29,63.28,63.28,14,0,0
2025.05.29 19:55,63.29,63.29,63.27,63.27,6,0,0
2025.05.29 19:56,63.28,63.29,63.27,63.27,14,0,0
2025.05.29 19:57,63.28,63.28,63.26,63.26,16,0,0
2025.05.29 19:58,63.26,63.26,63.24,63.24,12,0,0
2025.05.29 19:59,63.24,63.25,63.23,63.23,7,0,0
2025.05.29 20:00,63.24,63.27,63.24,63.27,16,0,0
2025.05.29 20:01,63.27,63.28,63.27,63.28,6,0,0
2025.05.29 20:02,63.27,63.29,63.27,63.28,6,0,0
2025.05.29 20:03,63.27,63.27,63.26,63.27,5,0,0
2025.05.29 20:04,63.26,63.27,63.24,63.24,17,0,0
2025.05.29 20:05,63.25,63.25,63.23,63.24,15,0,0
2025.05.29 20:06,63.24,63.24,63.23,63.24,9,0,0
2025.05.29 20:07,63.24,63.25,63.24,63.25,8,0,0
2025.05.29 20:08,63.26,63.26,63.25,63.26,9,0,0
2025.05.29 20:09,63.26,63.26,63.22,63.22,14,0,0
2025.05.29 20:10,63.23,63.25,63.23,63.25,12,0,0
2025.05.29 20:11,63.25,63.25,63.24,63.25,5,0,0
2025.05.29 20:12,63.25,63.29,63.25,63.27,10,0,0
2025.05.29 20:13,63.26,63.35,63.26,63.34,13,0,0
2025.05.29 20:14,63.33,63.34,63.3,63.3,27,0,0
2025.05.29 20:15,63.29,63.31,63.25,63.26,14,0,0
2025.05.29 20:16,63.26,63.3,63.26,63.29,25,0,0
2025.05.29 20:17,63.28,63.29,63.27,63.29,22,0,0
2025.05.29 20:18,63.29,63.31,63.29,63.29,25,0,0
2025.05.29 20:19,63.28,63.29,63.25,63.28,29,0,0
2025.05.29 20:20,63.27,63.28,63.26,63.28,22,0,0
2025.05.29 20:21,63.28,63.29,63.28,63.29,21,0,0
2025.05.29 20:22,63.28,63.33,63.28,63.31,30,0,0
2025.05.29 20:23,63.32,63.36,63.32,63.33,26,0,0
2025.05.29 20:24,63.32,63.33,63.3,63.3,14,0,0
2025.05.29 20:25,63.31,63.34,63.3,63.34,26,0,0
2025.05.29 20:26,63.35,63.36,63.32,63.36,32,0,0
2025.05.29 20:27,63.36,63.36,63.3,63.32,35,0,0
2025.05.29 20:28,63.32,63.36,63.3,63.31,34,0,0
2025.05.29 20:29,63.32,63.36,63.32,63.35,31,0,0
2025.05.29 20:30,63.36,63.37,63.34,63.37,23,0,0
2025.05.29 20:31,63.36,63.37,63.35,63.36,18,0,0
2025.05.29 20:32,63.37,63.38,63.37,63.37,9,0,0
2025.05.29 20:33,63.37,63.38,63.37,63.38,17,0,0
2025.05.29 20:34,63.37,63.37,63.34,63.34,8,0,0
2025.05.29 20:35,63.35,63.37,63.35,63.37,8,0,0
2025.05.29 20:36,63.37,63.39,63.37,63.38,17,0,0
2025.05.29 20:37,63.37,63.38,63.37,63.37,3,0,0
2025.05.29 20:38,63.36,63.36,63.35,63.36,4,0,0
2025.05.29 20:39,63.37,63.37,63.36,63.36,3,0,0
2025.05.29 20:40,63.37,63.37,63.36,63.36,4,0,0
2025.05.29 20:41,63.37,63.37,63.36,63.36,3,0,0
2025.05.29 20:42,63.36,63.37,63.36,63.36,7,0,0
2025.05.29 20:43,63.36,63.36,63.35,63.35,4,0,0
2025.05.29 20:44,63.35,63.35,63.35,63.35,1,0,0
2025.05.29 20:45,63.35,63.36,63.35,63.36,2,0,0
2025.05.29 20:46,63.35,63.36,63.35,63.36,2,0,0
2025.05.29 20:47,63.35,63.35,63.34,63.35,3,0,0
2025.05.29 20:48,63.36,63.36,63.36,63.36,1,0,0
2025.05.29 20:49,63.37,63.38,63.36,63.37,6,0,0
2025.05.29 20:50,63.38,63.38,63.37,63.37,10,0,0
2025.05.29 20:51,63.36,63.37,63.36,63.36,7,0,0
2025.05.29 20:52,63.36,63.36,63.36,63.36,5,0,0
2025.05.29 20:54,63.35,63.36,63.34,63.35,7,0,0
2025.05.29 20:55,63.36,63.36,63.36,63.36,1,0,0
2025.05.29 20:57,63.34,63.35,63.34,63.35,10,0,0
2025.05.29 20:58,63.34,63.35,63.31,63.32,11,0,0
2025.05.29 20:59,63.32,63.35,63.32,63.32,7,0,0
2025.05.29 21:00,63.33,63.36,63.33,63.36,9,0,0
2025.05.29 21:01,63.37,63.37,63.34,63.36,11,0,0
2025.05.29 21:02,63.35,63.35,63.35,63.35,7,0,0
2025.05.29 21:03,63.35,63.35,63.34,63.34,7,0,0
2025.05.29 21:04,63.33,63.34,63.32,63.32,8,0,0
2025.05.29 21:05,63.32,63.33,63.32,63.33,2,0,0
2025.05.29 21:06,63.33,63.37,63.28,63.34,34,0,0
2025.05.29 21:07,63.33,63.34,63.31,63.31,14,0,0
2025.05.29 21:08,63.33,63.33,63.3,63.3,21,0,0
2025.05.29 21:09,63.31,63.32,63.3,63.32,7,0,0
2025.05.29 21:10,63.32,63.32,63.31,63.32,10,0,0
2025.05.29 21:11,63.31,63.32,63.3,63.31,11,0,0
2025.05.29 21:12,63.32,63.33,63.32,63.33,7,0,0
2025.05.29 21:13,63.32,63.33,63.32,63.32,7,0,0
2025.05.29 21:14,63.32,63.33,63.32,63.32,7,0,0
2025.05.29 21:15,63.33,63.33,63.3,63.31,15,0,0
2025.05.29 21:16,63.31,63.32,63.31,63.32,5,0,0
2025.05.29 21:17,63.31,63.33,63.31,63.33,4,0,0
2025.05.29 21:18,63.32,63.34,63.32,63.33,10,0,0
2025.05.29 21:19,63.34,63.34,63.33,63.34,6,0,0
2025.05.29 21:20,63.33,63.34,63.33,63.34,2,0,0
2025.05.29 21:21,63.34,63.34,63.34,63.34,5,0,0
2025.05.29 21:22,63.34,63.36,63.34,63.35,11,0,0
2025.05.29 21:23,63.36,63.37,63.36,63.37,8,0,0
2025.05.29 21:24,63.36,63.36,63.36,63.36,16,0,0
2025.05.29 21:25,63.36,63.36,63.34,63.34,11,0,0
2025.05.29 21:26,63.35,63.36,63.34,63.36,4,0,0
2025.05.29 21:27,63.35,63.36,63.35,63.36,4,0,0
2025.05.29 21:28,63.35,63.36,63.35,63.36,2,0,0
2025.05.29 21:29,63.35,63.36,63.35,63.36,11,0,0
2025.05.29 21:30,63.35,63.36,63.35,63.36,4,0,0
2025.05.29 21:31,63.35,63.4,63.35,63.37,16,0,0
2025.05.29 21:32,63.36,63.37,63.36,63.36,8,0,0
2025.05.29 21:33,63.37,63.37,63.37,63.37,1,0,0
2025.05.29 21:34,63.37,63.37,63.37,63.37,4,0,0
2025.05.29 21:35,63.36,63.37,63.36,63.37,2,0,0
2025.05.29 21:36,63.37,63.38,63.37,63.37,6,0,0
2025.05.29 21:37,63.37,63.38,63.37,63.37,7,0,0
2025.05.29 21:38,63.38,63.38,63.37,63.37,2,0,0
2025.05.29 21:39,63.38,63.38,63.38,63.38,1,0,0
2025.05.29 21:41,63.37,63.37,63.37,63.37,2,0,0
2025.05.29 21:42,63.38,63.38,63.37,63.37,2,0,0
2025.05.29 21:43,63.37,63.38,63.37,63.37,5,0,0
2025.05.29 21:44,63.37,63.37,63.35,63.35,4,0,0
2025.05.29 21:45,63.36,63.37,63.36,63.37,8,0,0
2025.05.29 21:46,63.38,63.38,63.36,63.36,6,0,0
2025.05.29 21:47,63.37,63.37,63.36,63.36,2,0,0
2025.05.29 21:48,63.37,63.37,63.36,63.36,6,0,0
2025.05.29 21:49,63.38,63.38,63.35,63.35,10,0,0
2025.05.29 21:50,63.35,63.38,63.35,63.36,10,0,0
2025.05.29 21:51,63.37,63.37,63.35,63.35,8,0,0
2025.05.29 21:52,63.35,63.36,63.35,63.35,10,0,0
2025.05.29 21:53,63.36,63.36,63.35,63.36,5,0,0
2025.05.29 21:54,63.35,63.36,63.35,63.36,8,0,0
2025.05.29 21:55,63.36,63.37,63.33,63.33,6,0,0
2025.05.29 21:56,63.32,63.33,63.32,63.32,5,0,0
2025.05.29 21:57,63.32,63.33,63.32,63.33,4,0,0
2025.05.29 21:58,63.32,63.33,63.32,63.32,9,0,0
2025.05.29 21:59,63.32,63.33,63.31,63.33,23,0,0
2025.05.29 22:00,63.33,63.33,63.3,63.3,7,0,0
2025.05.29 22:01,63.31,63.32,63.3,63.32,15,0,0
2025.05.29 22:02,63.32,63.32,63.32,63.32,4,0,0
2025.05.29 22:03,63.33,63.33,63.32,63.33,3,0,0
2025.05.29 22:04,63.32,63.32,63.32,63.32,2,0,0
2025.05.29 22:05,63.33,63.34,63.32,63.34,7,0,0
2025.05.29 22:06,63.33,63.34,63.32,63.34,11,0,0
2025.05.29 22:07,63.33,63.33,63.32,63.33,9,0,0
2025.05.29 22:08,63.32,63.33,63.32,63.33,7,0,0
2025.05.29 22:09,63.32,63.33,63.32,63.33,2,0,0
2025.05.29 22:10,63.32,63.32,63.32,63.32,1,0,0
2025.05.29 22:11,63.31,63.31,63.31,63.31,1,0,0
2025.05.29 22:12,63.32,63.32,63.31,63.31,6,0,0
2025.05.29 22:13,63.32,63.32,63.3,63.32,4,0,0
2025.05.29 22:14,63.32,63.33,63.32,63.32,4,0,0
2025.05.29 22:15,63.32,63.32,63.32,63.32,4,0,0
2025.05.29 22:16,63.32,63.32,63.32,63.32,2,0,0
2025.05.29 22:17,63.33,63.33,63.33,63.33,1,0,0
2025.05.29 22:18,63.32,63.33,63.32,63.33,6,0,0
2025.05.29 22:20,63.33,63.33,63.33,63.33,3,0,0
2025.05.29 22:21,63.32,63.33,63.32,63.33,2,0,0
2025.05.29 22:22,63.33,63.34,63.33,63.33,3,0,0
2025.05.29 22:23,63.33,63.33,63.33,63.33,2,0,0
2025.05.29 22:24,63.33,63.34,63.33,63.34,4,0,0
2025.05.29 22:25,63.33,63.34,63.33,63.33,7,0,0
2025.05.29 22:26,63.34,63.34,63.33,63.34,3,0,0
2025.05.29 22:27,63.34,63.36,63.34,63.35,6,0,0
2025.05.29 22:28,63.36,63.36,63.35,63.35,11,0,0
2025.05.29 22:29,63.35,63.35,63.35,63.35,1,0,0
2025.05.29 22:30,63.34,63.35,63.34,63.34,5,0,0
2025.05.29 22:31,63.35,63.35,63.35,63.35,1,0,0
2025.05.29 22:33,63.36,63.36,63.36,63.36,2,0,0
2025.05.29 22:35,63.37,63.37,63.37,63.37,1,0,0
2025.05.29 22:36,63.36,63.37,63.36,63.37,2,0,0
2025.05.29 22:37,63.36,63.38,63.36,63.38,3,0,0
2025.05.29 22:38,63.37,63.38,63.37,63.38,6,0,0
2025.05.29 22:39,63.37,63.38,63.37,63.38,5,0,0
2025.05.29 22:40,63.38,63.39,63.38,63.39,2,0,0
2025.05.29 22:41,63.38,63.38,63.38,63.38,3,0,0
2025.05.29 22:42,63.37,63.38,63.37,63.37,5,0,0
2025.05.29 22:43,63.36,63.37,63.36,63.36,5,0,0
2025.05.29 22:45,63.36,63.36,63.36,63.36,2,0,0
2025.05.29 22:46,63.36,63.36,63.36,63.36,3,0,0
2025.05.29 22:47,63.35,63.35,63.32,63.34,9,0,0
2025.05.29 22:48,63.34,63.34,63.34,63.34,3,0,0
2025.05.29 22:49,63.34,63.35,63.34,63.34,6,0,0
2025.05.29 22:50,63.34,63.34,63.31,63.31,8,0,0
2025.05.29 22:51,63.32,63.32,63.31,63.32,5,0,0
2025.05.29 22:52,63.32,63.32,63.32,63.32,1,0,0
2025.05.29 22:53,63.33,63.33,63.32,63.32,5,0,0
2025.05.29 22:54,63.32,63.32,63.32,63.32,5,0,0
2025.05.29 22:55,63.31,63.32,63.31,63.32,2,0,0
2025.05.29 22:56,63.33,63.33,63.33,63.33,1,0,0
2025.05.29 22:57,63.32,63.32,63.32,63.32,1,0,0
2025.05.29 22:58,63.33,63.35,63.32,63.35,5,0,0
2025.05.29 22:59,63.34,63.35,63.34,63.35,6,0,0
2025.05.30 02:05,63.34,63.34,63.3,63.3,15,0,0
2025.05.30 02:06,63.31,63.33,63.31,63.32,6,0,0
2025.05.30 02:07,63.33,63.33,63.33,63.33,1,0,0
2025.05.30 02:08,63.32,63.32,63.32,63.32,1,0,0
2025.05.30 02:11,63.31,63.32,63.29,63.3,7,0,0
2025.05.30 02:12,63.29,63.29,63.27,63.27,7,0,0
2025.05.30 02:13,63.26,63.28,63.25,63.28,9,0,0
2025.05.30 02:14,63.29,63.3,63.29,63.29,5,0,0
2025.05.30 02:15,63.28,63.29,63.27,63.28,7,0,0
2025.05.30 02:16,63.27,63.29,63.27,63.29,7,0,0
2025.05.30 02:17,63.28,63.3,63.28,63.29,6,0,0
2025.05.30 02:18,63.3,63.3,63.3,63.3,1,0,0
2025.05.30 02:19,63.31,63.31,63.3,63.3,4,0,0
2025.05.30 02:20,63.29,63.3,63.29,63.29,3,0,0
2025.05.30 02:21,63.3,63.32,63.3,63.31,10,0,0
2025.05.30 02:22,63.3,63.3,63.29,63.29,2,0,0
2025.05.30 02:23,63.3,63.3,63.28,63.29,3,0,0
2025.05.30 02:24,63.28,63.3,63.27,63.29,8,0,0
2025.05.30 02:25,63.28,63.28,63.27,63.27,2,0,0
2025.05.30 02:26,63.26,63.28,63.26,63.28,5,0,0
2025.05.30 02:27,63.29,63.31,63.29,63.29,7,0,0
2025.05.30 02:28,63.28,63.3,63.28,63.3,3,0,0
2025.05.30 02:29,63.31,63.31,63.3,63.3,4,0,0
2025.05.30 02:30,63.29,63.29,63.26,63.28,5,0,0
2025.05.30 02:31,63.27,63.28,63.27,63.27,5,0,0
2025.05.30 02:33,63.26,63.27,63.24,63.24,4,0,0
2025.05.30 02:34,63.25,63.25,63.24,63.25,5,0,0
2025.05.30 02:35,63.24,63.25,63.23,63.23,4,0,0
2025.05.30 02:36,63.22,63.24,63.22,63.24,5,0,0
2025.05.30 02:37,63.23,63.24,63.23,63.24,4,0,0
2025.05.30 02:38,63.23,63.24,63.23,63.23,9,0,0
2025.05.30 02:39,63.22,63.23,63.22,63.23,6,0,0
2025.05.30 02:40,63.22,63.23,63.22,63.23,2,0,0
2025.05.30 02:41,63.22,63.22,63.22,63.22,1,0,0
2025.05.30 02:42,63.21,63.22,63.2,63.2,4,0,0
2025.05.30 02:43,63.21,63.21,63.21,63.21,1,0,0
2025.05.30 02:44,63.2,63.21,63.2,63.21,4,0,0
2025.05.30 02:45,63.2,63.21,63.19,63.2,9,0,0
2025.05.30 02:46,63.19,63.19,63.18,63.18,2,0,0
2025.05.30 02:47,63.17,63.18,63.17,63.18,2,0,0
2025.05.30 02:48,63.17,63.18,63.17,63.18,2,0,0
2025.05.30 02:49,63.17,63.17,63.17,63.17,1,0,0
2025.05.30 02:50,63.18,63.18,63.17,63.17,2,0,0
2025.05.30 02:52,63.18,63.18,63.17,63.17,2,0,0
2025.05.30 02:53,63.16,63.16,63.16,63.16,1,0,0
2025.05.30 02:54,63.15,63.16,63.12,63.12,6,0,0
2025.05.30 02:55,63.13,63.15,63.12,63.14,8,0,0
2025.05.30 02:56,63.15,63.17,63.15,63.15,5,0,0
2025.05.30 02:57,63.16,63.17,63.16,63.17,2,0,0
2025.05.30 02:58,63.18,63.19,63.18,63.19,2,0,0
2025.05.30 02:59,63.21,63.21,63.19,63.19,5,0,0
2025.05.30 03:00,63.2,63.2,63.12,63.16,39,0,0
2025.05.30 03:01,63.17,63.18,63.1,63.1,20,0,0
2025.05.30 03:02,63.11,63.12,63.1,63.1,12,0,0
2025.05.30 03:03,63.11,63.11,63.07,63.07,19,0,0
2025.05.30 03:04,63.08,63.08,62.92,62.94,21,0,0
2025.05.30 03:05,62.93,62.98,62.92,62.98,22,0,0
2025.05.30 03:06,62.99,63.0,62.94,62.95,19,0,0
2025.05.30 03:07,62.97,62.98,62.95,62.97,10,0,0
2025.05.30 03:08,62.98,62.99,62.97,62.99,12,0,0
2025.05.30 03:09,63.0,63.02,62.99,63.02,20,0,0
2025.05.30 03:10,63.03,63.04,62.96,62.98,15,0,0
2025.05.30 03:11,62.97,62.98,62.95,62.97,17,0,0
2025.05.30 03:12,62.98,63.01,62.98,63.0,11,0,0
2025.05.30 03:13,63.01,63.03,63.0,63.01,11,0,0
2025.05.30 03:14,63.02,63.02,62.99,63.0,12,0,0
2025.05.30 03:15,63.01,63.01,62.99,63.01,5,0,0
2025.05.30 03:16,63.02,63.06,63.02,63.05,6,0,0
2025.05.30 03:17,63.06,63.09,63.06,63.07,7,0,0
2025.05.30 03:18,63.05,63.06,63.04,63.06,10,0,0
2025.05.30 03:19,63.05,63.06,63.04,63.05,5,0,0
2025.05.30 03:20,63.04,63.06,63.02,63.06,9,0,0
2025.05.30 03:21,63.07,63.07,63.04,63.06,10,0,0
2025.05.30 03:22,63.07,63.09,63.07,63.07,7,0,0
2025.05.30 03:23,63.06,63.07,63.05,63.06,5,0,0
2025.05.30 03:24,63.07,63.11,63.07,63.08,8,0,0
2025.05.30 03:25,63.09,63.09,63.06,63.06,5,0,0
2025.05.30 03:26,63.05,63.06,63.05,63.05,9,0,0
2025.05.30 03:27,63.06,63.08,63.06,63.07,4,0,0
2025.05.30 03:28,63.06,63.06,63.05,63.05,2,0,0
2025.05.30 03:29,63.04,63.06,63.04,63.05,4,0,0
2025.05.30 03:30,63.06,63.07,63.04,63.07,10,0,0
2025.05.30 03:31,63.06,63.07,63.05,63.06,8,0,0
2025.05.30 03:32,63.05,63.06,63.05,63.06,2,0,0
2025.05.30 03:33,63.07,63.07,63.04,63.04,10,0,0
2025.05.30 03:34,63.05,63.05,63.02,63.02,6,0,0
2025.05.30 03:35,63.01,63.02,63.0,63.01,5,0,0
2025.05.30 03:36,63.02,63.04,63.02,63.03,4,0,0
2025.05.30 03:37,63.04,63.05,63.03,63.05,4,0,0
2025.05.30 03:38,63.04,63.05,63.04,63.05,2,0,0
2025.05.30 03:39,63.06,63.07,63.05,63.07,8,0,0
2025.05.30 03:40,63.09,63.11,63.07,63.07,7,0,0
2025.05.30 03:41,63.08,63.09,63.08,63.08,3,0,0
2025.05.30 03:42,63.07,63.1,63.07,63.1,12,0,0
2025.05.30 03:43,63.11,63.13,63.11,63.13,3,0,0
2025.05.30 03:44,63.14,63.14,63.12,63.12,3,0,0
2025.05.30 03:45,63.13,63.13,63.09,63.1,9,0,0
2025.05.30 03:46,63.11,63.11,63.11,63.11,1,0,0
2025.05.30 03:47,63.12,63.12,63.11,63.12,3,0,0
2025.05.30 03:48,63.13,63.13,63.1,63.1,6,0,0
2025.05.30 03:49,63.11,63.13,63.11,63.13,3,0,0
2025.05.30 03:50,63.14,63.17,63.14,63.17,8,0,0
2025.05.30 03:51,63.16,63.17,63.15,63.15,4,0,0
2025.05.30 03:52,63.16,63.16,63.16,63.16,1,0,0
2025.05.30 03:53,63.17,63.18,63.15,63.15,7,0,0
2025.05.30 03:54,63.16,63.19,63.15,63.18,9,0,0
2025.05.30 03:55,63.17,63.19,63.17,63.18,4,0,0
2025.05.30 03:56,63.17,63.19,63.17,63.18,12,0,0
2025.05.30 03:57,63.19,63.2,63.17,63.17,13,0,0
2025.05.30 03:58,63.16,63.17,63.15,63.17,4,0,0
2025.05.30 03:59,63.16,63.16,63.14,63.14,5,0,0
2025.05.30 04:00,63.15,63.16,63.14,63.14,8,0,0
2025.05.30 04:01,63.15,63.15,63.11,63.11,4,0,0
2025.05.30 04:02,63.1,63.15,63.09,63.14,11,0,0
2025.05.30 04:03,63.13,63.13,63.11,63.11,7,0,0
2025.05.30 04:04,63.1,63.1,63.08,63.08,11,0,0
2025.05.30 04:05,63.09,63.09,63.08,63.08,8,0,0
2025.05.30 04:06,63.09,63.11,63.09,63.1,4,0,0
2025.05.30 04:07,63.09,63.1,63.09,63.09,3,0,0
2025.05.30 04:08,63.08,63.09,63.08,63.09,4,0,0
2025.05.30 04:09,63.08,63.08,63.06,63.06,6,0,0
2025.05.30 04:10,63.05,63.06,63.05,63.05,7,0,0
2025.05.30 04:11,63.06,63.06,63.02,63.02,9,0,0
2025.05.30 04:12,63.01,63.02,63.01,63.01,3,0,0
2025.05.30 04:13,63.0,63.01,62.99,63.0,5,0,0
2025.05.30 04:14,63.01,63.02,63.0,63.02,4,0,0
2025.05.30 04:15,63.03,63.04,63.03,63.04,2,0,0
2025.05.30 04:16,63.05,63.06,63.05,63.06,6,0,0
2025.05.30 04:17,63.07,63.08,63.07,63.08,2,0,0
2025.05.30 04:18,63.09,63.1,63.09,63.1,4,0,0
2025.05.30 04:19,63.11,63.11,63.1,63.1,2,0,0
2025.05.30 04:20,63.11,63.11,63.1,63.1,4,0,0
2025.05.30 04:21,63.11,63.11,63.09,63.09,3,0,0
2025.05.30 04:22,63.08,63.1,63.08,63.09,6,0,0
2025.05.30 04:23,63.08,63.09,63.08,63.09,2,0,0
2025.05.30 04:24,63.08,63.09,63.08,63.09,2,0,0
2025.05.30 04:25,63.1,63.1,63.08,63.09,4,0,0
2025.05.30 04:27,63.08,63.08,63.07,63.08,3,0,0
2025.05.30 04:29,63.07,63.07,63.07,63.07,1,0,0
2025.05.30 04:30,63.06,63.06,63.0,63.0,11,0,0
2025.05.30 04:31,63.01,63.02,63.0,63.02,8,0,0
2025.05.30 04:32,63.01,63.02,63.01,63.02,2,0,0
2025.05.30 04:33,63.03,63.03,63.02,63.03,11,0,0
2025.05.30 04:34,63.02,63.02,62.98,62.98,7,0,0
2025.05.30 04:35,62.99,63.0,62.97,62.98,14,0,0
2025.05.30 04:36,62.99,62.99,62.97,62.97,5,0,0
2025.05.30 04:37,62.96,62.98,62.96,62.98,5,0,0
2025.05.30 04:38,62.97,63.0,62.97,63.0,10,0,0
2025.05.30 04:39,63.01,63.02,63.01,63.01,5,0,0
2025.05.30 04:40,63.02,63.08,63.02,63.08,15,0,0
2025.05.30 04:41,63.07,63.08,63.07,63.07,7,0,0
2025.05.30 04:42,63.06,63.06,63.04,63.05,8,0,0
2025.05.30 04:43,63.04,63.06,63.04,63.06,11,0,0
2025.05.30 04:44,63.07,63.07,63.06,63.07,3,0,0
2025.05.30 04:45,63.08,63.08,63.06,63.06,3,0,0
2025.05.30 04:46,63.05,63.08,63.05,63.08,6,0,0
2025.05.30 04:47,63.1,63.11,63.08,63.08,9,0,0
2025.05.30 04:48,63.09,63.1,63.08,63.08,8,0,0
2025.05.30 04:49,63.07,63.08,63.06,63.06,8,0,0
2025.05.30 04:50,63.05,63.06,63.04,63.04,8,0,0
2025.05.30 04:51,63.05,63.05,63.04,63.05,3,0,0
2025.05.30 04:52,63.04,63.05,63.04,63.05,6,0,0
2025.05.30 04:53,63.04,63.04,63.01,63.02,11,0,0
2025.05.30 04:54,63.01,63.02,63.01,63.02,2,0,0
2025.05.30 04:55,63.01,63.03,63.0,63.01,11,0,0
2025.05.30 04:56,63.0,63.08,63.0,63.08,9,0,0
2025.05.30 04:57,63.07,63.08,63.06,63.07,7,0,0
2025.05.30 04:58,63.08,63.14,63.08,63.13,10,0,0
2025.05.30 04:59,63.12,63.12,63.09,63.09,6,0,0
2025.05.30 05:00,63.08,63.08,63.06,63.06,15,0,0
2025.05.30 05:01,63.07,63.07,63.06,63.06,4,0,0
2025.05.30 05:02,63.05,63.06,63.04,63.05,11,0,0
2025.05.30 05:03,63.06,63.06,63.05,63.05,2,0,0
2025.05.30 05:04,63.04,63.05,63.01,63.02,7,0,0
2025.05.30 05:05,63.03,63.05,63.03,63.04,4,0,0
2025.05.30 05:06,63.05,63.07,63.04,63.05,12,0,0
2025.05.30 05:07,63.06,63.06,63.03,63.04,7,0,0
2025.05.30 05:08,63.05,63.05,63.04,63.04,4,0,0
2025.05.30 05:09,63.05,63.06,63.05,63.05,5,0,0
2025.05.30 05:10,63.03,63.06,63.03,63.05,9,0,0
2025.05.30 05:11,63.06,63.08,63.04,63.05,10,0,0
2025.05.30 05:12,63.06,63.08,63.05,63.06,9,0,0
2025.05.30 05:13,63.05,63.05,63.04,63.04,2,0,0
2025.05.30 05:14,63.05,63.06,63.04,63.05,7,0,0
2025.05.30 05:15,63.06,63.06,63.05,63.05,2,0,0
2025.05.30 05:16,63.04,63.04,63.03,63.04,3,0,0
2025.05.30 05:17,63.03,63.04,63.01,63.01,9,0,0
2025.05.30 05:18,63.02,63.03,63.01,63.01,6,0,0
2025.05.30 05:19,63.02,63.05,63.02,63.03,15,0,0
2025.05.30 05:20,63.02,63.03,63.02,63.03,2,0,0
2025.05.30 05:21,63.02,63.03,63.02,63.02,3,0,0
2025.05.30 05:22,63.01,63.02,63.01,63.02,2,0,0
2025.05.30 05:23,63.01,63.03,63.01,63.03,3,0,0
2025.05.30 05:24,63.02,63.02,63.02,63.02,1,0,0
2025.05.30 05:25,63.01,63.01,62.99,63.0,10,0,0
2025.05.30 05:26,62.99,63.01,62.99,63.01,7,0,0
2025.05.30 05:27,63.0,63.01,62.99,63.0,5,0,0
2025.05.30 05:28,62.99,63.0,62.98,62.99,10,0,0
2025.05.30 05:29,62.98,63.0,62.98,62.99,8,0,0
2025.05.30 05:30,63.0,63.0,62.98,62.98,5,0,0
2025.05.30 05:31,62.99,63.03,62.99,63.03,5,0,0
2025.05.30 05:32,63.04,63.04,63.02,63.02,3,0,0
2025.05.30 05:33,63.03,63.04,63.03,63.04,2,0,0
2025.05.30 05:34,63.03,63.04,63.03,63.04,6,0,0
2025.05.30 05:35,63.03,63.03,63.03,63.03,1,0,0
2025.05.30 05:37,63.04,63.04,63.04,63.04,1,0,0
2025.05.30 05:38,63.02,63.02,63.02,63.02,1,0,0
2025.05.30 05:39,63.01,63.02,63.01,63.01,3,0,0
2025.05.30 05:40,63.0,63.01,63.0,63.01,2,0,0
2025.05.30 05:41,63.0,63.0,63.0,63.0,1,0,0
2025.05.30 05:42,63.01,63.01,62.98,62.98,4,0,0
2025.05.30 05:43,62.99,62.99,62.99,62.99,1,0,0
2025.05.30 05:44,62.98,62.99,62.98,62.98,3,0,0
2025.05.30 05:45,62.99,62.99,62.99,62.99,1,0,0
2025.05.30 05:46,62.98,62.98,62.97,62.97,6,0,0
2025.05.30 05:47,62.98,62.98,62.98,62.98,1,0,0
2025.05.30 05:48,62.97,62.99,62.97,62.98,4,0,0
2025.05.30 05:49,62.99,62.99,62.98,62.98,4,0,0
2025.05.30 05:51,62.99,63.0,62.99,63.0,2,0,0
2025.05.30 05:52,63.01,63.02,63.01,63.02,4,0,0
2025.05.30 05:53,63.01,63.02,63.01,63.02,2,0,0
2025.05.30 05:54,63.01,63.03,63.01,63.03,3,0,0
2025.05.30 05:56,63.04,63.04,63.04,63.04,1,0,0
2025.05.30 05:58,63.05,63.05,63.03,63.03,3,0,0
2025.05.30 05:59,63.05,63.05,63.05,63.05,1,0,0
2025.05.30 06:00,63.04,63.04,63.03,63.04,3,0,0
2025.05.30 06:01,63.03,63.03,63.02,63.02,2,0,0
2025.05.30 06:02,63.01,63.03,63.01,63.03,4,0,0
2025.05.30 06:03,63.04,63.04,63.04,63.04,1,0,0
2025.05.30 06:04,63.03,63.03,63.03,63.03,1,0,0
2025.05.30 06:05,63.04,63.05,63.04,63.04,3,0,0
2025.05.30 06:06,63.05,63.05,63.05,63.05,1,0,0
2025.05.30 06:07,63.04,63.04,63.04,63.04,1,0,0
2025.05.30 06:08,63.03,63.03,63.03,63.03,1,0,0
2025.05.30 06:09,63.04,63.04,63.04,63.04,1,0,0
2025.05.30 06:10,63.05,63.05,63.04,63.04,2,0,0
2025.05.30 06:11,63.05,63.05,63.05,63.05,1,0,0
2025.05.30 06:12,63.06,63.08,63.06,63.07,4,0,0
2025.05.30 06:13,63.08,63.09,63.08,63.08,3,0,0
2025.05.30 06:14,63.07,63.07,63.05,63.05,10,0,0
2025.05.30 06:15,63.04,63.06,63.04,63.06,3,0,0
2025.05.30 06:16,63.05,63.06,63.04,63.04,3,0,0
2025.05.30 06:17,63.03,63.03,63.03,63.03,1,0,0
2025.05.30 06:18,63.04,63.04,63.01,63.01,7,0,0
2025.05.30 06:19,63.01,63.02,63.01,63.01,7,0,0
2025.05.30 06:20,63.02,63.02,63.01,63.01,2,0,0
2025.05.30 06:21,63.02,63.03,63.02,63.03,2,0,0
2025.05.30 06:23,63.02,63.03,63.02,63.03,2,0,0
2025.05.30 06:24,63.02,63.03,63.02,63.03,2,0,0
2025.05.30 06:25,63.02,63.02,63.02,63.02,1,0,0
2025.05.30 06:26,63.03,63.03,63.03,63.03,1,0,0
2025.05.30 06:27,63.02,63.03,63.02,63.03,4,0,0
2025.05.30 06:29,63.02,63.03,63.02,63.02,3,0,0
2025.05.30 06:30,63.03,63.05,63.03,63.04,6,0,0
2025.05.30 06:31,63.05,63.05,63.04,63.04,2,0,0
2025.05.30 06:33,63.05,63.05,63.04,63.05,3,0,0
2025.05.30 06:34,63.04,63.05,63.04,63.05,2,0,0
2025.05.30 06:36,63.04,63.04,63.04,63.04,1,0,0
2025.05.30 06:37,63.03,63.03,63.01,63.02,3,0,0
2025.05.30 06:38,63.01,63.01,63.01,63.01,1,0,0
2025.05.30 06:39,63.02,63.02,63.01,63.01,4,0,0
2025.05.30 06:40,63.02,63.02,63.02,63.02,1,0,0
2025.05.30 06:41,63.01,63.02,63.01,63.02,6,0,0
2025.05.30 06:42,63.01,63.02,63.01,63.02,2,0,0
2025.05.30 06:43,63.01,63.02,63.01,63.02,2,0,0
2025.05.30 06:44,63.03,63.03,63.02,63.02,2,0,0
2025.05.30 06:48,63.03,63.03,63.02,63.03,3,0,0
2025.05.30 06:49,63.02,63.02,63.02,63.02,1,0,0
2025.05.30 06:50,63.03,63.03,63.03,63.03,1,0,0
2025.05.30 06:52,63.02,63.02,63.01,63.01,2,0,0
2025.05.30 06:53,63.02,63.02,63.01,63.01,2,0,0
2025.05.30 06:55,63.02,63.02,63.01,63.02,3,0,0
2025.05.30 06:56,63.01,63.04,63.01,63.04,4,0,0
2025.05.30 06:57,63.05,63.06,63.05,63.06,4,0,0
2025.05.30 06:58,63.05,63.11,63.05,63.1,9,0,0
2025.05.30 06:59,63.11,63.11,63.09,63.11,9,0,0
2025.05.30 07:00,63.1,63.14,63.1,63.14,16,0,0
2025.05.30 07:01,63.13,63.14,63.12,63.12,12,0,0
2025.05.30 07:02,63.13,63.17,63.13,63.16,10,0,0
2025.05.30 07:03,63.17,63.17,63.16,63.17,3,0,0
2025.05.30 07:05,63.16,63.16,63.15,63.15,2,0,0
2025.05.30 07:06,63.16,63.16,63.15,63.15,4,0,0
2025.05.30 07:07,63.16,63.16,63.15,63.16,7,0,0
2025.05.30 07:09,63.15,63.17,63.13,63.14,8,0,0
2025.05.30 07:10,63.13,63.14,63.13,63.14,6,0,0
2025.05.30 07:11,63.15,63.15,63.14,63.14,2,0,0
2025.05.30 07:12,63.13,63.16,63.13,63.15,5,0,0
2025.05.30 07:13,63.16,63.16,63.14,63.14,5,0,0
2025.05.30 07:14,63.15,63.15,63.14,63.14,4,0,0
2025.05.30 07:15,63.15,63.15,63.13,63.13,3,0,0
2025.05.30 07:16,63.12,63.12,63.1,63.11,5,0,0
2025.05.30 07:17,63.1,63.11,63.1,63.1,3,0,0
2025.05.30 07:18,63.11,63.13,63.11,63.13,5,0,0
2025.05.30 07:19,63.14,63.14,63.11,63.12,5,0,0
2025.05.30 07:20,63.13,63.13,63.12,63.13,3,0,0
2025.05.30 07:21,63.12,63.13,63.12,63.13,4,0,0
2025.05.30 07:22,63.14,63.14,63.13,63.14,5,0,0
2025.05.30 07:23,63.13,63.14,63.13,63.14,2,0,0
2025.05.30 07:24,63.13,63.14,63.13,63.14,4,0,0
2025.05.30 07:25,63.13,63.14,63.13,63.13,5,0,0
2025.05.30 07:26,63.14,63.14,63.13,63.14,7,0,0
2025.05.30 07:27,63.15,63.15,63.15,63.15,1,0,0
2025.05.30 07:28,63.14,63.15,63.14,63.15,2,0,0
2025.05.30 07:30,63.14,63.14,63.12,63.12,7,0,0
2025.05.30 07:31,63.13,63.13,63.12,63.13,5,0,0
2025.05.30 07:32,63.12,63.14,63.12,63.13,10,0,0
2025.05.30 07:33,63.14,63.17,63.14,63.17,7,0,0
2025.05.30 07:34,63.18,63.18,63.15,63.15,4,0,0
2025.05.30 07:35,63.16,63.16,63.13,63.13,10,0,0
2025.05.30 07:36,63.14,63.14,63.13,63.13,6,0,0
2025.05.30 07:37,63.14,63.15,63.14,63.15,2,0,0
2025.05.30 07:38,63.16,63.17,63.16,63.17,2,0,0
2025.05.30 07:39,63.18,63.18,63.17,63.17,2,0,0
2025.05.30 07:40,63.18,63.2,63.18,63.18,6,0,0
2025.05.30 07:41,63.19,63.19,63.17,63.17,5,0,0
2025.05.30 07:42,63.16,63.18,63.16,63.17,6,0,0
2025.05.30 07:43,63.16,63.17,63.16,63.17,8,0,0
2025.05.30 07:44,63.19,63.2,63.18,63.19,9,0,0
2025.05.30 07:45,63.2,63.2,63.17,63.17,4,0,0
2025.05.30 07:46,63.18,63.18,63.16,63.16,7,0,0
2025.05.30 07:47,63.17,63.17,63.17,63.17,1,0,0
2025.05.30 07:48,63.16,63.17,63.15,63.17,6,0,0
2025.05.30 07:49,63.16,63.18,63.16,63.17,8,0,0
2025.05.30 07:50,63.18,63.19,63.17,63.19,4,0,0
2025.05.30 07:51,63.18,63.18,63.16,63.17,6,0,0
2025.05.30 07:52,63.16,63.16,63.15,63.16,11,0,0
2025.05.30 07:53,63.15,63.16,63.15,63.15,3,0,0
2025.05.30 07:54,63.16,63.16,63.15,63.16,11,0,0
2025.05.30 07:55,63.15,63.16,63.15,63.15,5,0,0
2025.05.30 07:56,63.14,63.15,63.13,63.13,4,0,0
2025.05.30 07:57,63.14,63.14,63.12,63.12,5,0,0
2025.05.30 07:58,63.13,63.14,63.13,63.14,2,0,0
2025.05.30 07:59,63.13,63.15,63.13,63.15,5,0,0
2025.05.30 08:00,63.16,63.16,63.11,63.11,10,0,0
2025.05.30 08:01,63.12,63.12,63.06,63.06,25,0,0
2025.05.30 08:02,63.05,63.07,63.02,63.02,26,0,0
2025.05.30 08:03,63.02,63.03,62.97,62.98,27,0,0
2025.05.30 08:04,62.97,62.99,62.97,62.99,21,0,0
2025.05.30 08:05,62.99,63.04,62.98,62.98,23,0,0
2025.05.30 08:06,62.98,62.99,62.96,62.96,29,0,0
2025.05.30 08:07,62.97,62.99,62.97,62.99,16,0,0
2025.05.30 08:08,62.99,63.02,62.99,62.99,16,0,0
2025.05.30 08:09,62.99,63.02,62.99,63.0,13,0,0
2025.05.30 08:10,63.0,63.04,63.0,63.04,25,0,0
2025.05.30 08:11,63.04,63.09,63.04,63.09,14,0,0
2025.05.30 08:12,63.09,63.1,63.08,63.08,11,0,0
2025.05.30 08:13,63.09,63.09,63.06,63.06,5,0,0
2025.05.30 08:14,63.07,63.09,63.07,63.09,8,0,0
2025.05.30 08:15,63.09,63.09,63.06,63.07,12,0,0
2025.05.30 08:16,63.07,63.08,63.06,63.07,8,0,0
2025.05.30 08:17,63.06,63.06,63.05,63.05,2,0,0
2025.05.30 08:18,63.04,63.05,63.04,63.04,7,0,0
2025.05.30 08:19,63.05,63.05,63.04,63.05,9,0,0
2025.05.30 08:20,63.05,63.07,63.05,63.07,12,0,0
2025.05.30 08:21,63.07,63.09,63.07,63.09,15,0,0
2025.05.30 08:22,63.08,63.11,63.07,63.11,17,0,0
2025.05.30 08:23,63.11,63.13,63.11,63.12,7,0,0
2025.05.30 08:24,63.13,63.15,63.12,63.13,15,0,0
2025.05.30 08:25,63.13,63.13,63.1,63.1,17,0,0
2025.05.30 08:26,63.1,63.12,63.1,63.1,10,0,0
2025.05.30 08:27,63.11,63.11,63.09,63.09,3,0,0
2025.05.30 08:28,63.1,63.11,63.08,63.09,13,0,0
2025.05.30 08:29,63.1,63.11,63.09,63.09,10,0,0
2025.05.30 08:30,63.08,63.09,63.06,63.08,19,0,0
2025.05.30 08:31,63.07,63.09,63.06,63.09,8,0,0
2025.05.30 08:32,63.1,63.1,63.08,63.08,6,0,0
2025.05.30 08:33,63.09,63.11,63.09,63.1,14,0,0
2025.05.30 08:34,63.09,63.1,63.08,63.09,13,0,0
2025.05.30 08:35,63.08,63.11,63.07,63.1,15,0,0
2025.05.30 08:36,63.1,63.12,63.09,63.11,17,0,0
2025.05.30 08:37,63.11,63.11,63.1,63.1,10,0,0
2025.05.30 08:38,63.11,63.15,63.09,63.15,21,0,0
2025.05.30 08:39,63.14,63.15,63.13,63.13,19,0,0
2025.05.30 08:40,63.12,63.13,63.11,63.13,16,0,0
2025.05.30 08:41,63.12,63.12,63.11,63.12,19,0,0
2025.05.30 08:42,63.12,63.12,63.1,63.12,9,0,0
2025.05.30 08:43,63.12,63.14,63.12,63.14,5,0,0
2025.05.30 08:44,63.13,63.13,63.12,63.12,11,0,0
2025.05.30 08:45,63.13,63.13,63.07,63.09,14,0,0
2025.05.30 08:46,63.09,63.12,63.09,63.11,8,0,0
2025.05.30 08:47,63.1,63.1,63.08,63.08,12,0,0
2025.05.30 08:48,63.06,63.07,63.05,63.06,7,0,0
2025.05.30 08:49,63.06,63.06,63.05,63.06,7,0,0
2025.05.30 08:50,63.06,63.07,63.04,63.05,16,0,0
2025.05.30 08:51,63.06,63.07,63.06,63.06,7,0,0
2025.05.30 08:52,63.07,63.08,63.06,63.08,10,0,0
2025.05.30 08:53,63.07,63.09,63.07,63.08,14,0,0
2025.05.30 08:54,63.08,63.09,63.08,63.08,17,0,0
2025.05.30 08:55,63.07,63.08,63.07,63.08,10,0,0
2025.05.30 08:56,63.08,63.09,63.06,63.06,22,0,0
2025.05.30 08:57,63.07,63.07,63.06,63.07,18,0,0
2025.05.30 08:58,63.08,63.08,63.07,63.07,6,0,0
2025.05.30 08:59,63.08,63.09,63.06,63.06,21,0,0
2025.05.30 09:00,63.05,63.1,63.04,63.09,29,0,0
2025.05.30 09:01,63.09,63.15,63.09,63.12,26,0,0
2025.05.30 09:02,63.12,63.15,63.11,63.15,16,0,0
2025.05.30 09:03,63.14,63.14,63.09,63.11,10,0,0
2025.05.30 09:04,63.11,63.12,63.08,63.09,19,0,0
2025.05.30 09:05,63.09,63.09,63.06,63.06,11,0,0
2025.05.30 09:06,63.07,63.07,63.04,63.06,12,0,0
2025.05.30 09:07,63.07,63.08,63.02,63.03,19,0,0
2025.05.30 09:08,63.03,63.04,63.0,63.01,16,0,0
2025.05.30 09:09,63.0,63.01,62.98,63.0,21,0,0
2025.05.30 09:10,62.99,63.04,62.99,63.04,14,0,0
2025.05.30 09:11,63.04,63.07,63.04,63.07,27,0,0
2025.05.30 09:12,63.08,63.12,63.08,63.09,21,0,0
2025.05.30 09:13,63.09,63.1,63.07,63.1,17,0,0
2025.05.30 09:14,63.09,63.13,63.09,63.13,17,0,0
2025.05.30 09:15,63.14,63.17,63.13,63.13,26,0,0
2025.05.30 09:16,63.14,63.16,63.13,63.13,17,0,0
2025.05.30 09:17,63.15,63.17,63.15,63.17,13,0,0
2025.05.30 09:18,63.16,63.2,63.16,63.19,19,0,0
2025.05.30 09:19,63.19,63.2,63.16,63.17,29,0,0
2025.05.30 09:20,63.16,63.2,63.16,63.18,19,0,0
2025.05.30 09:21,63.19,63.26,63.19,63.26,17,0,0
2025.05.30 09:22,63.25,63.26,63.24,63.25,7,0,0
2025.05.30 09:23,63.24,63.28,63.23,63.28,12,0,0
2025.05.30 09:24,63.27,63.27,63.26,63.27,3,0,0
2025.05.30 09:25,63.26,63.27,63.25,63.26,10,0,0
2025.05.30 09:26,63.26,63.26,63.23,63.23,7,0,0
2025.05.30 09:27,63.24,63.26,63.23,63.25,7,0,0
2025.05.30 09:28,63.25,63.27,63.25,63.27,3,0,0
2025.05.30 09:29,63.28,63.28,63.27,63.28,8,0,0
2025.05.30 09:30,63.29,63.32,63.29,63.31,9,0,0
2025.05.30 09:31,63.32,63.38,63.32,63.38,29,0,0
2025.05.30 09:32,63.37,63.44,63.37,63.43,30,0,0
2025.05.30 09:33,63.42,63.46,63.41,63.43,36,0,0
2025.05.30 09:34,63.42,63.45,63.42,63.43,15,0,0
2025.05.30 09:35,63.42,63.45,63.41,63.42,40,0,0
2025.05.30 09:36,63.42,63.45,63.4,63.42,23,0,0
2025.05.30 09:37,63.43,63.46,63.42,63.45,22,0,0
2025.05.30 09:38,63.45,63.47,63.45,63.47,7,0,0
2025.05.30 09:39,63.47,63.49,63.47,63.48,16,0,0
2025.05.30 09:40,63.48,63.51,63.48,63.48,12,0,0
2025.05.30 09:41,63.49,63.49,63.4,63.41,26,0,0
2025.05.30 09:42,63.4,63.46,63.4,63.43,29,0,0
2025.05.30 09:43,63.42,63.45,63.42,63.44,16,0,0
2025.05.30 09:44,63.44,63.45,63.44,63.45,7,0,0
2025.05.30 09:45,63.45,63.49,63.45,63.46,15,0,0
2025.05.30 09:46,63.46,63.5,63.46,63.5,13,0,0
2025.05.30 09:47,63.49,63.5,63.47,63.49,23,0,0
2025.05.30 09:48,63.5,63.5,63.49,63.5,10,0,0
2025.05.30 09:49,63.49,63.5,63.49,63.49,3,0,0
2025.05.30 09:50,63.49,63.49,63.47,63.49,12,0,0
2025.05.30 09:51,63.51,63.52,63.49,63.51,28,0,0
2025.05.30 09:52,63.5,63.51,63.49,63.49,17,0,0
2025.05.30 09:53,63.49,63.5,63.48,63.5,15,0,0
2025.05.30 09:54,63.49,63.5,63.46,63.47,13,0,0
2025.05.30 09:55,63.46,63.48,63.46,63.46,19,0,0
2025.05.30 09:56,63.45,63.46,63.45,63.45,20,0,0
2025.05.30 09:57,63.44,63.46,63.44,63.44,14,0,0
2025.05.30 09:58,63.44,63.45,63.42,63.42,10,0,0
2025.05.30 09:59,63.41,63.42,63.4,63.42,17,0,0
2025.05.30 10:00,63.42,63.48,63.41,63.44,49,0,0
2025.05.30 10:01,63.45,63.47,63.39,63.4,20,0,0
2025.05.30 10:02,63.4,63.47,63.39,63.47,29,0,0
2025.05.30 10:03,63.47,63.48,63.44,63.46,25,0,0
2025.05.30 10:04,63.47,63.48,63.44,63.44,17,0,0
2025.05.30 10:05,63.45,63.46,63.41,63.41,23,0,0
2025.05.30 10:06,63.42,63.43,63.41,63.42,23,0,0
2025.05.30 10:07,63.41,63.48,63.41,63.46,19,0,0
2025.05.30 10:08,63.47,63.48,63.42,63.47,21,0,0
2025.05.30 10:09,63.47,63.48,63.47,63.47,12,0,0
2025.05.30 10:10,63.47,63.48,63.47,63.48,4,0,0
2025.05.30 10:11,63.48,63.48,63.47,63.47,4,0,0
2025.05.30 10:12,63.48,63.48,63.45,63.45,11,0,0
2025.05.30 10:13,63.45,63.48,63.45,63.48,13,0,0
2025.05.30 10:14,63.49,63.53,63.49,63.52,16,0,0
2025.05.30 10:15,63.52,63.53,63.5,63.52,22,0,0
2025.05.30 10:16,63.51,63.54,63.49,63.53,22,0,0
2025.05.30 10:17,63.54,63.56,63.52,63.54,25,0,0
2025.05.30 10:18,63.53,63.54,63.5,63.52,28,0,0
2025.05.30 10:19,63.54,63.57,63.53,63.54,22,0,0
2025.05.30 10:20,63.55,63.57,63.53,63.54,17,0,0
2025.05.30 10:21,63.53,63.55,63.51,63.51,16,0,0
2025.05.30 10:22,63.51,63.52,63.47,63.48,19,0,0
2025.05.30 10:23,63.49,63.5,63.49,63.5,13,0,0
2025.05.30 10:24,63.5,63.5,63.46,63.46,20,0,0
2025.05.30 10:25,63.46,63.47,63.44,63.47,18,0,0
2025.05.30 10:26,63.48,63.5,63.47,63.47,19,0,0
2025.05.30 10:27,63.47,63.5,63.45,63.45,21,0,0
2025.05.30 10:28,63.45,63.47,63.44,63.46,31,0,0
2025.05.30 10:29,63.46,63.62,63.46,63.58,85,0,0
2025.05.30 10:30,63.6,63.6,63.49,63.57,60,0,0
2025.05.30 10:31,63.54,63.6,63.54,63.58,12,0,0
2025.05.30 10:32,63.57,63.63,63.57,63.62,28,0,0
2025.05.30 10:33,63.62,63.64,63.61,63.63,14,0,0
2025.05.30 10:34,63.63,63.65,63.63,63.64,17,0,0
2025.05.30 10:35,63.65,63.67,63.64,63.65,20,0,0
2025.05.30 10:36,63.66,63.67,63.63,63.64,22,0,0
2025.05.30 10:37,63.64,63.65,63.62,63.64,12,0,0
2025.05.30 10:38,63.63,63.63,63.59,63.62,15,0,0
2025.05.30 10:39,63.61,63.63,63.61,63.63,7,0,0
2025.05.30 10:40,63.63,63.63,63.6,63.62,5,0,0
2025.05.30 10:41,63.61,63.61,63.6,63.61,7,0,0
2025.05.30 10:42,63.62,63.62,63.56,63.57,18,0,0
2025.05.30 10:43,63.57,63.57,63.51,63.52,17,0,0
2025.05.30 10:44,63.52,63.52,63.46,63.48,18,0,0
2025.05.30 10:45,63.48,63.53,63.46,63.53,13,0,0
2025.05.30 10:46,63.52,63.6,63.52,63.6,24,0,0
2025.05.30 10:47,63.61,63.64,63.61,63.63,20,0,0
2025.05.30 10:48,63.64,63.64,63.62,63.62,18,0,0
2025.05.30 10:49,63.63,63.66,63.63,63.65,13,0,0
2025.05.30 10:50,63.64,63.64,63.62,63.64,15,0,0
2025.05.30 10:51,63.63,63.63,63.62,63.62,7,0,0
2025.05.30 10:52,63.63,63.63,63.61,63.63,10,0,0
2025.05.30 10:53,63.65,63.68,63.65,63.66,8,0,0
2025.05.30 10:54,63.65,63.65,63.63,63.63,11,0,0
2025.05.30 10:55,63.63,63.64,63.63,63.63,10,0,0
2025.05.30 10:56,63.62,63.65,63.62,63.65,13,0,0
2025.05.30 10:57,63.65,63.68,63.64,63.64,16,0,0
2025.05.30 10:58,63.65,63.67,63.65,63.66,15,0,0
2025.05.30 10:59,63.66,63.66,63.64,63.65,11,0,0
2025.05.30 11:00,63.64,63.67,63.63,63.67,16,0,0
2025.05.30 11:01,63.66,63.7,63.66,63.69,33,0,0
2025.05.30 11:02,63.68,63.69,63.68,63.68,8,0,0
2025.05.30 11:03,63.68,63.69,63.67,63.69,7,0,0
2025.05.30 11:04,63.68,63.7,63.68,63.7,7,0,0
2025.05.30 11:05,63.72,63.77,63.71,63.75,46,0,0
2025.05.30 11:06,63.76,63.76,63.71,63.71,20,0,0
2025.05.30 11:07,63.71,63.72,63.71,63.72,10,0,0
2025.05.30 11:08,63.73,63.76,63.73,63.75,16,0,0
2025.05.30 11:09,63.74,63.75,63.73,63.73,19,0,0
2025.05.30 11:10,63.73,63.73,63.71,63.71,13,0,0
2025.05.30 11:11,63.71,63.72,63.7,63.71,19,0,0
2025.05.30 11:12,63.72,63.73,63.71,63.73,10,0,0
2025.05.30 11:13,63.74,63.74,63.71,63.71,10,0,0
2025.05.30 11:14,63.72,63.73,63.72,63.72,12,0,0
2025.05.30 11:15,63.73,63.73,63.68,63.68,11,0,0
2025.05.30 11:16,63.68,63.7,63.68,63.69,19,0,0
2025.05.30 11:17,63.69,63.69,63.67,63.68,14,0,0
2025.05.30 11:18,63.68,63.71,63.68,63.71,4,0,0
2025.05.30 11:19,63.71,63.73,63.71,63.73,10,0,0
2025.05.30 11:20,63.73,63.75,63.73,63.74,11,0,0
2025.05.30 11:21,63.74,63.75,63.74,63.74,10,0,0
2025.05.30 11:22,63.76,63.76,63.75,63.76,5,0,0
2025.05.30 11:23,63.75,63.76,63.75,63.76,2,0,0
2025.05.30 11:24,63.75,63.76,63.75,63.75,9,0,0
2025.05.30 11:25,63.76,63.77,63.75,63.77,4,0,0
2025.05.30 11:26,63.76,63.76,63.72,63.72,3,0,0
2025.05.30 11:27,63.72,63.72,63.7,63.72,9,0,0
2025.05.30 11:28,63.71,63.72,63.7,63.71,10,0,0
2025.05.30 11:29,63.7,63.74,63.7,63.74,39,0,0
2025.05.30 11:30,63.74,63.74,63.66,63.67,25,0,0
2025.05.30 11:31,63.68,63.71,63.68,63.71,5,0,0
2025.05.30 11:32,63.7,63.7,63.68,63.7,8,0,0
2025.05.30 11:33,63.71,63.71,63.69,63.71,7,0,0
2025.05.30 11:34,63.7,63.71,63.69,63.7,8,0,0
2025.05.30 11:35,63.71,63.73,63.71,63.73,17,0,0
2025.05.30 11:36,63.72,63.72,63.71,63.71,6,0,0
2025.05.30 11:37,63.71,63.71,63.7,63.7,8,0,0
2025.05.30 11:38,63.69,63.7,63.68,63.69,14,0,0
2025.05.30 11:39,63.69,63.7,63.68,63.69,13,0,0
2025.05.30 11:40,63.7,63.7,63.69,63.7,6,0,0
2025.05.30 11:41,63.7,63.7,63.7,63.7,5,0,0
2025.05.30 11:42,63.7,63.7,63.68,63.69,11,0,0
2025.05.30 11:43,63.68,63.69,63.67,63.68,7,0,0
2025.05.30 11:44,63.68,63.69,63.67,63.68,13,0,0
2025.05.30 11:45,63.67,63.67,63.63,63.65,7,0,0
2025.05.30 11:46,63.66,63.67,63.61,63.61,14,0,0
2025.05.30 11:47,63.62,63.64,63.61,63.62,20,0,0
2025.05.30 11:48,63.63,63.64,63.63,63.64,14,0,0
2025.05.30 11:49,63.63,63.64,63.63,63.64,6,0,0
2025.05.30 11:50,63.64,63.64,63.63,63.63,6,0,0
2025.05.30 11:51,63.64,63.64,63.62,63.64,5,0,0
2025.05.30 11:52,63.64,63.65,63.61,63.62,9,0,0
2025.05.30 11:53,63.63,63.65,63.63,63.65,9,0,0
2025.05.30 11:54,63.64,63.68,63.63,63.68,17,0,0
2025.05.30 11:55,63.68,63.7,63.67,63.7,6,0,0
2025.05.30 11:56,63.69,63.69,63.67,63.67,11,0,0
2025.05.30 11:57,63.68,63.68,63.65,63.65,9,0,0
2025.05.30 11:58,63.64,63.65,63.64,63.65,4,0,0
2025.05.30 11:59,63.66,63.68,63.66,63.66,14,0,0
2025.05.30 12:00,63.66,63.71,63.66,63.69,24,0,0
2025.05.30 12:01,63.7,63.72,63.7,63.72,7,0,0
2025.05.30 12:02,63.71,63.71,63.68,63.68,12,0,0
2025.05.30 12:03,63.7,63.72,63.7,63.72,7,0,0
2025.05.30 12:04,63.71,63.72,63.7,63.72,9,0,0
2025.05.30 12:05,63.71,63.72,63.71,63.72,2,0,0
2025.05.30 12:06,63.71,63.73,63.71,63.73,3,0,0
2025.05.30 12:07,63.72,63.73,63.72,63.72,9,0,0
2025.05.30 12:08,63.72,63.73,63.72,63.72,12,0,0
2025.05.30 12:09,63.72,63.72,63.72,63.72,2,0,0
2025.05.30 12:10,63.73,63.74,63.73,63.74,2,0,0
2025.05.30 12:11,63.73,63.73,63.71,63.72,5,0,0
2025.05.30 12:12,63.73,63.73,63.71,63.72,6,0,0
2025.05.30 12:13,63.71,63.71,63.7,63.71,14,0,0
2025.05.30 12:14,63.71,63.74,63.71,63.74,13,0,0
2025.05.30 12:15,63.74,63.75,63.73,63.74,6,0,0
2025.05.30 12:16,63.74,63.76,63.74,63.75,5,0,0
2025.05.30 12:17,63.75,63.76,63.74,63.75,10,0,0
2025.05.30 12:18,63.76,63.77,63.76,63.77,5,0,0
2025.05.30 12:19,63.76,63.8,63.75,63.78,10,0,0
2025.05.30 12:20,63.79,63.79,63.77,63.77,3,0,0
2025.05.30 12:21,63.78,63.78,63.78,63.78,1,0,0
2025.05.30 12:22,63.77,63.78,63.76,63.77,12,0,0
2025.05.30 12:23,63.76,63.77,63.76,63.76,7,0,0
2025.05.30 12:24,63.77,63.79,63.76,63.78,9,0,0
2025.05.30 12:25,63.78,63.78,63.78,63.78,2,0,0
2025.05.30 12:26,63.79,63.79,63.76,63.77,4,0,0
2025.05.30 12:27,63.76,63.77,63.75,63.77,12,0,0
2025.05.30 12:28,63.76,63.78,63.76,63.78,8,0,0
2025.05.30 12:29,63.79,63.8,63.78,63.78,8,0,0
2025.05.30 12:30,63.78,63.78,63.77,63.77,4,0,0
2025.05.30 12:31,63.78,63.78,63.78,63.78,6,0,0
2025.05.30 12:32,63.78,63.79,63.78,63.78,13,0,0
2025.05.30 12:33,63.77,63.78,63.77,63.78,10,0,0
2025.05.30 12:35,63.77,63.77,63.76,63.76,2,0,0
2025.05.30 12:36,63.77,63.77,63.76,63.76,2,0,0
2025.05.30 12:37,63.77,63.79,63.77,63.78,3,0,0
2025.05.30 12:38,63.78,63.78,63.78,63.78,1,0,0
2025.05.30 12:39,63.76,63.77,63.76,63.77,4,0,0
2025.05.30 12:40,63.76,63.78,63.76,63.78,4,0,0
2025.05.30 12:41,63.77,63.78,63.77,63.77,3,0,0
2025.05.30 12:42,63.77,63.77,63.76,63.77,5,0,0
2025.05.30 12:43,63.77,63.79,63.77,63.78,10,0,0
2025.05.30 12:44,63.79,63.79,63.79,63.79,1,0,0
2025.05.30 12:45,63.78,63.79,63.74,63.75,12,0,0
2025.05.30 12:46,63.74,63.77,63.74,63.77,10,0,0
2025.05.30 12:47,63.78,63.78,63.77,63.77,10,0,0
2025.05.30 12:48,63.77,63.78,63.77,63.78,7,0,0
2025.05.30 12:49,63.78,63.78,63.78,63.78,1,0,0
2025.05.30 12:50,63.77,63.78,63.77,63.78,2,0,0
2025.05.30 12:51,63.78,63.82,63.78,63.81,5,0,0
2025.05.30 12:52,63.8,63.83,63.8,63.83,11,0,0
2025.05.30 12:53,63.82,63.84,63.82,63.83,19,0,0
2025.05.30 12:54,63.84,63.88,63.83,63.86,24,0,0
2025.05.30 12:55,63.85,63.86,63.84,63.85,8,0,0
2025.05.30 12:56,63.87,63.87,63.85,63.87,10,0,0
2025.05.30 12:57,63.88,63.88,63.82,63.82,14,0,0
2025.05.30 12:58,63.81,63.88,63.81,63.87,23,0,0
2025.05.30 12:59,63.88,63.88,63.86,63.87,7,0,0
2025.05.30 13:00,63.86,63.89,63.86,63.86,10,0,0
2025.05.30 13:01,63.86,63.91,63.85,63.91,18,0,0
2025.05.30 13:02,63.91,63.92,63.91,63.92,7,0,0
2025.05.30 13:03,63.92,63.93,63.92,63.93,8,0,0
2025.05.30 13:04,63.92,63.92,63.91,63.92,5,0,0
2025.05.30 13:05,63.91,63.93,63.91,63.92,7,0,0
2025.05.30 13:06,63.93,63.93,63.92,63.93,13,0,0
2025.05.30 13:07,63.94,63.94,63.92,63.93,14,0,0
2025.05.30 13:08,63.94,63.95,63.94,63.95,6,0,0
2025.05.30 13:09,63.95,63.96,63.95,63.96,8,0,0
2025.05.30 13:10,63.95,63.97,63.95,63.97,8,0,0
2025.05.30 13:11,63.97,63.98,63.97,63.97,4,0,0
2025.05.30 13:12,63.96,63.97,63.96,63.97,8,0,0
2025.05.30 13:13,63.97,63.98,63.97,63.97,6,0,0
2025.05.30 13:14,63.97,63.97,63.97,63.97,8,0,0
2025.05.30 13:15,63.97,63.98,63.97,63.98,2,0,0
2025.05.30 13:16,63.97,63.97,63.96,63.96,6,0,0
2025.05.30 13:17,63.97,63.97,63.94,63.94,10,0,0
2025.05.30 13:18,63.95,63.97,63.94,63.97,10,0,0
2025.05.30 13:19,63.96,63.97,63.96,63.97,21,0,0
2025.05.30 13:20,63.98,63.98,63.97,63.98,6,0,0
2025.05.30 13:21,63.98,63.98,63.96,63.96,9,0,0
2025.05.30 13:22,63.98,64.0,63.98,64.0,9,0,0
2025.05.30 13:23,63.99,64.01,63.99,64.01,3,0,0
2025.05.30 13:24,64.02,64.03,64.02,64.03,6,0,0
2025.05.30 13:25,64.02,64.02,64.02,64.02,2,0,0
2025.05.30 13:26,64.03,64.04,64.03,64.03,6,0,0
2025.05.30 13:27,64.02,64.02,64.02,64.02,3,0,0
2025.05.30 13:28,64.02,64.04,64.02,64.04,4,0,0
2025.05.30 13:29,64.05,64.05,64.04,64.05,22,0,0
2025.05.30 13:30,64.06,64.06,64.04,64.05,11,0,0
2025.05.30 13:31,64.06,64.07,64.05,64.06,15,0,0
2025.05.30 13:32,64.05,64.05,64.03,64.04,12,0,0
2025.05.30 13:33,64.03,64.05,64.03,64.03,11,0,0
2025.05.30 13:34,64.01,64.01,63.99,63.99,14,0,0
2025.05.30 13:35,64.0,64.0,63.98,63.99,10,0,0
2025.05.30 13:36,63.98,63.98,63.95,63.95,14,0,0
2025.05.30 13:37,63.96,63.97,63.96,63.97,14,0,0
2025.05.30 13:38,63.96,64.0,63.96,63.99,14,0,0
2025.05.30 13:39,64.0,64.0,63.98,63.99,15,0,0
2025.05.30 13:40,63.98,63.98,63.94,63.94,13,0,0
2025.05.30 13:41,63.93,63.95,63.93,63.94,8,0,0
2025.05.30 13:42,63.95,63.95,63.92,63.93,11,0,0
2025.05.30 13:43,63.94,63.97,63.93,63.97,11,0,0
2025.05.30 13:44,63.98,63.98,63.95,63.96,8,0,0
2025.05.30 13:45,63.97,63.98,63.96,63.96,13,0,0
2025.05.30 13:46,63.95,63.96,63.94,63.94,11,0,0
2025.05.30 13:47,63.94,63.96,63.94,63.96,7,0,0
2025.05.30 13:48,63.95,63.98,63.95,63.98,5,0,0
2025.05.30 13:49,63.98,63.98,63.98,63.98,1,0,0
2025.05.30 13:50,63.99,63.99,63.95,63.95,12,0,0
2025.05.30 13:51,63.95,63.96,63.9,63.9,13,0,0
2025.05.30 13:52,63.91,63.93,63.9,63.93,7,0,0
2025.05.30 13:53,63.92,63.92,63.92,63.92,1,0,0
2025.05.30 13:54,63.92,63.94,63.92,63.94,5,0,0
2025.05.30 13:55,63.94,63.95,63.94,63.95,9,0,0
2025.05.30 13:56,63.96,63.96,63.3,63.34,93,0,0
2025.05.30 13:57,63.4,63.43,63.12,63.21,202,0,0
2025.05.30 13:58,63.2,63.28,63.18,63.24,109,0,0
2025.05.30 13:59,63.25,63.43,63.25,63.31,107,0,0
2025.05.30 14:00,63.3,63.37,63.26,63.3,85,0,0
2025.05.30 14:01,63.29,63.29,63.12,63.16,96,0,0
2025.05.30 14:02,63.16,63.22,63.09,63.09,88,0,0
2025.05.30 14:03,63.1,63.11,63.0,63.04,96,0,0
2025.05.30 14:04,63.03,63.13,63.03,63.09,66,0,0
2025.05.30 14:05,63.1,63.14,63.04,63.04,57,0,0
2025.05.30 14:06,63.03,63.1,63.01,63.01,70,0,0
2025.05.30 14:07,63.02,63.08,63.0,63.08,59,0,0
2025.05.30 14:08,63.06,63.07,62.88,62.88,60,0,0
2025.05.30 14:09,62.89,62.93,62.64,62.74,183,0,0
2025.05.30 14:10,62.74,62.78,62.56,62.74,165,0,0
2025.05.30 14:11,62.74,62.77,62.56,62.69,132,0,0
2025.05.30 14:12,62.69,62.69,62.52,62.52,105,0,0
2025.05.30 14:13,62.53,62.64,62.53,62.62,83,0,0
2025.05.30 14:14,62.62,62.67,62.59,62.6,74,0,0
2025.05.30 14:15,62.61,62.67,62.58,62.67,75,0,0
2025.05.30 14:16,62.68,62.71,62.64,62.66,72,0,0
2025.05.30 14:17,62.66,62.8,62.65,62.78,82,0,0
2025.05.30 14:18,62.79,62.87,62.77,62.87,69,0,0
2025.05.30 14:19,62.86,62.87,62.77,62.77,68,0,0
2025.05.30 14:20,62.78,62.79,62.72,62.72,37,0,0
2025.05.30 14:21,62.71,62.85,62.71,62.85,57,0,0
2025.05.30 14:22,62.86,62.94,62.84,62.91,52,0,0
2025.05.30 14:23,62.91,62.94,62.84,62.84,45,0,0
2025.05.30 14:24,62.84,62.84,62.76,62.76,29,0,0
2025.05.30 14:25,62.77,62.82,62.76,62.78,54,0,0
2025.05.30 14:26,62.79,62.79,62.73,62.75,35,0,0
2025.05.30 14:27,62.74,62.84,62.74,62.84,30,0,0
2025.05.30 14:28,62.84,62.84,62.75,62.77,25,0,0
2025.05.30 14:29,62.75,62.78,62.75,62.76,34,0,0
2025.05.30 14:30,62.77,62.83,62.77,62.8,32,0,0
2025.05.30 14:31,62.78,62.79,62.75,62.78,30,0,0
2025.05.30 14:32,62.77,62.83,62.75,62.79,43,0,0
2025.05.30 14:33,62.78,62.89,62.78,62.85,35,0,0
2025.05.30 14:34,62.84,62.86,62.78,62.78,31,0,0
2025.05.30 14:35,62.78,62.8,62.73,62.74,46,0,0
2025.05.30 14:36,62.73,62.78,62.73,62.74,28,0,0
2025.05.30 14:37,62.74,62.78,62.74,62.75,30,0,0
2025.05.30 14:38,62.74,62.75,62.7,62.7,22,0,0
2025.05.30 14:39,62.7,62.72,62.67,62.69,27,0,0
2025.05.30 14:40,62.7,62.72,62.68,62.7,36,0,0
2025.05.30 14:41,62.72,62.73,62.69,62.69,18,0,0
2025.05.30 14:42,62.7,62.74,62.54,62.61,76,0,0
2025.05.30 14:43,62.6,62.61,62.52,62.54,81,0,0
2025.05.30 14:44,62.54,62.55,62.43,62.44,75,0,0
2025.05.30 14:45,62.46,62.49,62.45,62.47,42,0,0
2025.05.30 14:46,62.47,62.49,62.41,62.41,44,0,0
2025.05.30 14:47,62.42,62.42,62.38,62.39,45,0,0
2025.05.30 14:48,62.39,62.4,62.34,62.39,39,0,0
2025.05.30 14:49,62.39,62.49,62.39,62.49,38,0,0
2025.05.30 14:50,62.49,62.62,62.49,62.6,55,0,0
2025.05.30 14:51,62.6,62.61,62.58,62.59,48,0,0
2025.05.30 14:52,62.6,62.6,62.49,62.5,44,0,0
2025.05.30 14:53,62.49,62.52,62.48,62.49,33,0,0
2025.05.30 14:54,62.5,62.54,62.5,62.53,18,0,0
2025.05.30 14:55,62.54,62.59,62.52,62.57,27,0,0
2025.05.30 14:56,62.57,62.65,62.56,62.65,25,0,0
2025.05.30 14:57,62.64,62.7,62.64,62.64,55,0,0
2025.05.30 14:58,62.63,62.63,62.52,62.55,53,0,0
2025.05.30 14:59,62.54,62.59,62.53,62.56,37,0,0
2025.05.30 15:00,62.57,62.71,62.53,62.71,76,0,0
2025.05.30 15:01,62.73,62.89,62.73,62.87,103,0,0
2025.05.30 15:02,62.87,62.97,62.84,62.95,73,0,0
2025.05.30 15:03,62.95,63.03,62.86,63.0,76,0,0
2025.05.30 15:04,63.0,63.01,62.88,62.94,75,0,0
2025.05.30 15:05,62.95,63.13,62.94,63.1,72,0,0
2025.05.30 15:06,63.1,63.17,63.05,63.05,72,0,0
2025.05.30 15:07,63.05,63.05,62.94,62.99,65,0,0
2025.05.30 15:08,63.01,63.03,62.94,62.95,60,0,0
2025.05.30 15:09,62.96,62.96,62.86,62.91,50,0,0
2025.05.30 15:10,62.9,62.91,62.85,62.89,48,0,0
2025.05.30 15:11,62.88,62.93,62.87,62.92,43,0,0
2025.05.30 15:12,62.91,62.99,62.89,62.91,41,0,0
2025.05.30 15:13,62.9,62.96,62.88,62.93,33,0,0
2025.05.30 15:14,62.94,63.02,62.94,62.98,51,0,0
2025.05.30 15:15,62.95,63.02,62.95,63.02,41,0,0
2025.05.30 15:16,63.01,63.01,62.93,62.94,31,0,0
2025.05.30 15:17,62.95,62.95,62.87,62.9,42,0,0
2025.05.30 15:18,62.9,63.07,62.9,63.04,50,0,0
2025.05.30 15:19,63.05,63.07,63.04,63.04,49,0,0
2025.05.30 15:20,63.03,63.08,63.0,63.03,53,0,0
2025.05.30 15:21,63.02,63.05,63.0,63.0,43,0,0
2025.05.30 15:22,63.01,63.02,62.96,62.98,27,0,0
2025.05.30 15:23,62.97,63.05,62.97,63.03,48,0,0
2025.05.30 15:24,63.02,63.06,63.02,63.04,30,0,0
2025.05.30 15:25,63.04,63.08,63.02,63.02,43,0,0
2025.05.30 15:26,63.01,63.06,62.99,63.0,34,0,0
2025.05.30 15:27,63.0,63.04,62.97,63.0,52,0,0
2025.05.30 15:28,62.99,63.03,62.98,63.0,35,0,0
2025.05.30 15:29,63.01,63.02,62.99,63.0,46,0,0
2025.05.30 15:30,63.0,63.0,62.82,62.82,79,0,0
2025.05.30 15:31,62.82,62.86,62.79,62.79,75,0,0
2025.05.30 15:32,62.79,62.8,62.7,62.71,60,0,0
2025.05.30 15:33,62.71,62.73,62.68,62.71,46,0,0
2025.05.30 15:34,62.7,62.77,62.67,62.73,62,0,0
2025.05.30 15:35,62.73,62.74,62.63,62.68,69,0,0
2025.05.30 15:36,62.68,62.68,62.6,62.63,61,0,0
2025.05.30 15:37,62.63,62.64,62.58,62.59,43,0,0
2025.05.30 15:38,62.58,62.64,62.56,62.62,50,0,0
2025.05.30 15:39,62.62,62.68,62.62,62.65,51,0,0
2025.05.30 15:40,62.65,62.72,62.63,62.72,51,0,0
2025.05.30 15:41,62.71,62.74,62.67,62.73,33,0,0
2025.05.30 15:42,62.74,62.74,62.63,62.66,27,0,0
2025.05.30 15:43,62.66,62.71,62.63,62.7,46,0,0
2025.05.30 15:44,62.7,62.71,62.65,62.66,25,0,0
2025.05.30 15:45,62.65,62.7,62.63,62.7,39,0,0
2025.05.30 15:46,62.7,62.71,62.65,62.65,43,0,0
2025.05.30 15:47,62.64,62.64,62.57,62.58,66,0,0
2025.05.30 15:48,62.58,62.61,62.52,62.53,53,0,0
2025.05.30 15:49,62.53,62.53,62.49,62.5,57,0,0
2025.05.30 15:50,62.49,62.52,62.46,62.47,50,0,0
2025.05.30 15:51,62.46,62.49,62.45,62.46,51,0,0
2025.05.30 15:52,62.46,62.46,62.42,62.43,36,0,0
2025.05.30 15:53,62.42,62.49,62.42,62.49,52,0,0
2025.05.30 15:54,62.48,62.52,62.47,62.51,43,0,0
2025.05.30 15:55,62.51,62.52,62.42,62.43,42,0,0
2025.05.30 15:56,62.44,62.51,62.43,62.49,34,0,0
2025.05.30 15:57,62.49,62.5,62.43,62.44,29,0,0
2025.05.30 15:58,62.43,62.49,62.41,62.48,41,0,0
2025.05.30 15:59,62.47,62.53,62.47,62.51,24,0,0
2025.05.30 16:00,62.52,62.56,62.48,62.55,73,0,0
2025.05.30 16:01,62.54,62.55,62.42,62.45,61,0,0
2025.05.30 16:02,62.45,62.56,62.45,62.56,47,0,0
2025.05.30 16:03,62.55,62.61,62.55,62.59,69,0,0
2025.05.30 16:04,62.6,62.61,62.55,62.55,44,0,0
2025.05.30 16:05,62.54,62.68,62.54,62.64,65,0,0
2025.05.30 16:06,62.64,62.71,62.63,62.64,67,0,0
2025.05.30 16:07,62.63,62.72,62.61,62.7,50,0,0
2025.05.30 16:08,62.71,62.74,62.69,62.69,44,0,0
2025.05.30 16:09,62.7,62.73,62.67,62.68,43,0,0
2025.05.30 16:10,62.71,62.83,62.7,62.81,57,0,0
2025.05.30 16:11,62.82,62.88,62.72,62.73,59,0,0
2025.05.30 16:12,62.72,62.72,62.64,62.64,56,0,0
2025.05.30 16:13,62.64,62.64,62.51,62.52,32,0,0
2025.05.30 16:14,62.52,62.56,62.48,62.49,48,0,0
2025.05.30 16:15,62.48,62.5,62.43,62.44,39,0,0
2025.05.30 16:16,62.45,62.49,62.43,62.45,35,0,0
2025.05.30 16:17,62.46,62.48,62.45,62.45,29,0,0
2025.05.30 16:18,62.46,62.51,62.44,62.48,37,0,0
2025.05.30 16:19,62.48,62.51,62.48,62.48,32,0,0
2025.05.30 16:20,62.49,62.58,62.46,62.56,48,0,0
2025.05.30 16:21,62.56,62.57,62.53,62.55,43,0,0
2025.05.30 16:22,62.55,62.64,62.55,62.63,47,0,0
2025.05.30 16:23,62.64,62.68,62.61,62.66,43,0,0
2025.05.30 16:24,62.67,62.69,62.64,62.65,38,0,0
2025.05.30 16:25,62.63,62.69,62.62,62.68,35,0,0
2025.05.30 16:26,62.67,62.71,62.66,62.7,24,0,0
2025.05.30 16:27,62.71,62.77,62.68,62.75,37,0,0
2025.05.30 16:28,62.75,62.78,62.73,62.75,34,0,0
2025.05.30 16:29,62.75,62.77,62.72,62.76,23,0,0
2025.05.30 16:30,62.78,62.8,62.74,62.79,60,0,0
2025.05.30 16:31,62.79,62.81,62.75,62.8,51,0,0
2025.05.30 16:32,62.81,62.81,62.77,62.77,25,0,0
2025.05.30 16:33,62.76,62.77,62.73,62.76,45,0,0
2025.05.30 16:34,62.76,62.78,62.69,62.7,42,0,0
2025.05.30 16:35,62.69,62.71,62.63,62.67,56,0,0
2025.05.30 16:36,62.67,62.74,62.66,62.71,47,0,0
2025.05.30 16:37,62.71,62.86,62.71,62.86,68,0,0
2025.05.30 16:38,62.86,62.89,62.84,62.87,50,0,0
2025.05.30 16:39,62.88,62.89,62.85,62.87,39,0,0
2025.05.30 16:40,62.86,62.89,62.83,62.83,57,0,0
2025.05.30 16:41,62.83,62.84,62.78,62.81,44,0,0
2025.05.30 16:42,62.82,62.83,62.8,62.82,27,0,0
2025.05.30 16:43,62.81,62.84,62.8,62.82,19,0,0
2025.05.30 16:44,62.84,62.87,62.81,62.86,33,0,0
2025.05.30 16:45,62.86,62.86,62.83,62.84,29,0,0
2025.05.30 16:46,62.85,62.89,62.85,62.87,29,0,0
2025.05.30 16:47,62.87,62.91,62.85,62.87,39,0,0
2025.05.30 16:48,62.88,62.88,62.8,62.83,60,0,0
2025.05.30 16:49,62.83,62.84,62.74,62.77,35,0,0
2025.05.30 16:50,62.77,62.8,62.75,62.79,50,0,0
2025.05.30 16:51,62.79,62.79,62.72,62.76,33,0,0
2025.05.30 16:52,62.75,62.77,62.73,62.73,49,0,0
2025.05.30 16:53,62.72,62.79,62.72,62.75,39,0,0
2025.05.30 16:54,62.74,62.78,62.73,62.73,34,0,0
2025.05.30 16:55,62.72,62.8,62.71,62.78,32,0,0
2025.05.30 16:56,62.77,62.79,62.75,62.76,35,0,0
2025.05.30 16:57,62.75,62.75,62.68,62.68,48,0,0
2025.05.30 16:58,62.69,62.71,62.67,62.71,25,0,0
2025.05.30 16:59,62.7,62.76,62.7,62.73,40,0,0
2025.05.30 17:00,62.74,62.93,62.74,62.88,72,0,0
2025.05.30 17:01,62.88,62.88,62.77,62.84,39,0,0
2025.05.30 17:02,62.84,62.84,62.8,62.81,39,0,0
2025.05.30 17:03,62.82,62.83,62.77,62.8,43,0,0
2025.05.30 17:04,62.8,62.81,62.78,62.79,38,0,0
2025.05.30 17:05,62.8,62.8,62.76,62.78,21,0,0
2025.05.30 17:06,62.77,62.8,62.77,62.8,31,0,0
2025.05.30 17:07,62.8,62.89,62.8,62.88,36,0,0
2025.05.30 17:08,62.88,62.96,62.88,62.92,59,0,0
2025.05.30 17:09,62.9,62.91,62.8,62.85,50,0,0
2025.05.30 17:10,62.83,62.84,62.78,62.79,33,0,0
2025.05.30 17:11,62.78,62.8,62.71,62.73,47,0,0
2025.05.30 17:12,62.74,62.74,62.7,62.72,43,0,0
2025.05.30 17:13,62.73,62.77,62.7,62.7,31,0,0
2025.05.30 17:14,62.69,62.71,62.64,62.64,34,0,0
2025.05.30 17:15,62.65,62.7,62.64,62.68,26,0,0
2025.05.30 17:16,62.69,62.71,62.57,62.59,59,0,0
2025.05.30 17:17,62.59,62.6,62.55,62.56,54,0,0
2025.05.30 17:18,62.56,62.57,62.51,62.52,38,0,0
2025.05.30 17:19,62.53,62.56,62.52,62.55,38,0,0
2025.05.30 17:20,62.56,62.6,62.53,62.57,52,0,0
2025.05.30 17:21,62.57,62.59,62.52,62.53,46,0,0
2025.05.30 17:22,62.53,62.53,62.48,62.5,33,0,0
2025.05.30 17:23,62.51,62.52,62.5,62.51,36,0,0
2025.05.30 17:24,62.5,62.51,62.49,62.51,23,0,0
2025.05.30 17:25,62.51,62.52,62.48,62.52,34,0,0
2025.05.30 17:26,62.52,62.54,62.5,62.52,34,0,0
2025.05.30 17:27,62.53,62.54,62.51,62.51,17,0,0
2025.05.30 17:28,62.51,62.53,62.49,62.5,32,0,0
2025.05.30 17:29,62.51,62.55,62.44,62.44,61,0,0
2025.05.30 17:30,62.44,62.48,62.43,62.47,55,0,0
2025.05.30 17:31,62.46,62.49,62.45,62.48,34,0,0
2025.05.30 17:32,62.48,62.5,62.4,62.44,44,0,0
2025.05.30 17:33,62.44,62.44,62.37,62.38,38,0,0
2025.05.30 17:34,62.37,62.37,62.32,62.35,48,0,0
2025.05.30 17:35,62.36,62.39,62.34,62.38,42,0,0
2025.05.30 17:36,62.39,62.43,62.39,62.39,45,0,0
2025.05.30 17:37,62.39,62.44,62.36,62.42,46,0,0
2025.05.30 17:38,62.41,62.47,62.4,62.45,39,0,0
2025.05.30 17:39,62.44,62.45,62.43,62.45,29,0,0
2025.05.30 17:40,62.45,62.45,62.41,62.41,27,0,0
2025.05.30 17:41,62.41,62.42,62.35,62.38,29,0,0
2025.05.30 17:42,62.37,62.38,62.36,62.36,38,0,0
2025.05.30 17:43,62.35,62.37,62.34,62.34,18,0,0
2025.05.30 17:44,62.35,62.35,62.34,62.35,20,0,0
2025.05.30 17:45,62.34,62.4,62.34,62.39,17,0,0
2025.05.30 17:46,62.38,62.44,62.38,62.42,27,0,0
2025.05.30 17:47,62.41,62.43,62.4,62.4,24,0,0
2025.05.30 17:48,62.41,62.46,62.41,62.45,13,0,0
2025.05.30 17:49,62.43,62.47,62.43,62.45,29,0,0
2025.05.30 17:50,62.45,62.48,62.43,62.46,38,0,0
2025.05.30 17:51,62.46,62.49,62.41,62.49,43,0,0
2025.05.30 17:52,62.49,62.5,62.44,62.44,38,0,0
2025.05.30 17:53,62.44,62.44,62.33,62.33,56,0,0
2025.05.30 17:54,62.32,62.38,62.32,62.34,43,0,0
2025.05.30 17:55,62.35,62.42,62.34,62.39,41,0,0
2025.05.30 17:56,62.37,62.4,62.35,62.38,24,0,0
2025.05.30 17:57,62.39,62.39,62.36,62.38,14,0,0
2025.05.30 17:58,62.4,62.41,62.39,62.39,14,0,0
2025.05.30 17:59,62.4,62.42,62.39,62.41,21,0,0
2025.05.30 18:00,62.4,62.52,62.4,62.49,55,0,0
2025.05.30 18:01,62.49,62.52,62.48,62.52,37,0,0
2025.05.30 18:02,62.52,62.54,62.51,62.53,26,0,0
2025.05.30 18:03,62.52,62.54,62.49,62.49,18,0,0
2025.05.30 18:04,62.49,62.53,62.49,62.52,18,0,0
2025.05.30 18:05,62.5,62.5,62.47,62.47,28,0,0
2025.05.30 18:06,62.5,62.5,62.48,62.5,17,0,0
2025.05.30 18:07,62.51,62.51,62.47,62.48,21,0,0
2025.05.30 18:08,62.49,62.5,62.47,62.48,18,0,0
2025.05.30 18:09,62.46,62.48,62.45,62.47,16,0,0
2025.05.30 18:10,62.47,62.57,62.47,62.53,28,0,0
2025.05.30 18:11,62.54,62.55,62.52,62.53,20,0,0
2025.05.30 18:12,62.54,62.54,62.52,62.54,16,0,0
2025.05.30 18:13,62.55,62.57,62.53,62.53,13,0,0
2025.05.30 18:14,62.52,62.52,62.5,62.51,15,0,0
2025.05.30 18:15,62.49,62.52,62.48,62.5,26,0,0
2025.05.30 18:16,62.49,62.49,62.44,62.45,18,0,0
2025.05.30 18:17,62.44,62.45,62.41,62.41,29,0,0
2025.05.30 18:18,62.41,62.44,62.41,62.42,19,0,0
2025.05.30 18:19,62.43,62.45,62.42,62.44,15,0,0
2025.05.30 18:20,62.43,62.46,62.42,62.46,22,0,0
2025.05.30 18:21,62.45,62.45,62.39,62.39,17,0,0
2025.05.30 18:22,62.38,62.38,62.32,62.32,36,0,0
2025.05.30 18:23,62.31,62.34,62.3,62.32,38,0,0
2025.05.30 18:24,62.32,62.32,62.3,62.31,11,0,0
2025.05.30 18:25,62.31,62.32,62.25,62.27,27,0,0
2025.05.30 18:26,62.26,62.27,62.22,62.24,29,0,0
2025.05.30 18:27,62.24,62.25,62.22,62.25,25,0,0
2025.05.30 18:28,62.24,62.26,62.08,62.2,78,0,0
2025.05.30 18:29,62.21,62.21,62.13,62.17,73,0,0
2025.05.30 18:30,62.17,62.2,62.12,62.18,80,0,0
2025.05.30 18:31,62.18,62.22,62.12,62.18,49,0,0
2025.05.30 18:32,62.18,62.24,62.14,62.23,45,0,0
2025.05.30 18:33,62.22,62.22,62.17,62.19,47,0,0
2025.05.30 18:34,62.19,62.22,62.13,62.21,39,0,0
2025.05.30 18:35,62.2,62.34,62.2,62.34,72,0,0
2025.05.30 18:36,62.35,62.45,62.34,62.45,63,0,0
2025.05.30 18:37,62.45,62.46,62.37,62.4,67,0,0
2025.05.30 18:38,62.39,62.43,62.36,62.43,45,0,0
2025.05.30 18:39,62.43,62.44,62.37,62.38,25,0,0
2025.05.30 18:40,62.38,62.42,62.38,62.4,28,0,0
2025.05.30 18:41,62.4,62.43,62.34,62.42,43,0,0
2025.05.30 18:42,62.42,62.43,62.38,62.39,37,0,0
2025.05.30 18:43,62.38,62.4,62.36,62.36,25,0,0
2025.05.30 18:44,62.35,62.36,62.3,62.31,35,0,0
2025.05.30 18:45,62.3,62.34,62.28,62.32,31,0,0
2025.05.30 18:46,62.32,62.36,62.31,62.33,32,0,0
2025.05.30 18:47,62.33,62.35,62.28,62.3,30,0,0
2025.05.30 18:48,62.31,62.37,62.31,62.36,20,0,0
2025.05.30 18:49,62.35,62.41,62.35,62.39,31,0,0
2025.05.30 18:50,62.39,62.4,62.37,62.4,27,0,0
2025.05.30 18:51,62.4,62.41,62.36,62.37,31,0,0
2025.05.30 18:52,62.38,62.41,62.38,62.38,28,0,0
2025.05.30 18:53,62.38,62.38,62.35,62.37,28,0,0
2025.05.30 18:54,62.38,62.41,62.38,62.38,16,0,0
2025.05.30 18:55,62.39,62.42,62.37,62.4,25,0,0
2025.05.30 18:56,62.4,62.42,62.39,62.39,28,0,0
2025.05.30 18:57,62.38,62.4,62.38,62.39,23,0,0
2025.05.30 18:58,62.39,62.4,62.38,62.38,28,0,0
2025.05.30 18:59,62.38,62.41,62.38,62.39,29,0,0
2025.05.30 19:00,62.4,62.6,62.38,62.51,106,0,0
2025.05.30 19:01,62.5,62.54,62.42,62.46,69,0,0
2025.05.30 19:02,62.46,62.55,62.46,62.54,40,0,0
2025.05.30 19:03,62.54,62.61,62.53,62.58,52,0,0
2025.05.30 19:04,62.57,62.58,62.53,62.56,35,0,0
2025.05.30 19:05,62.57,62.57,62.53,62.56,23,0,0
2025.05.30 19:06,62.56,62.61,62.56,62.61,32,0,0
2025.05.30 19:07,62.61,62.64,62.61,62.62,30,0,0
2025.05.30 19:08,62.63,62.64,62.61,62.63,17,0,0
2025.05.30 19:09,62.63,62.65,62.62,62.64,24,0,0
2025.05.30 19:10,62.63,62.67,62.6,62.64,41,0,0
2025.05.30 19:11,62.65,62.67,62.62,62.66,27,0,0
2025.05.30 19:12,62.65,62.66,62.63,62.64,28,0,0
2025.05.30 19:13,62.64,62.64,62.6,62.6,26,0,0
2025.05.30 19:14,62.61,62.63,62.58,62.63,21,0,0
2025.05.30 19:15,62.62,62.63,62.6,62.62,21,0,0
2025.05.30 19:16,62.62,62.66,62.62,62.63,23,0,0
2025.05.30 19:17,62.64,62.64,62.62,62.63,13,0,0
2025.05.30 19:18,62.63,62.66,62.63,62.65,27,0,0
2025.05.30 19:19,62.65,62.67,62.65,62.66,10,0,0
2025.05.30 19:20,62.66,62.69,62.66,62.68,8,0,0
2025.05.30 19:21,62.65,62.67,62.64,62.66,19,0,0
2025.05.30 19:22,62.67,62.71,62.66,62.69,26,0,0
2025.05.30 19:23,62.69,62.73,62.68,62.7,19,0,0
2025.05.30 19:24,62.71,62.71,62.7,62.7,13,0,0
2025.05.30 19:25,62.71,62.71,62.63,62.68,27,0,0
2025.05.30 19:26,62.67,62.67,62.62,62.64,29,0,0
2025.05.30 19:27,62.63,62.65,62.62,62.64,28,0,0
2025.05.30 19:28,62.65,62.66,62.64,62.64,12,0,0
2025.05.30 19:29,62.65,62.67,62.63,62.64,23,0,0
2025.05.30 19:30,62.65,62.68,62.65,62.66,23,0,0
2025.05.30 19:31,62.66,62.67,62.62,62.63,20,0,0
2025.05.30 19:32,62.65,62.69,62.65,62.66,26,0,0
2025.05.30 19:33,62.66,62.87,62.66,62.86,77,0,0
2025.05.30 19:34,62.82,62.85,62.76,62.77,38,0,0
2025.05.30 19:35,62.75,62.81,62.74,62.79,29,0,0
2025.05.30 19:36,62.78,62.81,62.76,62.8,22,0,0
2025.05.30 19:37,62.81,62.84,62.81,62.82,28,0,0
2025.05.30 19:38,62.81,62.82,62.72,62.73,33,0,0
2025.05.30 19:39,62.72,62.76,62.72,62.76,26,0,0
2025.05.30 19:40,62.74,62.75,62.7,62.7,22,0,0
2025.05.30 19:41,62.7,62.71,62.7,62.7,16,0,0
2025.05.30 19:42,62.69,62.77,62.69,62.76,27,0,0
2025.05.30 19:43,62.77,62.79,62.75,62.75,19,0,0
2025.05.30 19:44,62.74,62.74,62.71,62.73,16,0,0
2025.05.30 19:45,62.73,62.75,62.7,62.7,16,0,0
2025.05.30 19:46,62.71,62.75,62.71,62.74,11,0,0
2025.05.30 19:47,62.73,62.76,62.7,62.71,16,0,0
2025.05.30 19:48,62.71,62.72,62.68,62.71,35,0,0
2025.05.30 19:49,62.7,62.7,62.65,62.66,20,0,0
2025.05.30 19:50,62.65,62.67,62.64,62.65,22,0,0
2025.05.30 19:51,62.64,62.68,62.59,62.62,38,0,0
2025.05.30 19:52,62.61,62.61,62.55,62.55,51,0,0
2025.05.30 19:53,62.54,62.58,62.53,62.56,38,0,0
2025.05.30 19:54,62.57,62.58,62.55,62.56,25,0,0
2025.05.30 19:55,62.57,62.59,62.56,62.58,30,0,0
2025.05.30 19:56,62.58,62.58,62.57,62.58,13,0,0
2025.05.30 19:57,62.57,62.59,62.55,62.59,15,0,0
2025.05.30 19:58,62.6,62.61,62.59,62.61,18,0,0
2025.05.30 19:59,62.62,62.62,62.59,62.59,28,0,0
2025.05.30 20:00,62.59,62.67,62.59,62.67,36,0,0
2025.05.30 20:01,62.67,62.71,62.67,62.7,21,0,0
2025.05.30 20:02,62.71,62.71,62.63,62.64,38,0,0
2025.05.30 20:03,62.64,62.67,62.62,62.66,17,0,0
2025.05.30 20:04,62.67,62.7,62.66,62.68,28,0,0
2025.05.30 20:05,62.69,62.7,62.67,62.69,21,0,0
2025.05.30 20:06,62.69,62.69,62.65,62.69,22,0,0
2025.05.30 20:07,62.68,62.71,62.67,62.7,17,0,0
2025.05.30 20:08,62.69,62.7,62.68,62.68,15,0,0
2025.05.30 20:09,62.68,62.73,62.68,62.73,19,0,0
2025.05.30 20:10,62.71,62.74,62.7,62.72,26,0,0
2025.05.30 20:11,62.72,62.74,62.71,62.72,21,0,0
2025.05.30 20:12,62.73,62.75,62.72,62.74,13,0,0
2025.05.30 20:13,62.74,62.74,62.71,62.71,17,0,0
2025.05.30 20:14,62.72,62.77,62.72,62.75,20,0,0
2025.05.30 20:15,62.75,62.77,62.74,62.76,31,0,0
2025.05.30 20:16,62.75,62.76,62.74,62.75,24,0,0
2025.05.30 20:17,62.75,62.76,62.74,62.74,14,0,0
2025.05.30 20:18,62.74,62.85,62.74,62.83,47,0,0
2025.05.30 20:19,62.83,62.95,62.83,62.89,65,0,0
2025.05.30 20:20,62.88,62.92,62.88,62.9,36,0,0
2025.05.30 20:21,62.89,62.92,62.88,62.91,34,0,0
2025.05.30 20:22,62.92,62.92,62.91,62.91,23,0,0
2025.05.30 20:23,62.9,62.93,62.88,62.93,28,0,0
2025.05.30 20:24,62.93,62.94,62.89,62.89,25,0,0
2025.05.30 20:25,62.9,62.95,62.9,62.92,19,0,0
2025.05.30 20:26,62.91,62.91,62.89,62.89,24,0,0
2025.05.30 20:27,62.89,62.9,62.85,62.85,26,0,0
2025.05.30 20:28,62.84,62.9,62.74,62.76,69,0,0
2025.05.30 20:29,62.75,62.77,62.72,62.74,34,0,0
2025.05.30 20:30,62.73,62.74,62.7,62.7,32,0,0
2025.05.30 20:31,62.71,62.75,62.69,62.75,30,0,0
2025.05.30 20:32,62.75,62.75,62.69,62.71,29,0,0
2025.05.30 20:33,62.72,62.72,62.67,62.68,33,0,0
2025.05.30 20:34,62.69,62.7,62.63,62.64,18,0,0
2025.05.30 20:35,62.64,62.65,62.61,62.61,25,0,0
2025.05.30 20:36,62.6,62.64,62.58,62.62,21,0,0
2025.05.30 20:37,62.63,62.63,62.61,62.61,12,0,0
2025.05.30 20:38,62.62,62.64,62.62,62.63,8,0,0
2025.05.30 20:39,62.63,62.63,62.61,62.62,13,0,0
2025.05.30 20:40,62.63,62.63,62.62,62.62,19,0,0
2025.05.30 20:41,62.63,62.69,62.62,62.68,14,0,0
2025.05.30 20:42,62.67,62.68,62.65,62.65,13,0,0
2025.05.30 20:43,62.64,62.69,62.64,62.69,14,0,0
2025.05.30 20:44,62.69,62.71,62.69,62.7,12,0,0
2025.05.30 20:45,62.7,62.73,62.69,62.71,19,0,0
2025.05.30 20:46,62.7,62.71,62.69,62.7,10,0,0
2025.05.30 20:47,62.71,62.72,62.69,62.7,17,0,0
2025.05.30 20:48,62.7,62.71,62.69,62.7,15,0,0
2025.05.30 20:49,62.71,62.72,62.68,62.72,20,0,0
2025.05.30 20:50,62.71,62.73,62.71,62.73,16,0,0
2025.05.30 20:51,62.72,62.73,62.7,62.72,11,0,0
2025.05.30 20:52,62.72,62.73,62.69,62.69,19,0,0
2025.05.30 20:53,62.69,62.7,62.68,62.68,19,0,0
2025.05.30 20:54,62.68,62.69,62.67,62.67,11,0,0
2025.05.30 20:55,62.68,62.68,62.66,62.66,9,0,0
2025.05.30 20:56,62.67,62.7,62.66,62.69,13,0,0
2025.05.30 20:57,62.7,62.7,62.67,62.67,7,0,0
2025.05.30 20:58,62.68,62.69,62.66,62.67,19,0,0
2025.05.30 20:59,62.68,62.68,62.66,62.67,5,0,0
2025.05.30 21:00,62.66,62.7,62.66,62.7,13,0,0
2025.05.30 21:01,62.68,62.68,62.66,62.67,10,0,0
2025.05.30 21:02,62.67,62.68,62.67,62.67,4,0,0
2025.05.30 21:03,62.67,62.68,62.67,62.67,3,0,0
2025.05.30 21:04,62.68,62.7,62.68,62.7,6,0,0
2025.05.30 21:05,62.7,62.73,62.7,62.7,8,0,0
2025.05.30 21:06,62.7,62.71,62.7,62.71,3,0,0
2025.05.30 21:07,62.7,62.7,62.67,62.67,7,0,0
2025.05.30 21:08,62.68,62.69,62.67,62.68,7,0,0
2025.05.30 21:09,62.69,62.69,62.65,62.68,14,0,0
2025.05.30 21:10,62.68,62.68,62.67,62.67,7,0,0
2025.05.30 21:11,62.67,62.68,62.66,62.66,10,0,0
2025.05.30 21:12,62.66,62.69,62.66,62.68,11,0,0
2025.05.30 21:13,62.69,62.69,62.67,62.68,8,0,0
2025.05.30 21:14,62.68,62.69,62.66,62.68,12,0,0
2025.05.30 21:15,62.67,62.67,62.62,62.62,16,0,0
2025.05.30 21:16,62.63,62.63,62.6,62.62,29,0,0
2025.05.30 21:17,62.61,62.62,62.61,62.61,3,0,0
2025.05.30 21:18,62.61,62.61,62.6,62.61,10,0,0
2025.05.30 21:19,62.62,62.62,62.6,62.6,4,0,0
2025.05.30 21:20,62.59,62.6,62.58,62.59,10,0,0
2025.05.30 21:21,62.6,62.6,62.59,62.6,9,0,0
2025.05.30 21:22,62.59,62.6,62.59,62.6,8,0,0
2025.05.30 21:23,62.61,62.61,62.6,62.61,5,0,0
2025.05.30 21:24,62.6,62.61,62.59,62.61,14,0,0
2025.05.30 21:25,62.62,62.63,62.61,62.63,8,0,0
2025.05.30 21:26,62.63,62.65,62.63,62.65,6,0,0
2025.05.30 21:27,62.64,62.65,62.64,62.65,8,0,0
2025.05.30 21:28,62.66,62.73,62.66,62.72,13,0,0
2025.05.30 21:29,62.73,62.73,62.71,62.72,19,0,0
2025.05.30 21:30,62.72,62.74,62.71,62.71,25,0,0
2025.05.30 21:31,62.7,62.75,62.7,62.75,10,0,0
2025.05.30 21:32,62.75,62.75,62.72,62.74,13,0,0
2025.05.30 21:33,62.74,62.77,62.74,62.77,13,0,0
2025.05.30 21:34,62.77,62.78,62.77,62.78,4,0,0
2025.05.30 21:35,62.78,62.8,62.78,62.79,15,0,0
2025.05.30 21:36,62.8,62.81,62.78,62.81,13,0,0
2025.05.30 21:37,62.82,62.83,62.81,62.83,18,0,0
2025.05.30 21:38,62.84,62.87,62.84,62.85,26,0,0
2025.05.30 21:39,62.84,62.85,62.79,62.79,11,0,0
2025.05.30 21:40,62.79,62.8,62.77,62.8,29,0,0
2025.05.30 21:41,62.8,62.85,62.8,62.83,23,0,0
2025.05.30 21:42,62.83,62.85,62.82,62.85,8,0,0
2025.05.30 21:43,62.85,62.85,62.83,62.85,13,0,0
2025.05.30 21:44,62.84,62.85,62.83,62.84,17,0,0
2025.05.30 21:45,62.84,62.84,62.81,62.81,23,0,0
2025.05.30 21:46,62.8,62.8,62.76,62.77,20,0,0
2025.05.30 21:47,62.77,62.78,62.75,62.76,14,0,0
2025.05.30 21:48,62.75,62.77,62.75,62.76,14,0,0
2025.05.30 21:49,62.77,62.77,62.75,62.75,11,0,0
2025.05.30 21:50,62.74,62.77,62.74,62.76,23,0,0
2025.05.30 21:51,62.77,62.77,62.72,62.73,16,0,0
2025.05.30 21:52,62.73,62.74,62.72,62.73,11,0,0
2025.05.30 21:53,62.72,62.72,62.71,62.72,9,0,0
2025.05.30 21:54,62.71,62.72,62.71,62.71,20,0,0
2025.05.30 21:55,62.71,62.73,62.71,62.72,14,0,0
2025.05.30 21:56,62.72,62.76,62.72,62.76,25,0,0
2025.05.30 21:57,62.75,62.82,62.75,62.82,24,0,0
2025.05.30 21:58,62.82,62.84,62.82,62.83,23,0,0
2025.05.30 21:59,62.83,62.83,62.78,62.79,20,0,0
2025.06.02 02:05,63.93,63.93,63.89,63.89,8,0,0
2025.06.02 02:06,63.9,63.94,63.9,63.94,11,0,0
2025.06.02 02:07,63.95,63.97,63.94,63.95,10,0,0
2025.06.02 02:08,63.96,63.99,63.95,63.98,9,0,0
2025.06.02 02:09,63.99,64.01,63.99,64.0,8,0,0
2025.06.02 02:10,63.99,64.0,63.96,63.98,10,0,0
2025.06.02 02:11,63.99,64.01,63.98,64.0,7,0,0
2025.06.02 02:12,64.01,64.01,63.93,63.94,10,0,0
2025.06.02 02:13,63.95,63.95,63.93,63.93,7,0,0
2025.06.02 02:14,63.94,63.95,63.92,63.92,9,0,0
2025.06.02 02:15,63.91,63.93,63.91,63.92,12,0,0
2025.06.02 02:16,63.91,63.91,63.88,63.89,7,0,0
2025.06.02 02:17,63.9,63.9,63.89,63.9,3,0,0
2025.06.02 02:18,63.91,63.91,63.9,63.91,3,0,0
2025.06.02 02:19,63.92,63.92,63.91,63.92,3,0,0
2025.06.02 02:20,63.93,63.94,63.93,63.93,3,0,0
2025.06.02 02:21,63.94,63.95,63.91,63.93,13,0,0
2025.06.02 02:22,63.92,63.93,63.91,63.92,5,0,0
2025.06.02 02:23,63.91,63.92,63.9,63.91,7,0,0
2025.06.02 02:24,63.9,63.91,63.9,63.91,2,0,0
2025.06.02 02:25,63.92,63.93,63.85,63.87,17,0,0
2025.06.02 02:26,63.86,63.88,63.83,63.87,14,0,0
2025.06.02 02:27,63.88,63.89,63.88,63.88,7,0,0
2025.06.02 02:28,63.89,63.89,63.88,63.88,4,0,0
2025.06.02 02:29,63.89,63.97,63.88,63.97,6,0,0
2025.06.02 02:30,63.96,63.99,63.96,63.98,13,0,0
2025.06.02 02:31,63.99,64.01,63.98,64.01,5,0,0
2025.06.02 02:32,64.02,64.02,64.01,64.02,5,0,0
2025.06.02 02:33,64.01,64.01,63.96,63.96,11,0,0
2025.06.02 02:34,63.97,64.0,63.96,64.0,6,0,0
2025.06.02 02:35,64.01,64.02,64.0,64.02,6,0,0
2025.06.02 02:36,64.01,64.04,64.01,64.04,6,0,0
2025.06.02 02:37,64.05,64.07,64.05,64.05,7,0,0
2025.06.02 02:38,64.06,64.08,64.06,64.07,12,0,0
2025.06.02 02:39,64.06,64.06,64.01,64.05,12,0,0
2025.06.02 02:40,64.06,64.06,64.04,64.04,5,0,0
2025.06.02 02:41,64.03,64.04,64.02,64.02,4,0,0
2025.06.02 02:42,64.03,64.03,63.97,63.97,9,0,0
2025.06.02 02:43,63.98,63.98,63.96,63.96,3,0,0
2025.06.02 02:44,63.95,63.95,63.93,63.95,5,0,0
2025.06.02 02:45,63.96,64.01,63.96,63.99,9,0,0
2025.06.02 02:46,64.0,64.04,64.0,64.03,11,0,0
2025.06.02 02:47,64.04,64.05,64.02,64.03,7,0,0
2025.06.02 02:48,64.04,64.05,64.04,64.05,6,0,0
2025.06.02 02:49,64.04,64.05,64.04,64.04,11,0,0
2025.06.02 02:50,64.05,64.05,64.02,64.02,7,0,0
2025.06.02 02:51,64.03,64.05,64.03,64.05,2,0,0
2025.06.02 02:52,64.04,64.05,64.04,64.05,2,0,0
2025.06.02 02:53,64.04,64.04,64.02,64.04,6,0,0
2025.06.02 02:54,64.03,64.08,64.03,64.07,7,0,0
2025.06.02 02:55,64.06,64.08,64.06,64.07,4,0,0
2025.06.02 02:56,64.08,64.08,64.07,64.07,2,0,0
2025.06.02 02:57,64.06,64.06,64.06,64.06,1,0,0
2025.06.02 02:58,64.07,64.09,64.07,64.08,6,0,0
2025.06.02 02:59,64.09,64.09,64.07,64.09,13,0,0
2025.06.02 03:00,64.08,64.09,64.07,64.09,20,0,0
2025.06.02 03:01,64.1,64.11,64.03,64.03,11,0,0
2025.06.02 03:02,64.04,64.08,64.04,64.08,11,0,0
2025.06.02 03:03,64.07,64.09,64.07,64.07,7,0,0
2025.06.02 03:04,64.06,64.09,64.06,64.08,15,0,0
2025.06.02 03:05,64.07,64.1,64.07,64.1,4,0,0
2025.06.02 03:06,64.09,64.1,64.09,64.09,5,0,0
2025.06.02 03:07,64.1,64.1,64.09,64.09,6,0,0
2025.06.02 03:08,64.08,64.09,64.08,64.08,3,0,0
2025.06.02 03:09,64.09,64.1,64.08,64.09,7,0,0
2025.06.02 03:10,64.1,64.11,64.09,64.1,5,0,0
2025.06.02 03:11,64.11,64.11,64.11,64.11,1,0,0
2025.06.02 03:12,64.1,64.1,64.09,64.09,8,0,0
2025.06.02 03:13,64.1,64.1,64.09,64.09,6,0,0
2025.06.02 03:15,64.1,64.1,64.08,64.08,9,0,0
2025.06.02 03:16,64.09,64.1,64.08,64.09,7,0,0
2025.06.02 03:17,64.1,64.1,64.07,64.07,5,0,0
2025.06.02 03:21,64.08,64.08,64.06,64.06,3,0,0
2025.06.02 03:22,64.07,64.08,64.07,64.08,2,0,0
2025.06.02 03:25,64.07,64.08,64.06,64.06,4,0,0
2025.06.02 03:26,64.07,64.08,64.06,64.08,4,0,0
2025.06.02 03:27,64.07,64.07,64.05,64.06,4,0,0
2025.06.02 03:28,64.07,64.08,64.07,64.07,3,0,0
2025.06.02 03:29,64.08,64.1,64.08,64.09,3,0,0
2025.06.02 03:30,64.1,64.26,64.1,64.25,16,0,0
2025.06.02 03:31,64.24,64.33,64.23,64.31,31,0,0
2025.06.02 03:32,64.3,64.3,64.26,64.27,16,0,0
2025.06.02 03:33,64.26,64.29,64.25,64.25,13,0,0
2025.06.02 03:34,64.26,64.26,64.26,64.26,1,0,0
2025.06.02 03:35,64.25,64.25,64.2,64.2,11,0,0
2025.06.02 03:36,64.19,64.21,64.19,64.19,14,0,0
2025.06.02 03:37,64.18,64.22,64.18,64.2,13,0,0
2025.06.02 03:38,64.22,64.25,64.21,64.25,15,0,0
2025.06.02 03:39,64.22,64.25,64.22,64.23,10,0,0
2025.06.02 03:40,64.22,64.22,64.17,64.18,10,0,0
2025.06.02 03:41,64.19,64.19,64.17,64.18,4,0,0
2025.06.02 03:42,64.17,64.17,64.16,64.17,3,0,0
2025.06.02 03:43,64.18,64.2,64.17,64.2,5,0,0
2025.06.02 03:44,64.19,64.19,64.17,64.17,7,0,0
2025.06.02 03:45,64.18,64.18,64.17,64.17,2,0,0
2025.06.02 03:46,64.16,64.16,64.14,64.15,10,0,0
2025.06.02 03:47,64.14,64.17,64.14,64.17,8,0,0
2025.06.02 03:48,64.16,64.17,64.16,64.17,2,0,0
2025.06.02 03:49,64.16,64.16,64.15,64.16,7,0,0
2025.06.02 03:50,64.17,64.18,64.17,64.18,4,0,0
2025.06.02 03:51,64.2,64.2,64.17,64.18,5,0,0
2025.06.02 03:52,64.17,64.17,64.15,64.16,6,0,0
2025.06.02 03:53,64.17,64.17,64.17,64.17,1,0,0
2025.06.02 03:54,64.16,64.17,64.14,64.16,8,0,0
2025.06.02 03:55,64.17,64.17,64.12,64.15,9,0,0
2025.06.02 03:56,64.16,64.17,64.15,64.16,5,0,0
2025.06.02 03:57,64.17,64.17,64.15,64.15,5,0,0
2025.06.02 03:58,64.16,64.16,64.15,64.15,2,0,0
2025.06.02 03:59,64.14,64.17,64.14,64.17,3,0,0
2025.06.02 04:00,64.18,64.21,64.18,64.21,5,0,0
2025.06.02 04:01,64.22,64.24,64.22,64.23,6,0,0
2025.06.02 04:02,64.22,64.26,64.22,64.26,7,0,0
2025.06.02 04:03,64.27,64.28,64.27,64.27,3,0,0
2025.06.02 04:04,64.26,64.28,64.26,64.27,4,0,0
2025.06.02 04:05,64.26,64.28,64.25,64.26,7,0,0
2025.06.02 04:06,64.27,64.31,64.27,64.27,15,0,0
2025.06.02 04:07,64.28,64.29,64.28,64.29,4,0,0
2025.06.02 04:08,64.28,64.28,64.27,64.27,8,0,0
2025.06.02 04:09,64.28,64.28,64.27,64.28,5,0,0
2025.06.02 04:10,64.27,64.28,64.25,64.25,9,0,0
2025.06.02 04:11,64.26,64.26,64.25,64.26,3,0,0
2025.06.02 04:12,64.27,64.28,64.21,64.21,11,0,0
2025.06.02 04:13,64.22,64.23,64.2,64.21,7,0,0
2025.06.02 04:14,64.23,64.26,64.22,64.26,6,0,0
2025.06.02 04:15,64.25,64.34,64.25,64.34,15,0,0
2025.06.02 04:16,64.35,64.44,64.34,64.44,12,0,0
2025.06.02 04:17,64.45,64.45,64.4,64.4,21,0,0
2025.06.02 04:18,64.39,64.39,64.33,64.34,16,0,0
2025.06.02 04:19,64.33,64.34,64.28,64.29,14,0,0
2025.06.02 04:20,64.28,64.29,64.26,64.29,12,0,0
2025.06.02 04:21,64.28,64.34,64.28,64.32,10,0,0
2025.06.02 04:22,64.31,64.33,64.31,64.31,7,0,0
2025.06.02 04:23,64.3,64.41,64.29,64.41,15,0,0
2025.06.02 04:24,64.4,64.4,64.37,64.37,8,0,0
2025.06.02 04:25,64.36,64.37,64.35,64.35,4,0,0
2025.06.02 04:26,64.36,64.36,64.34,64.34,3,0,0
2025.06.02 04:27,64.33,64.33,64.33,64.33,1,0,0
2025.06.02 04:28,64.32,64.33,64.32,64.32,3,0,0
2025.06.02 04:29,64.31,64.33,64.31,64.33,3,0,0
2025.06.02 04:30,64.34,64.38,64.34,64.38,11,0,0
2025.06.02 04:31,64.39,64.41,64.38,64.39,11,0,0
2025.06.02 04:32,64.4,64.41,64.4,64.41,2,0,0
2025.06.02 04:33,64.4,64.41,64.4,64.41,2,0,0
2025.06.02 04:34,64.42,64.43,64.41,64.41,4,0,0
2025.06.02 04:35,64.4,64.4,64.38,64.39,6,0,0
2025.06.02 04:36,64.38,64.4,64.38,64.39,8,0,0
2025.06.02 04:37,64.4,64.4,64.38,64.38,3,0,0
2025.06.02 04:38,64.37,64.42,64.37,64.41,10,0,0
2025.06.02 04:39,64.42,64.43,64.41,64.43,4,0,0
2025.06.02 04:40,64.42,64.42,64.41,64.41,2,0,0
2025.06.02 04:41,64.42,64.43,64.41,64.42,7,0,0
2025.06.02 04:42,64.41,64.42,64.41,64.42,2,0,0
2025.06.02 04:43,64.41,64.42,64.41,64.42,2,0,0
2025.06.02 04:44,64.41,64.42,64.41,64.42,2,0,0
2025.06.02 04:45,64.41,64.43,64.41,64.42,7,0,0
2025.06.02 04:47,64.43,64.44,64.43,64.44,2,0,0
2025.06.02 04:48,64.43,64.45,64.43,64.45,3,0,0
2025.06.02 04:49,64.44,64.44,64.43,64.43,2,0,0
2025.06.02 04:50,64.42,64.43,64.42,64.43,6,0,0
2025.06.02 04:51,64.42,64.43,64.41,64.42,6,0,0
2025.06.02 04:52,64.43,64.43,64.41,64.42,6,0,0
2025.06.02 04:53,64.41,64.42,64.41,64.41,7,0,0
2025.06.02 04:54,64.4,64.41,64.4,64.4,7,0,0
2025.06.02 04:55,64.41,64.42,64.4,64.42,4,0,0
2025.06.02 04:56,64.41,64.43,64.4,64.42,12,0,0
2025.06.02 04:57,64.41,64.46,64.41,64.46,5,0,0
2025.06.02 04:58,64.45,64.45,64.43,64.44,6,0,0
2025.06.02 04:59,64.43,64.44,64.43,64.44,8,0,0
2025.06.02 05:00,64.43,64.46,64.42,64.43,6,0,0
2025.06.02 05:01,64.44,64.46,64.43,64.45,6,0,0
2025.06.02 05:02,64.47,64.47,64.45,64.46,4,0,0
2025.06.02 05:03,64.47,64.47,64.45,64.47,7,0,0
2025.06.02 05:04,64.45,64.47,64.45,64.47,11,0,0
2025.06.02 05:05,64.46,64.47,64.45,64.46,11,0,0
2025.06.02 05:06,64.47,64.47,64.37,64.38,13,0,0
2025.06.02 05:07,64.36,64.36,64.13,64.2,39,0,0
2025.06.02 05:08,64.19,64.23,64.19,64.21,15,0,0
2025.06.02 05:09,64.22,64.28,64.22,64.25,12,0,0
2025.06.02 05:10,64.26,64.3,64.25,64.3,15,0,0
2025.06.02 05:11,64.29,64.33,64.29,64.29,16,0,0
2025.06.02 05:12,64.28,64.28,64.25,64.27,12,0,0
2025.06.02 05:13,64.28,64.3,64.28,64.28,9,0,0
2025.06.02 05:14,64.3,64.33,64.3,64.33,3,0,0
2025.06.02 05:15,64.32,64.33,64.31,64.32,5,0,0
2025.06.02 05:16,64.31,64.31,64.28,64.28,13,0,0
2025.06.02 05:17,64.29,64.3,64.28,64.3,14,0,0
2025.06.02 05:18,64.31,64.33,64.26,64.27,13,0,0
2025.06.02 05:19,64.28,64.28,64.27,64.27,2,0,0
2025.06.02 05:20,64.28,64.29,64.28,64.29,2,0,0
2025.06.02 05:21,64.28,64.28,64.28,64.28,1,0,0
2025.06.02 05:22,64.29,64.29,64.24,64.24,6,0,0
2025.06.02 05:23,64.25,64.25,64.24,64.25,5,0,0
2025.06.02 05:24,64.26,64.28,64.24,64.24,8,0,0
2025.06.02 05:25,64.22,64.23,64.2,64.21,13,0,0
2025.06.02 05:26,64.22,64.22,64.2,64.22,9,0,0
2025.06.02 05:27,64.21,64.22,64.2,64.22,10,0,0
2025.06.02 05:28,64.23,64.23,64.22,64.23,3,0,0
2025.06.02 05:29,64.24,64.24,64.22,64.22,7,0,0
2025.06.02 05:30,64.23,64.23,64.09,64.09,35,0,0
2025.06.02 05:31,64.1,64.1,64.07,64.09,22,0,0
2025.06.02 05:32,64.1,64.17,64.09,64.1,29,0,0
2025.06.02 05:33,64.11,64.14,64.09,64.13,17,0,0
2025.06.02 05:34,64.14,64.15,64.13,64.15,6,0,0
2025.06.02 05:35,64.14,64.16,64.14,64.14,11,0,0
2025.06.02 05:36,64.15,64.16,64.14,64.14,6,0,0
2025.06.02 05:37,64.15,64.16,64.14,64.15,7,0,0
2025.06.02 05:38,64.16,64.16,64.13,64.14,9,0,0
2025.06.02 05:39,64.13,64.14,64.11,64.13,11,0,0
2025.06.02 05:40,64.16,64.18,64.15,64.16,7,0,0
2025.06.02 05:41,64.15,64.16,64.14,64.15,7,0,0
2025.06.02 05:42,64.16,64.16,64.15,64.15,2,0,0
2025.06.02 05:43,64.16,64.17,64.16,64.17,2,0,0
2025.06.02 05:44,64.16,64.16,64.14,64.15,12,0,0
2025.06.02 05:45,64.16,64.16,64.11,64.12,11,0,0
2025.06.02 05:46,64.11,64.12,64.1,64.11,7,0,0
2025.06.02 05:47,64.12,64.13,64.12,64.13,2,0,0
2025.06.02 05:48,64.12,64.16,64.12,64.16,7,0,0
2025.06.02 05:49,64.15,64.17,64.15,64.17,9,0,0
2025.06.02 05:50,64.16,64.16,64.15,64.15,4,0,0
2025.06.02 05:51,64.14,64.15,64.14,64.15,2,0,0
2025.06.02 05:52,64.16,64.16,64.16,64.16,1,0,0
2025.06.02 05:53,64.15,64.17,64.15,64.17,7,0,0
2025.06.02 05:54,64.18,64.18,64.18,64.18,1,0,0
2025.06.02 05:55,64.19,64.19,64.16,64.18,10,0,0
2025.06.02 05:56,64.17,64.18,64.14,64.17,6,0,0
2025.06.02 05:57,64.19,64.24,64.19,64.23,17,0,0
2025.06.02 05:58,64.22,64.22,64.22,64.22,1,0,0
2025.06.02 05:59,64.23,64.23,64.22,64.22,4,0,0
2025.06.02 06:00,64.23,64.23,64.2,64.2,8,0,0
2025.06.02 06:01,64.21,64.23,64.21,64.22,6,0,0
2025.06.02 06:02,64.23,64.23,64.21,64.21,3,0,0
2025.06.02 06:03,64.2,64.22,64.2,64.2,13,0,0
2025.06.02 06:04,64.21,64.23,64.21,64.23,3,0,0
2025.06.02 06:05,64.22,64.24,64.22,64.24,3,0,0
2025.06.02 06:06,64.23,64.24,64.23,64.24,2,0,0
2025.06.02 06:07,64.23,64.24,64.23,64.24,4,0,0
2025.06.02 06:08,64.25,64.25,64.25,64.25,1,0,0
2025.06.02 06:09,64.26,64.26,64.26,64.26,1,0,0
2025.06.02 06:10,64.25,64.25,64.25,64.25,1,0,0
2025.06.02 06:11,64.26,64.26,64.26,64.26,1,0,0
2025.06.02 06:15,64.25,64.26,64.25,64.26,2,0,0
2025.06.02 06:17,64.29,64.32,64.29,64.32,6,0,0
2025.06.02 06:18,64.31,64.33,64.31,64.33,9,0,0
2025.06.02 06:19,64.32,64.33,64.32,64.32,3,0,0
2025.06.02 06:20,64.31,64.31,64.27,64.3,10,0,0
2025.06.02 06:21,64.29,64.29,64.28,64.28,4,0,0
2025.06.02 06:22,64.29,64.29,64.28,64.28,4,0,0
2025.06.02 06:23,64.27,64.29,64.27,64.29,9,0,0
2025.06.02 06:24,64.3,64.3,64.29,64.29,4,0,0
2025.06.02 06:25,64.3,64.3,64.28,64.29,4,0,0
2025.06.02 06:26,64.31,64.32,64.3,64.32,8,0,0
2025.06.02 06:27,64.31,64.32,64.31,64.31,3,0,0
2025.06.02 06:28,64.32,64.32,64.31,64.31,2,0,0
2025.06.02 06:29,64.3,64.3,64.3,64.3,1,0,0
2025.06.02 06:30,64.31,64.32,64.31,64.32,2,0,0
2025.06.02 06:31,64.31,64.31,64.27,64.3,7,0,0
2025.06.02 06:32,64.29,64.3,64.29,64.29,3,0,0
2025.06.02 06:33,64.3,64.3,64.29,64.3,3,0,0
2025.06.02 06:34,64.29,64.31,64.29,64.31,3,0,0
2025.06.02 06:35,64.32,64.33,64.32,64.33,2,0,0
2025.06.02 06:36,64.35,64.38,64.35,64.38,2,0,0
2025.06.02 06:37,64.37,64.38,64.37,64.37,9,0,0
2025.06.02 06:38,64.36,64.37,64.32,64.32,7,0,0
2025.06.02 06:39,64.33,64.33,64.32,64.32,2,0,0
2025.06.02 06:40,64.33,64.34,64.3,64.3,7,0,0
2025.06.02 06:41,64.31,64.33,64.31,64.33,13,0,0
2025.06.02 06:42,64.32,64.32,64.32,64.32,1,0,0
2025.06.02 06:43,64.33,64.33,64.32,64.32,2,0,0
2025.06.02 06:44,64.33,64.33,64.32,64.32,4,0,0
2025.06.02 06:45,64.31,64.31,64.3,64.31,3,0,0
2025.06.02 06:46,64.32,64.32,64.29,64.29,6,0,0
2025.06.02 06:47,64.3,64.3,64.29,64.29,6,0,0
2025.06.02 06:48,64.3,64.3,64.29,64.3,7,0,0
2025.06.02 06:49,64.29,64.3,64.29,64.29,7,0,0
2025.06.02 06:50,64.28,64.29,64.28,64.28,5,0,0
2025.06.02 06:51,64.27,64.28,64.24,64.25,13,0,0
2025.06.02 06:52,64.26,64.27,64.25,64.25,18,0,0
2025.06.02 06:53,64.26,64.26,64.25,64.26,9,0,0
2025.06.02 06:54,64.24,64.26,64.24,64.25,8,0,0
2025.06.02 06:55,64.26,64.26,64.25,64.25,8,0,0
2025.06.02 06:56,64.24,64.24,64.22,64.22,6,0,0
2025.06.02 06:57,64.23,64.23,64.22,64.22,2,0,0
2025.06.02 06:58,64.23,64.23,64.22,64.22,12,0,0
2025.06.02 06:59,64.23,64.25,64.2,64.21,13,0,0
2025.06.02 07:00,64.2,64.24,64.2,64.23,10,0,0
2025.06.02 07:01,64.24,64.25,64.23,64.25,10,0,0
2025.06.02 07:02,64.26,64.26,64.25,64.26,5,0,0
2025.06.02 07:04,64.27,64.27,64.26,64.26,2,0,0
2025.06.02 07:05,64.25,64.25,64.23,64.24,13,0,0
2025.06.02 07:06,64.25,64.26,64.25,64.25,5,0,0
2025.06.02 07:07,64.26,64.26,64.25,64.25,4,0,0
2025.06.02 07:08,64.26,64.26,64.25,64.25,6,0,0
2025.06.02 07:09,64.26,64.26,64.23,64.25,10,0,0
2025.06.02 07:10,64.26,64.27,64.26,64.27,2,0,0
2025.06.02 07:11,64.28,64.29,64.28,64.29,2,0,0
2025.06.02 07:12,64.3,64.31,64.29,64.3,9,0,0
2025.06.02 07:13,64.29,64.3,64.29,64.29,5,0,0
2025.06.02 07:14,64.28,64.28,64.28,64.28,1,0,0
2025.06.02 07:15,64.27,64.3,64.24,64.29,9,0,0
2025.06.02 07:16,64.3,64.3,64.26,64.26,5,0,0
2025.06.02 07:17,64.25,64.26,64.22,64.24,6,0,0
2025.06.02 07:18,64.25,64.28,64.25,64.26,10,0,0
2025.06.02 07:19,64.27,64.27,64.25,64.25,3,0,0
2025.06.02 07:20,64.26,64.26,64.22,64.23,9,0,0
2025.06.02 07:21,64.22,64.23,64.2,64.21,8,0,0
2025.06.02 07:22,64.22,64.22,64.2,64.22,9,0,0
2025.06.02 07:23,64.21,64.22,64.21,64.22,4,0,0
2025.06.02 07:24,64.21,64.21,64.2,64.21,5,0,0
2025.06.02 07:25,64.22,64.27,64.22,64.27,6,0,0
2025.06.02 07:26,64.26,64.27,64.25,64.25,10,0,0
2025.06.02 07:27,64.26,64.26,64.24,64.24,5,0,0
2025.06.02 07:29,64.25,64.26,64.24,64.24,4,0,0
2025.06.02 07:30,64.23,64.24,64.23,64.23,9,0,0
2025.06.02 07:31,64.24,64.25,64.22,64.22,6,0,0
2025.06.02 07:32,64.23,64.23,64.23,64.23,1,0,0
2025.06.02 07:33,64.24,64.27,64.22,64.22,12,0,0
2025.06.02 07:34,64.21,64.22,64.21,64.22,2,0,0
2025.06.02 07:35,64.23,64.25,64.23,64.25,5,0,0
2025.06.02 07:36,64.24,64.25,64.24,64.25,2,0,0
2025.06.02 07:37,64.24,64.24,64.22,64.22,7,0,0
2025.06.02 07:38,64.23,64.24,64.22,64.24,9,0,0
2025.06.02 07:39,64.25,64.25,64.25,64.25,1,0,0
2025.06.02 07:40,64.24,64.26,64.24,64.26,5,0,0
2025.06.02 07:41,64.27,64.3,64.26,64.29,10,0,0
2025.06.02 07:42,64.3,64.3,64.28,64.28,7,0,0
2025.06.02 07:43,64.27,64.27,64.26,64.26,4,0,0
2025.06.02 07:44,64.27,64.27,64.26,64.26,4,0,0
2025.06.02 07:45,64.27,64.28,64.26,64.28,4,0,0
2025.06.02 07:46,64.29,64.29,64.28,64.28,4,0,0
2025.06.02 07:47,64.27,64.3,64.27,64.3,10,0,0
2025.06.02 07:48,64.29,64.29,64.27,64.27,5,0,0
2025.06.02 07:49,64.28,64.28,64.27,64.28,3,0,0
2025.06.02 07:50,64.29,64.29,64.28,64.28,2,0,0
2025.06.02 07:51,64.27,64.28,64.27,64.27,11,0,0
2025.06.02 07:52,64.28,64.29,64.27,64.29,6,0,0
2025.06.02 07:53,64.28,64.29,64.28,64.29,4,0,0
2025.06.02 07:54,64.3,64.3,64.28,64.28,5,0,0
2025.06.02 07:55,64.29,64.29,64.28,64.29,3,0,0
2025.06.02 07:56,64.28,64.28,64.27,64.27,2,0,0
2025.06.02 07:57,64.26,64.27,64.26,64.26,3,0,0
2025.06.02 07:58,64.25,64.27,64.25,64.27,5,0,0
2025.06.02 07:59,64.26,64.28,64.26,64.28,7,0,0
2025.06.02 08:00,64.27,64.27,64.22,64.25,21,0,0
2025.06.02 08:01,64.24,64.26,64.24,64.25,24,0,0
2025.06.02 08:02,64.24,64.25,64.21,64.21,23,0,0
2025.06.02 08:03,64.21,64.21,64.14,64.17,39,0,0
2025.06.02 08:04,64.17,64.18,64.17,64.17,9,0,0
2025.06.02 08:05,64.18,64.18,64.16,64.16,11,0,0
2025.06.02 08:06,64.16,64.17,64.15,64.16,13,0,0
2025.06.02 08:07,64.15,64.16,64.15,64.16,8,0,0
2025.06.02 08:08,64.15,64.15,64.13,64.14,18,0,0
2025.06.02 08:09,64.13,64.18,64.13,64.16,20,0,0
2025.06.02 08:10,64.17,64.17,64.13,64.15,10,0,0
2025.06.02 08:11,64.15,64.15,64.12,64.12,14,0,0
2025.06.02 08:12,64.12,64.13,64.08,64.11,27,0,0
2025.06.02 08:13,64.1,64.12,64.1,64.11,18,0,0
2025.06.02 08:14,64.11,64.12,64.1,64.11,9,0,0
2025.06.02 08:15,64.11,64.11,64.08,64.11,25,0,0
2025.06.02 08:16,64.11,64.17,64.11,64.16,14,0,0
2025.06.02 08:17,64.16,64.2,64.16,64.19,19,0,0
2025.06.02 08:18,64.19,64.21,64.19,64.2,12,0,0
2025.06.02 08:19,64.21,64.22,64.19,64.22,11,0,0
2025.06.02 08:20,64.22,64.24,64.18,64.18,11,0,0
2025.06.02 08:21,64.17,64.21,64.16,64.21,17,0,0
2025.06.02 08:22,64.22,64.23,64.21,64.22,13,0,0
2025.06.02 08:23,64.21,64.23,64.19,64.19,9,0,0
2025.06.02 08:24,64.19,64.2,64.18,64.2,8,0,0
2025.06.02 08:25,64.21,64.23,64.2,64.23,11,0,0
2025.06.02 08:26,64.22,64.22,64.19,64.2,7,0,0
2025.06.02 08:27,64.2,64.23,64.2,64.22,18,0,0
2025.06.02 08:28,64.22,64.23,64.22,64.23,5,0,0
2025.06.02 08:29,64.24,64.26,64.24,64.25,4,0,0
2025.06.02 08:30,64.25,64.26,64.24,64.26,17,0,0
2025.06.02 08:31,64.25,64.27,64.22,64.26,16,0,0
2025.06.02 08:32,64.27,64.31,64.27,64.31,12,0,0
2025.06.02 08:33,64.31,64.31,64.3,64.31,5,0,0
2025.06.02 08:34,64.3,64.33,64.3,64.33,13,0,0
2025.06.02 08:35,64.33,64.36,64.32,64.35,18,0,0
2025.06.02 08:36,64.35,64.35,64.33,64.33,13,0,0
2025.06.02 08:37,64.34,64.34,64.31,64.31,10,0,0
2025.06.02 08:38,64.31,64.34,64.3,64.34,13,0,0
2025.06.02 08:39,64.33,64.33,64.31,64.31,18,0,0
2025.06.02 08:40,64.3,64.31,64.29,64.3,12,0,0
2025.06.02 08:41,64.3,64.3,64.28,64.29,14,0,0
2025.06.02 08:42,64.29,64.32,64.29,64.31,9,0,0
2025.06.02 08:43,64.32,64.36,64.32,64.35,12,0,0
2025.06.02 08:44,64.35,64.36,64.34,64.35,20,0,0
2025.06.02 08:45,64.36,64.37,64.32,64.35,27,0,0
2025.06.02 08:46,64.35,64.37,64.34,64.37,12,0,0
2025.06.02 08:47,64.36,64.36,64.34,64.34,7,0,0
2025.06.02 08:48,64.33,64.33,64.29,64.31,15,0,0
2025.06.02 08:49,64.31,64.34,64.31,64.33,15,0,0
2025.06.02 08:50,64.33,64.33,64.32,64.32,9,0,0
2025.06.02 08:51,64.31,64.33,64.29,64.29,22,0,0
2025.06.02 08:52,64.29,64.3,64.28,64.29,8,0,0
2025.06.02 08:53,64.28,64.33,64.28,64.32,12,0,0
2025.06.02 08:54,64.32,64.33,64.31,64.31,10,0,0
2025.06.02 08:55,64.29,64.3,64.29,64.29,15,0,0
2025.06.02 08:56,64.31,64.31,64.27,64.29,24,0,0
2025.06.02 08:57,64.3,64.3,64.26,64.26,6,0,0
2025.06.02 08:58,64.26,64.28,64.25,64.28,13,0,0
2025.06.02 08:59,64.27,64.28,64.25,64.27,23,0,0
2025.06.02 09:00,64.26,64.37,64.25,64.32,44,0,0
2025.06.02 09:01,64.33,64.34,64.31,64.31,23,0,0
2025.06.02 09:02,64.31,64.33,64.23,64.25,26,0,0
2025.06.02 09:03,64.26,64.31,64.25,64.3,25,0,0
2025.06.02 09:04,64.31,64.34,64.24,64.34,34,0,0
2025.06.02 09:05,64.35,64.36,64.25,64.25,33,0,0
2025.06.02 09:06,64.26,64.28,64.21,64.21,33,0,0
2025.06.02 09:07,64.22,64.26,64.19,64.2,26,0,0
2025.06.02 09:08,64.19,64.23,64.19,64.22,28,0,0
2025.06.02 09:09,64.22,64.24,64.21,64.22,17,0,0
2025.06.02 09:10,64.23,64.24,64.16,64.16,17,0,0
2025.06.02 09:11,64.15,64.18,64.11,64.14,54,0,0
2025.06.02 09:12,64.14,64.23,64.12,64.18,36,0,0
2025.06.02 09:13,64.19,64.23,64.18,64.2,20,0,0
2025.06.02 09:14,64.2,64.21,64.11,64.13,17,0,0
2025.06.02 09:15,64.13,64.28,64.13,64.26,56,0,0
2025.06.02 09:16,64.25,64.25,64.16,64.18,34,0,0
2025.06.02 09:17,64.17,64.37,64.17,64.36,36,0,0
2025.06.02 09:18,64.36,64.43,64.36,64.4,24,0,0
2025.06.02 09:19,64.41,64.42,64.38,64.38,29,0,0
2025.06.02 09:20,64.39,64.4,64.34,64.36,28,0,0
2025.06.02 09:21,64.36,64.38,64.35,64.38,13,0,0
2025.06.02 09:22,64.39,64.39,64.37,64.38,4,0,0
2025.06.02 09:23,64.37,64.38,64.33,64.35,19,0,0
2025.06.02 09:24,64.36,64.38,64.33,64.34,21,0,0
2025.06.02 09:25,64.33,64.34,64.32,64.32,22,0,0
2025.06.02 09:26,64.31,64.35,64.31,64.33,22,0,0
2025.06.02 09:27,64.32,64.32,64.25,64.25,30,0,0
2025.06.02 09:28,64.24,64.25,64.16,64.17,52,0,0
2025.06.02 09:29,64.16,64.19,64.15,64.17,33,0,0
2025.06.02 09:30,64.18,64.2,64.14,64.19,48,0,0
2025.06.02 09:31,64.2,64.2,64.16,64.17,28,0,0
2025.06.02 09:32,64.15,64.2,64.14,64.19,34,0,0
2025.06.02 09:33,64.21,64.23,64.19,64.2,29,0,0
2025.06.02 09:34,64.21,64.23,64.14,64.14,30,0,0
2025.06.02 09:35,64.13,64.17,64.13,64.17,23,0,0
2025.06.02 09:36,64.18,64.18,64.16,64.18,13,0,0
2025.06.02 09:37,64.18,64.18,64.15,64.16,20,0,0
2025.06.02 09:38,64.15,64.17,64.14,64.17,23,0,0
2025.06.02 09:39,64.17,64.18,64.14,64.17,24,0,0
2025.06.02 09:40,64.16,64.18,64.14,64.17,24,0,0
2025.06.02 09:41,64.17,64.17,64.11,64.14,15,0,0
2025.06.02 09:42,64.13,64.13,64.1,64.12,16,0,0
2025.06.02 09:43,64.11,64.11,64.06,64.08,38,0,0
2025.06.02 09:44,64.07,64.1,64.07,64.1,23,0,0
2025.06.02 09:45,64.09,64.14,64.09,64.12,28,0,0
2025.06.02 09:46,64.11,64.22,64.11,64.21,39,0,0
2025.06.02 09:47,64.22,64.22,64.17,64.18,21,0,0
2025.06.02 09:48,64.17,64.26,64.17,64.25,41,0,0
2025.06.02 09:49,64.24,64.26,64.22,64.25,22,0,0
2025.06.02 09:50,64.26,64.32,64.26,64.29,27,0,0
2025.06.02 09:51,64.28,64.28,64.25,64.26,28,0,0
2025.06.02 09:52,64.26,64.27,64.22,64.24,19,0,0
2025.06.02 09:53,64.24,64.25,64.18,64.18,14,0,0
2025.06.02 09:54,64.18,64.22,64.16,64.18,21,0,0
2025.06.02 09:55,64.17,64.2,64.15,64.19,21,0,0
2025.06.02 09:56,64.19,64.21,64.15,64.16,21,0,0
2025.06.02 09:57,64.15,64.21,64.14,64.2,28,0,0
2025.06.02 09:58,64.21,64.23,64.21,64.22,19,0,0
2025.06.02 09:59,64.23,64.23,64.21,64.23,20,0,0
2025.06.02 10:00,64.23,64.31,64.23,64.31,43,0,0
2025.06.02 10:01,64.3,64.42,64.3,64.41,23,0,0
2025.06.02 10:02,64.41,64.43,64.35,64.35,25,0,0
2025.06.02 10:03,64.36,64.42,64.31,64.41,51,0,0
2025.06.02 10:04,64.42,64.45,64.41,64.41,28,0,0
2025.06.02 10:05,64.39,64.41,64.34,64.35,34,0,0
2025.06.02 10:06,64.36,64.39,64.36,64.36,28,0,0
2025.06.02 10:07,64.37,64.39,64.35,64.39,29,0,0
2025.06.02 10:08,64.41,64.43,64.4,64.43,27,0,0
2025.06.02 10:09,64.43,64.54,64.42,64.52,34,0,0
2025.06.02 10:10,64.53,64.56,64.52,64.54,54,0,0
2025.06.02 10:11,64.54,64.54,64.52,64.52,25,0,0
2025.06.02 10:12,64.53,64.57,64.53,64.57,14,0,0
2025.06.02 10:13,64.58,64.68,64.58,64.64,50,0,0
2025.06.02 10:14,64.65,64.68,64.64,64.66,23,0,0
2025.06.02 10:15,64.66,64.68,64.64,64.64,35,0,0
2025.06.02 10:16,64.64,64.65,64.63,64.64,28,0,0
2025.06.02 10:17,64.64,64.67,64.64,64.66,18,0,0
2025.06.02 10:18,64.66,64.66,64.59,64.59,35,0,0
2025.06.02 10:19,64.59,64.6,64.57,64.58,42,0,0
2025.06.02 10:20,64.57,64.6,64.56,64.56,30,0,0
2025.06.02 10:21,64.56,64.58,64.55,64.58,16,0,0
2025.06.02 10:22,64.58,64.59,64.57,64.58,28,0,0
2025.06.02 10:23,64.58,64.59,64.54,64.54,17,0,0
2025.06.02 10:24,64.55,64.59,64.53,64.58,16,0,0
2025.06.02 10:25,64.58,64.6,64.5,64.51,30,0,0
2025.06.02 10:26,64.52,64.58,64.51,64.58,38,0,0
2025.06.02 10:27,64.58,64.63,64.58,64.61,36,0,0
2025.06.02 10:28,64.6,64.62,64.59,64.61,25,0,0
2025.06.02 10:29,64.62,64.63,64.48,64.48,91,0,0
2025.06.02 10:30,64.47,64.53,64.47,64.52,78,0,0
2025.06.02 10:31,64.52,64.53,64.45,64.5,37,0,0
2025.06.02 10:32,64.51,64.51,64.47,64.48,31,0,0
2025.06.02 10:33,64.48,64.51,64.47,64.49,24,0,0
2025.06.02 10:34,64.49,64.5,64.46,64.46,27,0,0
2025.06.02 10:35,64.47,64.5,64.43,64.45,34,0,0
2025.06.02 10:36,64.46,64.49,64.46,64.48,33,0,0
2025.06.02 10:37,64.49,64.57,64.48,64.54,37,0,0
2025.06.02 10:38,64.54,64.57,64.53,64.57,30,0,0
2025.06.02 10:39,64.57,64.6,64.57,64.59,33,0,0
2025.06.02 10:40,64.58,64.6,64.56,64.59,21,0,0
2025.06.02 10:41,64.58,64.62,64.56,64.58,28,0,0
2025.06.02 10:42,64.56,64.57,64.52,64.52,26,0,0
2025.06.02 10:43,64.53,64.56,64.53,64.55,21,0,0
2025.06.02 10:44,64.54,64.57,64.53,64.53,17,0,0
2025.06.02 10:45,64.52,64.56,64.52,64.56,15,0,0
2025.06.02 10:46,64.57,64.63,64.57,64.62,19,0,0
2025.06.02 10:47,64.62,64.67,64.6,64.67,19,0,0
2025.06.02 10:48,64.66,64.67,64.65,64.66,33,0,0
2025.06.02 10:49,64.66,64.71,64.66,64.7,21,0,0
2025.06.02 10:50,64.7,64.7,64.67,64.68,14,0,0
2025.06.02 10:51,64.69,64.69,64.67,64.67,16,0,0
2025.06.02 10:52,64.66,64.69,64.65,64.67,21,0,0
2025.06.02 10:53,64.67,64.68,64.63,64.65,19,0,0
2025.06.02 10:54,64.66,64.67,64.65,64.67,13,0,0
2025.06.02 10:55,64.67,64.67,64.65,64.66,7,0,0
2025.06.02 10:56,64.67,64.68,64.67,64.67,16,0,0
2025.06.02 10:57,64.66,64.68,64.66,64.67,10,0,0
2025.06.02 10:58,64.68,64.69,64.66,64.67,13,0,0
2025.06.02 10:59,64.67,64.7,64.66,64.67,16,0,0
2025.06.02 11:00,64.68,64.69,64.66,64.67,21,0,0
2025.06.02 11:01,64.68,64.68,64.62,64.65,30,0,0
2025.06.02 11:02,64.65,64.65,64.62,64.64,21,0,0
2025.06.02 11:03,64.65,64.69,64.64,64.67,21,0,0
2025.06.02 11:04,64.66,64.71,64.66,64.67,36,0,0
2025.06.02 11:05,64.66,64.67,64.64,64.66,24,0,0
2025.06.02 11:06,64.64,64.7,64.63,64.67,21,0,0
2025.06.02 11:07,64.68,64.69,64.61,64.61,16,0,0
2025.06.02 11:08,64.62,64.62,64.56,64.58,23,0,0
2025.06.02 11:09,64.58,64.61,64.57,64.59,30,0,0
2025.06.02 11:10,64.6,64.62,64.58,64.59,19,0,0
2025.06.02 11:11,64.6,64.63,64.57,64.57,19,0,0
2025.06.02 11:12,64.57,64.58,64.56,64.57,11,0,0
2025.06.02 11:13,64.58,64.58,64.5,64.5,25,0,0
2025.06.02 11:14,64.51,64.52,64.49,64.52,19,0,0
2025.06.02 11:15,64.52,64.61,64.52,64.61,18,0,0
2025.06.02 11:16,64.62,64.68,64.62,64.67,16,0,0
2025.06.02 11:17,64.68,64.68,64.66,64.66,9,0,0
2025.06.02 11:18,64.66,64.68,64.66,64.67,18,0,0
2025.06.02 11:19,64.67,64.68,64.66,64.66,16,0,0
2025.06.02 11:20,64.67,64.68,64.66,64.67,14,0,0
2025.06.02 11:21,64.68,64.68,64.66,64.66,8,0,0
2025.06.02 11:22,64.65,64.68,64.65,64.66,12,0,0
2025.06.02 11:23,64.67,64.72,64.66,64.71,19,0,0
2025.06.02 11:24,64.72,64.75,64.71,64.74,10,0,0
2025.06.02 11:25,64.75,64.83,64.75,64.81,25,0,0
2025.06.02 11:26,64.82,64.82,64.79,64.8,26,0,0
2025.06.02 11:27,64.79,64.8,64.78,64.8,22,0,0
2025.06.02 11:28,64.79,64.79,64.68,64.7,27,0,0
2025.06.02 11:29,64.71,64.73,64.67,64.73,26,0,0
2025.06.02 11:30,64.74,64.77,64.73,64.75,32,0,0
2025.06.02 11:31,64.75,64.77,64.75,64.77,5,0,0
2025.06.02 11:32,64.78,64.79,64.75,64.75,9,0,0
2025.06.02 11:33,64.76,64.77,64.74,64.76,6,0,0
2025.06.02 11:34,64.75,64.78,64.75,64.78,11,0,0
2025.06.02 11:35,64.78,64.81,64.78,64.79,23,0,0
2025.06.02 11:36,64.8,64.83,64.8,64.82,20,0,0
2025.06.02 11:37,64.82,64.85,64.82,64.85,21,0,0
2025.06.02 11:38,64.84,64.86,64.83,64.83,18,0,0
2025.06.02 11:39,64.84,64.85,64.8,64.8,28,0,0
2025.06.02 11:40,64.81,64.81,64.76,64.78,30,0,0
2025.06.02 11:41,64.77,64.85,64.76,64.84,23,0,0
2025.06.02 11:42,64.83,64.85,64.83,64.85,23,0,0
2025.06.02 11:43,64.85,64.86,64.82,64.82,19,0,0
2025.06.02 11:44,64.83,64.83,64.82,64.82,13,0,0
2025.06.02 11:45,64.81,64.82,64.81,64.82,4,0,0
2025.06.02 11:46,64.81,64.86,64.81,64.85,16,0,0
2025.06.02 11:47,64.86,64.86,64.83,64.83,14,0,0
2025.06.02 11:48,64.84,64.85,64.81,64.82,11,0,0
2025.06.02 11:49,64.81,64.82,64.8,64.82,13,0,0
2025.06.02 11:50,64.83,64.86,64.83,64.86,12,0,0
2025.06.02 11:51,64.87,64.87,64.86,64.86,8,0,0
2025.06.02 11:52,64.86,64.87,64.85,64.87,5,0,0
2025.06.02 11:53,64.88,64.89,64.87,64.88,12,0,0
2025.06.02 11:54,64.88,64.91,64.88,64.91,9,0,0
2025.06.02 11:55,64.91,64.91,64.87,64.9,14,0,0
2025.06.02 11:56,64.9,64.92,64.9,64.91,8,0,0
2025.06.02 11:57,64.91,64.92,64.9,64.91,25,0,0
2025.06.02 11:58,64.92,64.94,64.92,64.94,10,0,0
2025.06.02 11:59,64.94,64.95,64.94,64.95,9,0,0
2025.06.02 12:00,64.95,64.95,64.92,64.93,21,0,0
2025.06.02 12:01,64.95,64.95,64.94,64.94,4,0,0
2025.06.02 12:02,64.94,64.94,64.91,64.92,16,0,0
2025.06.02 12:03,64.93,64.93,64.89,64.92,9,0,0
2025.06.02 12:04,64.93,64.95,64.93,64.94,14,0,0
2025.06.02 12:05,64.94,64.98,64.94,64.96,18,0,0
2025.06.02 12:06,64.97,64.97,64.94,64.94,23,0,0
2025.06.02 12:07,64.95,64.95,64.94,64.94,14,0,0
2025.06.02 12:08,64.95,64.95,64.9,64.9,17,0,0
2025.06.02 12:09,64.91,64.91,64.9,64.91,13,0,0
2025.06.02 12:10,64.91,64.92,64.9,64.9,7,0,0
2025.06.02 12:11,64.9,64.9,64.82,64.84,33,0,0
2025.06.02 12:12,64.83,64.85,64.82,64.82,18,0,0
2025.06.02 12:13,64.82,64.84,64.81,64.82,22,0,0
2025.06.02 12:14,64.83,64.83,64.81,64.81,14,0,0
2025.06.02 12:15,64.81,64.82,64.78,64.78,25,0,0
2025.06.02 12:16,64.78,64.81,64.78,64.79,13,0,0
2025.06.02 12:17,64.79,64.8,64.79,64.8,6,0,0
2025.06.02 12:18,64.81,64.83,64.81,64.81,13,0,0
2025.06.02 12:19,64.82,64.82,64.78,64.78,8,0,0
2025.06.02 12:20,64.79,64.79,64.77,64.77,25,0,0
2025.06.02 12:21,64.78,64.8,64.77,64.79,22,0,0
2025.06.02 12:22,64.8,64.83,64.8,64.83,19,0,0
2025.06.02 12:23,64.83,64.83,64.81,64.81,15,0,0
2025.06.02 12:24,64.81,64.83,64.8,64.81,25,0,0
2025.06.02 12:25,64.81,64.82,64.81,64.82,3,0,0
2025.06.02 12:26,64.82,64.83,64.81,64.81,13,0,0
2025.06.02 12:27,64.82,64.83,64.82,64.82,6,0,0
2025.06.02 12:28,64.81,64.82,64.81,64.81,8,0,0
2025.06.02 12:29,64.81,64.82,64.81,64.82,5,0,0
2025.06.02 12:30,64.82,64.85,64.82,64.84,14,0,0
2025.06.02 12:31,64.85,64.86,64.84,64.84,17,0,0
2025.06.02 12:32,64.83,64.83,64.8,64.81,7,0,0
2025.06.02 12:33,64.82,64.85,64.82,64.84,14,0,0
2025.06.02 12:34,64.83,64.85,64.83,64.84,17,0,0
2025.06.02 12:35,64.84,64.85,64.83,64.84,17,0,0
2025.06.02 12:36,64.84,64.86,64.84,64.84,14,0,0
2025.06.02 12:37,64.83,64.86,64.83,64.85,6,0,0
2025.06.02 12:38,64.86,64.89,64.86,64.88,12,0,0
2025.06.02 12:39,64.89,65.08,64.88,65.01,81,0,0
2025.06.02 12:40,65.01,65.03,64.97,64.98,58,0,0
2025.06.02 12:41,64.98,64.99,64.93,64.98,42,0,0
2025.06.02 12:42,64.98,65.04,64.98,65.01,37,0,0
2025.06.02 12:43,65.02,65.06,64.99,65.01,41,0,0
2025.06.02 12:44,65.0,65.02,64.98,65.02,37,0,0
2025.06.02 12:45,65.03,65.04,65.0,65.03,27,0,0
2025.06.02 12:46,65.02,65.06,65.02,65.04,21,0,0
2025.06.02 12:47,65.05,65.1,65.04,65.04,24,0,0
2025.06.02 12:48,65.04,65.07,65.04,65.06,25,0,0
2025.06.02 12:49,65.06,65.09,65.06,65.09,12,0,0
2025.06.02 12:50,65.08,65.09,65.07,65.08,26,0,0
2025.06.02 12:51,65.09,65.12,65.08,65.1,24,0,0
2025.06.02 12:52,65.11,65.14,65.11,65.14,16,0,0
2025.06.02 12:53,65.15,65.15,65.11,65.13,25,0,0
2025.06.02 12:54,65.14,65.19,65.13,65.19,42,0,0
2025.06.02 12:55,65.19,65.19,65.17,65.18,21,0,0
2025.06.02 12:56,65.18,65.19,65.15,65.15,20,0,0
2025.06.02 12:57,65.15,65.17,65.12,65.16,18,0,0
2025.06.02 12:58,65.16,65.2,65.15,65.18,18,0,0
2025.06.02 12:59,65.17,65.2,65.17,65.18,24,0,0
2025.06.02 13:00,65.17,65.21,65.16,65.19,26,0,0
2025.06.02 13:01,65.17,65.18,65.16,65.18,17,0,0
2025.06.02 13:02,65.18,65.19,65.16,65.16,23,0,0
2025.06.02 13:03,65.15,65.17,65.15,65.17,10,0,0
2025.06.02 13:04,65.18,65.19,65.18,65.19,5,0,0
2025.06.02 13:05,65.18,65.18,65.12,65.13,24,0,0
2025.06.02 13:06,65.13,65.16,65.12,65.13,29,0,0
2025.06.02 13:07,65.13,65.15,65.13,65.14,14,0,0
2025.06.02 13:08,65.14,65.15,65.13,65.15,18,0,0
2025.06.02 13:09,65.14,65.14,65.1,65.12,21,0,0
2025.06.02 13:10,65.11,65.12,65.08,65.1,34,0,0
2025.06.02 13:11,65.1,65.1,65.07,65.07,22,0,0
2025.06.02 13:12,65.06,65.09,65.06,65.09,19,0,0
2025.06.02 13:13,65.1,65.11,65.08,65.09,14,0,0
2025.06.02 13:14,65.09,65.09,65.07,65.09,12,0,0
2025.06.02 13:15,65.1,65.1,65.08,65.08,10,0,0
2025.06.02 13:16,65.09,65.1,65.09,65.1,7,0,0
2025.06.02 13:17,65.1,65.11,65.05,65.05,25,0,0
2025.06.02 13:18,65.04,65.06,65.03,65.04,25,0,0
2025.06.02 13:19,65.03,65.06,65.03,65.06,26,0,0
2025.06.02 13:20,65.05,65.07,65.05,65.06,18,0,0
2025.06.02 13:21,65.05,65.08,65.05,65.08,16,0,0
2025.06.02 13:22,65.07,65.08,65.06,65.08,13,0,0
2025.06.02 13:23,65.08,65.08,65.06,65.06,9,0,0
2025.06.02 13:24,65.07,65.07,65.06,65.06,7,0,0
2025.06.02 13:25,65.06,65.07,65.06,65.07,6,0,0
2025.06.02 13:26,65.08,65.08,65.07,65.08,7,0,0
2025.06.02 13:27,65.07,65.08,65.07,65.07,3,0,0
2025.06.02 13:28,65.08,65.08,65.07,65.07,6,0,0
2025.06.02 13:29,65.07,65.07,65.06,65.07,7,0,0
2025.06.02 13:30,65.08,65.08,65.07,65.08,10,0,0
2025.06.02 13:31,65.07,65.12,65.07,65.08,26,0,0
2025.06.02 13:32,65.09,65.1,65.07,65.1,12,0,0
2025.06.02 13:33,65.1,65.11,65.09,65.09,9,0,0
2025.06.02 13:34,65.1,65.12,65.1,65.11,14,0,0
2025.06.02 13:35,65.1,65.11,65.07,65.08,18,0,0
2025.06.02 13:36,65.09,65.12,65.08,65.11,20,0,0
2025.06.02 13:37,65.11,65.11,65.09,65.09,7,0,0
2025.06.02 13:38,65.1,65.12,65.1,65.12,18,0,0
2025.06.02 13:39,65.13,65.13,65.1,65.1,13,0,0
2025.06.02 13:40,65.1,65.11,65.1,65.11,7,0,0
2025.06.02 13:41,65.1,65.12,65.1,65.12,10,0,0
2025.06.02 13:42,65.12,65.14,65.12,65.13,13,0,0
2025.06.02 13:43,65.13,65.17,65.11,65.15,27,0,0
2025.06.02 13:44,65.14,65.17,65.14,65.16,16,0,0
2025.06.02 13:45,65.17,65.17,65.15,65.16,8,0,0
2025.06.02 13:46,65.15,65.15,65.15,65.15,1,0,0
