time,open,high,low,close,tick_volume,spread,real_volume
2025.02.11 16:15,52864.0,53009.0,52839.0,52949.0,27,0,0
2025.02.11 16:30,52944.0,53094.0,52944.0,53089.0,50,0,0
2025.02.11 16:45,53084.0,53084.0,52984.0,53029.0,23,0,0
2025.02.11 17:00,53049.0,53199.0,53049.0,53104.0,13,0,0
2025.02.11 17:15,53159.0,53199.0,53159.0,53194.0,10,0,0
2025.02.11 17:30,53214.0,53274.0,53214.0,53274.0,9,0,0
2025.02.11 17:45,53269.0,53294.0,53239.0,53269.0,13,0,0
2025.02.11 18:00,53264.0,53269.0,53194.0,53199.0,7,0,0
2025.02.11 18:15,53234.0,53344.0,53234.0,53344.0,8,0,0
2025.02.11 18:30,53309.0,53399.0,53294.0,53384.0,13,0,0
2025.02.11 18:45,53409.0,53429.0,53349.0,53404.0,13,0,0
2025.02.11 19:00,53444.0,53529.0,53444.0,53524.0,13,0,0
2025.02.11 19:15,53509.0,53644.0,53509.0,53589.0,11,0,0
2025.02.11 19:30,53584.0,53584.0,53499.0,53504.0,11,0,0
2025.02.11 19:45,53464.0,53714.0,53464.0,53714.0,12,0,0
2025.02.11 20:00,53684.0,53734.0,53684.0,53734.0,7,0,0
2025.02.11 20:15,53694.0,53694.0,53579.0,53579.0,8,0,0
2025.02.11 20:30,53569.0,53684.0,53559.0,53684.0,23,0,0
2025.02.11 20:45,53679.0,53679.0,53609.0,53609.0,13,0,0
2025.02.12 15:30,53644.0,53814.0,53594.0,53729.0,25,0,0
2025.02.12 15:45,53669.0,53709.0,53564.0,53579.0,27,0,0
2025.02.12 16:00,53644.0,53644.0,53514.0,53539.0,14,0,0
2025.02.12 16:15,53534.0,53574.0,53454.0,53514.0,30,0,0
2025.02.12 16:30,53524.0,53524.0,53464.0,53484.0,26,0,0
2025.02.12 16:45,53479.0,53574.0,53414.0,53464.0,28,0,0
2025.02.12 17:00,53449.0,53479.0,53419.0,53479.0,14,0,0
2025.02.12 17:15,53439.0,53464.0,53419.0,53434.0,13,0,0
2025.02.12 17:30,53439.0,53459.0,53389.0,53434.0,17,0,0
2025.02.12 17:45,53349.0,53444.0,53344.0,53434.0,23,0,0
2025.02.12 18:00,53419.0,53529.0,53419.0,53514.0,15,0,0
2025.02.12 18:15,53504.0,53539.0,53414.0,53429.0,12,0,0
2025.02.12 18:30,53484.0,53484.0,53479.0,53484.0,7,0,0
2025.02.12 18:45,53514.0,53699.0,53514.0,53699.0,17,0,0
2025.02.12 19:00,53724.0,53899.0,53694.0,53834.0,14,0,0
2025.02.12 19:15,53849.0,53899.0,53809.0,53899.0,10,0,0
2025.02.12 19:30,53904.0,54209.0,53904.0,54074.0,18,0,0
2025.02.12 19:45,54049.0,54079.0,53979.0,53979.0,12,0,0
2025.02.12 20:00,54009.0,54179.0,54009.0,54134.0,8,0,0
2025.02.12 20:15,54184.0,54234.0,54134.0,54234.0,6,0,0
2025.02.12 20:30,54229.0,54384.0,54139.0,54294.0,35,0,0
2025.02.12 20:45,54309.0,54374.0,54309.0,54334.0,9,0,0
2025.02.13 15:30,54279.0,54564.0,54279.0,54529.0,30,0,0
2025.02.13 15:45,54559.0,54559.0,54394.0,54469.0,18,0,0
2025.02.13 16:00,54464.0,54549.0,54429.0,54449.0,26,0,0
2025.02.13 16:15,54469.0,54629.0,54469.0,54629.0,21,0,0
2025.02.13 16:30,54549.0,54644.0,54549.0,54644.0,7,0,0
2025.02.13 16:45,54639.0,54709.0,54639.0,54684.0,13,0,0
2025.02.13 17:00,54689.0,54689.0,54559.0,54579.0,12,0,0
2025.02.13 17:15,54559.0,54599.0,54509.0,54599.0,12,0,0
2025.02.13 17:30,54654.0,54699.0,54579.0,54579.0,6,0,0
2025.02.13 17:45,54589.0,54774.0,54589.0,54689.0,20,0,0
2025.02.13 18:00,54729.0,54764.0,54674.0,54704.0,9,0,0
2025.02.13 18:15,54709.0,54779.0,54709.0,54774.0,14,0,0
2025.02.13 18:30,54769.0,54769.0,54689.0,54694.0,12,0,0
2025.02.13 18:45,54699.0,54729.0,54619.0,54669.0,11,0,0
2025.02.13 19:00,54664.0,54689.0,54589.0,54639.0,19,0,0
2025.02.13 19:15,54644.0,54714.0,54589.0,54589.0,10,0,0
2025.02.13 19:30,54599.0,54714.0,54599.0,54704.0,8,0,0
2025.02.13 19:45,54684.0,54724.0,54639.0,54639.0,8,0,0
2025.02.13 20:00,54654.0,54699.0,54654.0,54674.0,8,0,0
2025.02.13 20:15,54684.0,54714.0,54669.0,54669.0,5,0,0
2025.02.13 20:30,54684.0,54694.0,54629.0,54659.0,9,0,0
2025.02.13 20:45,54689.0,54719.0,54669.0,54669.0,6,0,0
2025.02.14 15:30,54864.0,54864.0,54284.0,54449.0,40,0,0
2025.02.14 15:45,54429.0,54524.0,54409.0,54459.0,24,0,0
2025.02.14 16:00,54454.0,54484.0,54414.0,54444.0,22,0,0
2025.02.14 16:15,54439.0,54439.0,54344.0,54419.0,21,0,0
2025.02.14 16:30,54414.0,54414.0,54279.0,54309.0,17,0,0
2025.02.14 16:45,54344.0,54344.0,54289.0,54314.0,14,0,0
2025.02.14 17:00,54329.0,54424.0,54309.0,54424.0,16,0,0
2025.02.14 17:15,54429.0,54439.0,54404.0,54404.0,6,0,0
2025.02.14 17:30,54379.0,54454.0,54379.0,54454.0,8,0,0
2025.02.14 17:45,54509.0,54509.0,54464.0,54509.0,10,0,0
2025.02.14 18:00,54504.0,54549.0,54504.0,54514.0,7,0,0
2025.02.14 18:15,54519.0,54619.0,54519.0,54519.0,16,0,0
2025.02.14 18:30,54594.0,54594.0,54464.0,54509.0,15,0,0
2025.02.14 18:45,54534.0,54569.0,54509.0,54569.0,10,0,0
2025.02.14 19:00,54574.0,54599.0,54574.0,54589.0,4,0,0
2025.02.14 19:15,54584.0,54614.0,54539.0,54569.0,15,0,0
2025.02.14 19:30,54564.0,54564.0,54454.0,54454.0,13,0,0
2025.02.14 19:45,54459.0,54524.0,54459.0,54524.0,11,0,0
2025.02.14 20:00,54509.0,54529.0,54489.0,54509.0,9,0,0
2025.02.14 20:15,54504.0,54509.0,54504.0,54509.0,8,0,0
2025.02.14 20:30,54519.0,54524.0,54459.0,54484.0,23,0,0
2025.02.14 20:45,54494.0,54514.0,54494.0,54509.0,7,0,0
2025.02.17 15:30,54434.0,54434.0,54149.0,54184.0,12,0,0
2025.02.17 15:45,54214.0,54214.0,54129.0,54214.0,13,0,0
2025.02.17 16:00,54184.0,54234.0,54184.0,54189.0,9,0,0
2025.02.17 16:15,54194.0,54249.0,54194.0,54244.0,8,0,0
2025.02.17 16:30,54249.0,54359.0,54249.0,54359.0,13,0,0
2025.02.17 16:45,54354.0,54459.0,54354.0,54449.0,8,0,0
2025.02.17 17:00,54464.0,54464.0,54449.0,54464.0,8,0,0
2025.02.17 17:15,54549.0,54549.0,54449.0,54479.0,10,0,0
2025.02.17 17:30,54474.0,54549.0,54449.0,54549.0,11,0,0
2025.02.17 17:45,54544.0,54544.0,54429.0,54429.0,9,0,0
2025.02.17 18:00,54449.0,54449.0,54429.0,54449.0,3,0,0
2025.02.17 18:15,54459.0,54509.0,54449.0,54509.0,13,0,0
2025.02.17 18:30,54514.0,54529.0,54514.0,54529.0,2,0,0
2025.02.17 18:45,54524.0,54569.0,54524.0,54569.0,5,0,0
2025.02.17 19:00,54614.0,54624.0,54539.0,54539.0,3,0,0
2025.02.17 19:15,54544.0,54624.0,54544.0,54624.0,7,0,0
2025.02.17 19:30,54619.0,54659.0,54619.0,54624.0,8,0,0
2025.02.17 19:45,54619.0,54619.0,54619.0,54619.0,1,0,0
2025.02.17 20:00,54629.0,54634.0,54629.0,54634.0,2,0,0
2025.02.17 20:15,54635.0,54644.0,54634.0,54644.0,3,0,0
2025.02.17 20:30,54634.0,54634.0,54634.0,54634.0,1,0,0
2025.02.17 20:45,54609.0,54619.0,54609.0,54619.0,3,0,0
2025.02.18 15:30,54749.0,54749.0,54419.0,54609.0,44,0,0
2025.02.18 15:45,54599.0,54599.0,54499.0,54589.0,23,0,0
2025.02.18 16:00,54574.0,54589.0,54529.0,54544.0,8,0,0
2025.02.18 16:15,54549.0,54679.0,54549.0,54674.0,14,0,0
2025.02.18 16:30,54764.0,54859.0,54729.0,54859.0,23,0,0
2025.02.18 16:45,54829.0,54879.0,54739.0,54874.0,17,0,0
2025.02.18 17:00,54869.0,54869.0,54814.0,54829.0,5,0,0
2025.02.18 17:15,54854.0,54864.0,54849.0,54854.0,5,0,0
2025.02.18 17:30,54899.0,54979.0,54899.0,54979.0,11,0,0
2025.02.18 17:45,54914.0,54959.0,54879.0,54879.0,6,0,0
2025.02.18 18:00,54954.0,55004.0,54909.0,54919.0,9,0,0
2025.02.18 18:15,55004.0,55004.0,54904.0,54944.0,10,0,0
2025.02.18 18:30,54945.0,54945.0,54944.0,54944.0,2,0,0
2025.02.18 18:45,54904.0,54929.0,54904.0,54924.0,9,0,0
2025.02.18 19:00,54925.0,54925.0,54889.0,54889.0,3,0,0
2025.02.18 19:15,54874.0,54874.0,54834.0,54834.0,4,0,0
2025.02.18 19:30,54824.0,54874.0,54779.0,54779.0,10,0,0
2025.02.18 19:45,54774.0,54884.0,54774.0,54879.0,11,0,0
2025.02.18 20:00,54814.0,54854.0,54804.0,54804.0,15,0,0
2025.02.18 20:15,54809.0,54844.0,54759.0,54844.0,20,0,0
2025.02.18 20:30,54834.0,54919.0,54799.0,54859.0,10,0,0
2025.02.18 20:45,54809.0,54859.0,54804.0,54804.0,10,0,0
2025.02.19 15:30,54809.0,54809.0,54429.0,54429.0,33,0,0
2025.02.19 15:45,54369.0,54559.0,54369.0,54484.0,34,0,0
2025.02.19 16:00,54469.0,54594.0,54469.0,54579.0,27,0,0
2025.02.19 16:15,54574.0,54644.0,54574.0,54634.0,33,0,0
2025.02.19 16:30,54609.0,54639.0,54509.0,54514.0,33,0,0
2025.02.19 16:45,54524.0,54534.0,54509.0,54509.0,11,0,0
2025.02.19 17:00,54499.0,54559.0,54494.0,54554.0,13,0,0
2025.02.19 17:15,54569.0,54569.0,54489.0,54534.0,11,0,0
2025.02.19 17:30,54554.0,54564.0,54509.0,54534.0,16,0,0
2025.02.19 17:45,54539.0,54549.0,54494.0,54524.0,12,0,0
2025.02.19 18:00,54539.0,54549.0,54459.0,54484.0,18,0,0
2025.02.19 18:15,54459.0,54479.0,54404.0,54439.0,21,0,0
2025.02.19 18:30,54444.0,54479.0,54439.0,54449.0,10,0,0
2025.02.19 18:45,54439.0,54454.0,54384.0,54439.0,12,0,0
2025.02.19 19:00,54444.0,54444.0,54439.0,54439.0,6,0,0
2025.02.19 19:15,54444.0,54449.0,54444.0,54449.0,2,0,0
2025.02.19 19:30,54454.0,54474.0,54454.0,54454.0,6,0,0
2025.02.19 19:45,54469.0,54479.0,54444.0,54474.0,9,0,0
2025.02.19 20:00,54474.0,54484.0,54474.0,54484.0,2,0,0
2025.02.19 20:15,54494.0,54534.0,54494.0,54534.0,5,0,0
2025.02.19 20:30,54529.0,54529.0,54464.0,54509.0,7,0,0
2025.02.19 20:45,54469.0,54469.0,54444.0,54459.0,5,0,0
2025.02.20 15:30,54489.0,54744.0,54129.0,54564.0,72,0,0
2025.02.20 15:45,54579.0,54774.0,54549.0,54734.0,44,0,0
2025.02.20 16:00,54724.0,54729.0,54579.0,54674.0,26,0,0
2025.02.20 16:15,54684.0,54704.0,54574.0,54704.0,18,0,0
2025.02.20 16:30,54719.0,54774.0,54694.0,54719.0,10,0,0
2025.02.20 16:45,54704.0,54704.0,54579.0,54579.0,13,0,0
2025.02.20 17:00,54589.0,54594.0,54464.0,54484.0,25,0,0
2025.02.20 17:15,54529.0,54529.0,54294.0,54319.0,58,0,0
2025.02.20 17:30,54334.0,54364.0,54299.0,54309.0,12,0,0
2025.02.20 17:45,54329.0,54589.0,54264.0,54554.0,29,0,0
2025.02.20 18:00,54559.0,54659.0,54559.0,54659.0,6,0,0
2025.02.20 18:15,54709.0,54724.0,54519.0,54529.0,13,0,0
2025.02.20 18:30,54539.0,54574.0,54514.0,54529.0,11,0,0
2025.02.20 18:45,54549.0,54574.0,54429.0,54504.0,9,0,0
2025.02.20 19:00,54499.0,54504.0,54479.0,54504.0,8,0,0
2025.02.20 19:15,54505.0,54505.0,54505.0,54505.0,1,0,0
2025.02.20 19:30,54529.0,54529.0,54504.0,54504.0,2,0,0
2025.02.20 19:45,54539.0,54584.0,54514.0,54514.0,5,0,0
2025.02.20 20:00,54524.0,54614.0,54524.0,54614.0,7,0,0
2025.02.20 20:15,54594.0,54614.0,54594.0,54594.0,4,0,0
2025.02.20 20:30,54579.0,54619.0,54484.0,54484.0,24,0,0
2025.02.20 20:45,54459.0,54459.0,54399.0,54399.0,4,0,0
2025.02.21 15:30,54669.0,54669.0,54399.0,54499.0,38,0,0
2025.02.21 15:45,54484.0,54489.0,54389.0,54404.0,12,0,0
2025.02.21 16:00,54379.0,54399.0,54229.0,54304.0,76,0,0
2025.02.21 16:15,54299.0,54439.0,54169.0,54184.0,57,0,0
2025.02.21 16:30,54189.0,54354.0,54184.0,54299.0,31,0,0
2025.02.21 16:45,54294.0,54299.0,54244.0,54254.0,12,0,0
2025.02.21 17:00,54249.0,54269.0,54214.0,54214.0,25,0,0
2025.02.21 17:15,54204.0,54274.0,54204.0,54244.0,11,0,0
2025.02.21 17:30,54239.0,54254.0,54209.0,54219.0,10,0,0
2025.02.21 17:45,54194.0,54239.0,54124.0,54154.0,27,0,0
2025.02.21 18:00,54144.0,54254.0,54134.0,54199.0,21,0,0
2025.02.21 18:15,54169.0,54179.0,54049.0,54114.0,31,0,0
2025.02.21 18:30,54144.0,54144.0,54039.0,54039.0,10,0,0
2025.02.21 18:45,54044.0,54044.0,53884.0,53954.0,24,0,0
2025.02.21 19:00,53934.0,53989.0,53919.0,53989.0,10,0,0
2025.02.21 19:15,53994.0,54024.0,53994.0,54024.0,5,0,0
2025.02.21 19:30,54044.0,54084.0,54024.0,54024.0,6,0,0
2025.02.21 19:45,54004.0,54059.0,53984.0,53984.0,7,0,0
2025.02.21 20:00,53979.0,54009.0,53979.0,53979.0,3,0,0
2025.02.21 20:15,53974.0,53974.0,53969.0,53969.0,2,0,0
2025.02.21 20:30,53949.0,53949.0,53789.0,53799.0,13,0,0
2025.02.21 20:45,53784.0,53884.0,53784.0,53849.0,10,0,0
2025.02.24 15:30,53844.0,53889.0,53739.0,53839.0,17,0,0
2025.02.24 15:45,53819.0,53884.0,53679.0,53679.0,22,0,0
2025.02.24 16:00,53674.0,53869.0,53639.0,53869.0,67,0,0
2025.02.24 16:15,53864.0,54069.0,53864.0,53899.0,20,0,0
2025.02.24 16:30,53939.0,54079.0,53939.0,54044.0,8,0,0
2025.02.24 16:45,53979.0,54094.0,53979.0,54039.0,13,0,0
2025.02.24 17:00,54034.0,54034.0,53889.0,54009.0,20,0,0
2025.02.24 17:15,54049.0,54224.0,54049.0,54174.0,11,0,0
2025.02.24 17:30,54149.0,54184.0,54039.0,54149.0,14,0,0
2025.02.24 17:45,54059.0,54129.0,54044.0,54129.0,10,0,0
2025.02.24 18:00,54109.0,54234.0,54109.0,54214.0,16,0,0
2025.02.24 18:15,54209.0,54214.0,54084.0,54084.0,48,0,0
2025.02.24 18:30,54089.0,54174.0,54089.0,54089.0,14,0,0
2025.02.24 18:45,54184.0,54184.0,54084.0,54094.0,19,0,0
2025.02.24 19:00,54099.0,54099.0,54089.0,54094.0,4,0,0
2025.02.24 19:15,54099.0,54179.0,54099.0,54154.0,5,0,0
2025.02.24 19:30,54079.0,54079.0,54079.0,54079.0,1,0,0
2025.02.24 19:45,54134.0,54134.0,54029.0,54029.0,3,0,0
2025.02.24 20:15,54039.0,54039.0,54039.0,54039.0,1,0,0
2025.02.24 20:30,54099.0,54149.0,54039.0,54119.0,21,0,0
2025.02.24 20:45,54114.0,54114.0,53939.0,53939.0,13,0,0
2025.02.25 15:30,53829.0,53829.0,53644.0,53724.0,28,0,0
2025.02.25 15:45,53689.0,53689.0,53614.0,53639.0,28,0,0
2025.02.25 16:00,53629.0,53699.0,53549.0,53579.0,21,0,0
2025.02.25 16:15,53559.0,53559.0,53379.0,53379.0,30,0,0
2025.02.25 16:30,53384.0,53404.0,53374.0,53404.0,10,0,0
2025.02.25 16:45,53419.0,53454.0,53369.0,53369.0,13,0,0
2025.02.25 17:00,53344.0,53504.0,53344.0,53469.0,9,0,0
2025.02.25 17:15,53499.0,53589.0,53444.0,53544.0,27,0,0
2025.02.25 17:30,53534.0,53534.0,53269.0,53284.0,15,0,0
2025.02.25 17:45,53229.0,53284.0,53229.0,53234.0,6,0,0
2025.02.25 18:00,53229.0,53389.0,53224.0,53284.0,31,0,0
2025.02.25 18:15,53294.0,53339.0,53279.0,53284.0,9,0,0
2025.02.25 18:30,53319.0,53409.0,53284.0,53409.0,7,0,0
2025.02.25 18:45,53439.0,53474.0,53404.0,53454.0,11,0,0
2025.02.25 19:00,53459.0,53499.0,53449.0,53484.0,6,0,0
2025.02.25 19:15,53509.0,53609.0,53489.0,53554.0,12,0,0
2025.02.25 19:30,53539.0,53619.0,53539.0,53619.0,8,0,0
2025.02.25 19:45,53599.0,53609.0,53579.0,53609.0,3,0,0
2025.02.25 20:00,53584.0,53584.0,53404.0,53404.0,10,0,0
2025.02.25 20:15,53399.0,53399.0,53324.0,53334.0,14,0,0
2025.02.25 20:30,53374.0,53484.0,53374.0,53484.0,17,0,0
2025.02.25 20:45,53489.0,53489.0,53474.0,53474.0,6,0,0
2025.02.26 15:30,53099.0,53294.0,53099.0,53289.0,31,0,0
2025.02.26 15:45,53274.0,53289.0,53119.0,53124.0,23,0,0
2025.02.26 16:00,53269.0,53374.0,53269.0,53374.0,9,0,0
2025.02.26 16:15,53379.0,53429.0,53304.0,53304.0,8,0,0
2025.02.26 16:30,53329.0,53549.0,53329.0,53534.0,20,0,0
2025.02.26 16:45,53479.0,53529.0,53469.0,53529.0,8,0,0
2025.02.26 17:00,53494.0,53494.0,53454.0,53454.0,2,0,0
2025.02.26 17:15,53409.0,53449.0,53409.0,53419.0,4,0,0
2025.02.26 17:30,53344.0,53409.0,53344.0,53409.0,2,0,0
2025.02.26 17:45,53489.0,53489.0,53479.0,53479.0,2,0,0
2025.02.26 18:00,53489.0,53514.0,53429.0,53514.0,8,0,0
2025.02.26 18:15,53479.0,53514.0,53479.0,53479.0,3,0,0
2025.02.26 18:30,53480.0,53480.0,53379.0,53394.0,6,0,0
2025.02.26 18:45,53393.0,53393.0,53393.0,53393.0,1,0,0
2025.02.26 19:00,53404.0,53429.0,53404.0,53429.0,4,0,0
2025.02.26 19:15,53454.0,53529.0,53419.0,53529.0,4,0,0
2025.02.26 19:30,53484.0,53484.0,53414.0,53414.0,9,0,0
2025.02.26 19:45,53379.0,53459.0,53379.0,53454.0,10,0,0
2025.02.26 20:00,53434.0,53434.0,53404.0,53419.0,6,0,0
2025.02.26 20:15,53424.0,53504.0,53424.0,53489.0,11,0,0
2025.02.26 20:30,53484.0,53504.0,53454.0,53504.0,9,0,0
2025.02.26 20:45,53499.0,53504.0,53434.0,53434.0,13,0,0
2025.02.27 15:30,52959.0,53629.0,52959.0,53564.0,46,0,0
2025.02.27 15:45,53579.0,53629.0,53424.0,53424.0,46,0,0
2025.02.27 16:00,53439.0,53444.0,53279.0,53404.0,34,0,0
2025.02.27 16:15,53399.0,53434.0,53289.0,53289.0,33,0,0
2025.02.27 16:30,53294.0,53379.0,53244.0,53264.0,40,0,0
2025.02.27 16:45,53309.0,53404.0,53164.0,53164.0,43,0,0
2025.02.27 17:00,53124.0,53124.0,52929.0,53064.0,35,0,0
2025.02.27 17:15,53069.0,53079.0,52789.0,52789.0,27,0,0
2025.02.27 17:30,52899.0,53039.0,52774.0,52854.0,43,0,0
2025.02.27 17:45,52779.0,53009.0,52779.0,52829.0,27,0,0
2025.02.27 18:00,52789.0,52994.0,52784.0,52809.0,26,0,0
2025.02.27 18:15,52784.0,52809.0,52684.0,52694.0,23,0,0
2025.02.27 18:30,52689.0,52694.0,52454.0,52554.0,35,0,0
2025.02.27 18:45,52529.0,52629.0,52449.0,52534.0,27,0,0
2025.02.27 19:00,52524.0,52669.0,52454.0,52669.0,29,0,0
2025.02.27 19:15,52709.0,52749.0,52659.0,52699.0,18,0,0
2025.02.27 19:30,52754.0,52909.0,52714.0,52814.0,39,0,0
2025.02.27 19:45,52779.0,52799.0,52679.0,52739.0,18,0,0
2025.02.27 20:00,52749.0,52764.0,52729.0,52729.0,8,0,0
2025.02.27 20:15,52764.0,52879.0,52759.0,52879.0,10,0,0
2025.02.27 20:30,52874.0,52934.0,52794.0,52924.0,11,0,0
2025.02.27 20:45,52919.0,52919.0,52879.0,52879.0,4,0,0
2025.02.28 15:30,52809.0,52809.0,52384.0,52539.0,44,0,0
2025.02.28 15:45,52644.0,52749.0,52539.0,52709.0,29,0,0
2025.02.28 16:00,52704.0,52859.0,52704.0,52794.0,21,0,0
2025.02.28 16:15,52859.0,52859.0,52779.0,52789.0,26,0,0
2025.02.28 16:30,52779.0,52924.0,52779.0,52899.0,29,0,0
2025.02.28 16:45,52900.0,52984.0,52799.0,52819.0,11,0,0
2025.02.28 17:00,52799.0,52834.0,52799.0,52834.0,20,0,0
2025.02.28 17:15,52839.0,52869.0,52829.0,52849.0,20,0,0
2025.02.28 17:30,52829.0,52869.0,52789.0,52859.0,14,0,0
2025.02.28 17:45,52864.0,53029.0,52859.0,52884.0,15,0,0
2025.02.28 18:00,52879.0,52879.0,52809.0,52819.0,7,0,0
2025.02.28 18:15,52764.0,52889.0,52764.0,52874.0,12,0,0
2025.02.28 18:30,52879.0,52884.0,52839.0,52884.0,3,0,0
2025.02.28 18:45,52829.0,52854.0,52754.0,52784.0,5,0,0
2025.02.28 19:00,52839.0,52839.0,52804.0,52804.0,6,0,0
2025.02.28 19:15,52794.0,52794.0,52539.0,52719.0,8,0,0
2025.02.28 19:30,52614.0,52659.0,52584.0,52584.0,10,0,0
2025.02.28 19:45,52529.0,52529.0,52389.0,52389.0,5,0,0
2025.02.28 20:00,52384.0,52629.0,52374.0,52434.0,12,0,0
2025.02.28 20:15,52389.0,52584.0,52389.0,52569.0,15,0,0
2025.02.28 20:30,52584.0,52604.0,52584.0,52599.0,8,0,0
2025.02.28 20:45,52598.0,52599.0,52598.0,52599.0,2,0,0
2025.03.03 15:30,53139.0,53489.0,53079.0,53084.0,44,0,0
2025.03.03 15:45,53049.0,53079.0,52984.0,53039.0,18,0,0
2025.03.03 16:00,53034.0,53034.0,52849.0,52849.0,65,0,0
2025.03.03 16:15,52854.0,52919.0,52819.0,52819.0,28,0,0
2025.03.03 16:30,52854.0,52939.0,52829.0,52864.0,56,0,0
2025.03.03 16:45,52929.0,52934.0,52849.0,52849.0,30,0,0
2025.03.03 17:00,52829.0,52924.0,52824.0,52924.0,23,0,0
2025.03.03 17:15,52919.0,52924.0,52819.0,52864.0,31,0,0
2025.03.03 17:30,52744.0,52869.0,52744.0,52764.0,27,0,0
2025.03.03 17:45,52769.0,52829.0,52764.0,52814.0,31,0,0
2025.03.03 18:00,52819.0,52869.0,52819.0,52864.0,46,0,0
2025.03.03 18:15,52919.0,52929.0,52819.0,52819.0,27,0,0
2025.03.03 18:30,52804.0,52874.0,52779.0,52864.0,22,0,0
2025.03.03 18:45,52859.0,52859.0,52749.0,52754.0,25,0,0
2025.03.03 19:00,52759.0,52764.0,52634.0,52634.0,18,0,0
2025.03.03 19:15,52624.0,52654.0,52604.0,52604.0,18,0,0
2025.03.03 19:30,52599.0,52599.0,52534.0,52544.0,24,0,0
2025.03.03 19:45,52559.0,52709.0,52544.0,52584.0,31,0,0
2025.03.03 20:00,52604.0,52664.0,52604.0,52629.0,13,0,0
2025.03.03 20:15,52634.0,52634.0,52519.0,52519.0,13,0,0
2025.03.03 20:30,52514.0,52714.0,52489.0,52604.0,21,0,0
2025.03.03 20:45,52569.0,52634.0,52469.0,52469.0,28,0,0
2025.03.04 15:30,52124.0,52124.0,51369.0,51404.0,79,0,0
2025.03.04 15:45,51429.0,51469.0,51314.0,51369.0,29,0,0
2025.03.04 16:00,51349.0,51514.0,51219.0,51514.0,41,0,0
2025.03.04 16:15,51529.0,51664.0,51529.0,51654.0,20,0,0
2025.03.04 16:30,51629.0,51659.0,51539.0,51544.0,13,0,0
2025.03.04 16:45,51549.0,51604.0,51494.0,51499.0,22,0,0
2025.03.04 17:00,51509.0,51679.0,51429.0,51659.0,23,0,0
2025.03.04 17:15,51624.0,51674.0,51589.0,51654.0,21,0,0
2025.03.04 17:30,51649.0,51684.0,51559.0,51559.0,17,0,0
2025.03.04 17:45,51579.0,51834.0,51564.0,51779.0,32,0,0
2025.03.04 18:00,51754.0,51754.0,51684.0,51684.0,11,0,0
2025.03.04 18:15,51729.0,51924.0,51684.0,51914.0,18,0,0
2025.03.04 18:30,51924.0,52009.0,51924.0,52009.0,12,0,0
2025.03.04 18:45,52024.0,52074.0,51929.0,51929.0,7,0,0
2025.03.04 19:00,51930.0,52229.0,51929.0,52229.0,17,0,0
2025.03.04 19:15,52234.0,52364.0,52234.0,52279.0,26,0,0
2025.03.04 19:30,52274.0,52449.0,52274.0,52394.0,12,0,0
2025.03.04 19:45,52409.0,52724.0,52379.0,52654.0,19,0,0
2025.03.04 20:00,52679.0,52769.0,52609.0,52729.0,13,0,0
2025.03.04 20:15,52744.0,52879.0,52729.0,52739.0,21,0,0
2025.03.04 20:30,52744.0,52899.0,52744.0,52869.0,24,0,0
2025.03.04 20:45,52809.0,52884.0,52809.0,52859.0,14,0,0
2025.03.05 15:30,52499.0,52719.0,52494.0,52694.0,31,0,0
2025.03.05 15:45,52814.0,52814.0,52509.0,52579.0,21,0,0
2025.03.05 16:00,52604.0,52679.0,52534.0,52679.0,15,0,0
2025.03.05 16:15,52684.0,52704.0,52649.0,52704.0,7,0,0
2025.03.05 16:30,52674.0,52734.0,52674.0,52729.0,13,0,0
2025.03.05 16:45,52724.0,52789.0,52699.0,52704.0,12,0,0
2025.03.05 17:00,52689.0,52769.0,52639.0,52759.0,16,0,0
2025.03.05 17:15,52794.0,52794.0,52559.0,52664.0,32,0,0
2025.03.05 17:30,52669.0,52744.0,52514.0,52524.0,36,0,0
2025.03.05 17:45,52529.0,52754.0,52529.0,52754.0,31,0,0
2025.03.05 18:00,52814.0,52814.0,52679.0,52749.0,10,0,0
2025.03.05 18:15,52719.0,52779.0,52719.0,52779.0,4,0,0
2025.03.05 18:30,52774.0,52774.0,52739.0,52739.0,5,0,0
2025.03.05 18:45,52684.0,52784.0,52684.0,52784.0,3,0,0
2025.03.05 19:00,52804.0,52804.0,52729.0,52729.0,3,0,0
2025.03.05 19:15,52724.0,52724.0,52669.0,52724.0,9,0,0
2025.03.05 19:30,52749.0,52749.0,52709.0,52749.0,3,0,0
2025.03.05 19:45,52759.0,52759.0,52709.0,52709.0,2,0,0
2025.03.05 20:00,52764.0,52899.0,52719.0,52899.0,10,0,0
2025.03.05 20:15,52834.0,52834.0,52809.0,52809.0,2,0,0
2025.03.05 20:30,52810.0,52934.0,52799.0,52929.0,9,0,0
2025.03.05 20:45,52934.0,52934.0,52874.0,52874.0,9,0,0
2025.03.06 15:30,52874.0,52874.0,52529.0,52674.0,59,0,0
2025.03.06 15:45,52664.0,52694.0,52564.0,52564.0,15,0,0
2025.03.06 16:00,52579.0,53204.0,52579.0,53029.0,37,0,0
2025.03.06 16:15,53114.0,53169.0,52939.0,52989.0,27,0,0
2025.03.06 16:30,52939.0,52939.0,52794.0,52829.0,15,0,0
2025.03.06 16:45,52809.0,52809.0,52629.0,52654.0,42,0,0
2025.03.06 17:00,52639.0,52904.0,52619.0,52709.0,55,0,0
2025.03.06 17:15,52704.0,52904.0,52614.0,52809.0,94,0,0
2025.03.06 17:30,52904.0,53429.0,52889.0,53094.0,62,0,0
2025.03.06 17:45,52984.0,53094.0,52929.0,52929.0,49,0,0
2025.03.06 18:00,52934.0,53009.0,52784.0,53004.0,39,0,0
2025.03.06 18:15,52919.0,53084.0,52914.0,52914.0,59,0,0
2025.03.06 18:30,52919.0,52979.0,52824.0,52919.0,36,0,0
2025.03.06 18:45,52924.0,52929.0,52819.0,52844.0,37,0,0
2025.03.06 19:00,52924.0,52979.0,52869.0,52979.0,35,0,0
2025.03.06 19:15,52974.0,53014.0,52859.0,52974.0,37,0,0
2025.03.06 19:30,52969.0,53009.0,52904.0,52974.0,42,0,0
2025.03.06 19:45,52969.0,53059.0,52914.0,52919.0,39,0,0
2025.03.06 20:00,52929.0,53024.0,52904.0,52979.0,46,0,0
2025.03.06 20:15,52914.0,52994.0,52884.0,52989.0,62,0,0
2025.03.06 20:30,52964.0,53024.0,52914.0,52919.0,61,0,0
2025.03.06 20:45,52924.0,53029.0,52869.0,52874.0,71,0,0
2025.03.07 15:30,52859.0,52949.0,52859.0,52904.0,31,0,0
2025.03.07 15:45,52944.0,52949.0,52854.0,52854.0,5,0,0
2025.03.07 16:00,52864.0,52919.0,52839.0,52839.0,6,0,0
2025.03.07 16:15,52829.0,52829.0,52709.0,52709.0,9,0,0
2025.03.07 16:30,52649.0,52719.0,52599.0,52599.0,14,0,0
2025.03.07 16:45,52544.0,52619.0,52419.0,52419.0,24,0,0
2025.03.07 17:00,52449.0,52449.0,52379.0,52404.0,6,0,0
2025.03.07 17:15,52384.0,52384.0,52334.0,52334.0,13,0,0
2025.03.07 17:30,52339.0,52354.0,52174.0,52174.0,17,0,0
2025.03.07 17:45,52209.0,52239.0,52149.0,52154.0,28,0,0
2025.03.07 18:00,52159.0,52229.0,52094.0,52099.0,25,0,0
2025.03.07 18:15,52104.0,52104.0,52029.0,52049.0,11,0,0
2025.03.07 18:30,52054.0,52124.0,52054.0,52124.0,13,0,0
2025.03.07 18:45,52149.0,52149.0,52094.0,52114.0,6,0,0
2025.03.07 19:00,52129.0,52129.0,52114.0,52119.0,5,0,0
2025.03.07 19:15,52129.0,52139.0,52119.0,52134.0,7,0,0
2025.03.07 19:30,52139.0,52194.0,52139.0,52184.0,10,0,0
2025.03.07 19:45,52234.0,52354.0,52234.0,52349.0,5,0,0
2025.03.07 20:00,52349.0,52349.0,52244.0,52244.0,11,0,0
2025.03.07 20:15,52269.0,52524.0,52269.0,52489.0,19,0,0
2025.03.07 20:30,52529.0,52749.0,52474.0,52684.0,35,0,0
2025.03.07 20:45,52689.0,52794.0,52689.0,52734.0,6,0,0
2025.03.10 15:30,52344.0,52349.0,52134.0,52134.0,10,0,0
2025.03.10 15:45,52129.0,52129.0,51979.0,52059.0,18,0,0
2025.03.10 16:00,52084.0,52134.0,52084.0,52134.0,3,0,0
2025.03.10 16:15,52135.0,52135.0,52039.0,52039.0,5,0,0
2025.03.10 16:30,52044.0,52259.0,52044.0,52089.0,17,0,0
2025.03.10 16:45,52124.0,52124.0,51974.0,51974.0,18,0,0
2025.03.10 17:00,51959.0,51959.0,51884.0,51919.0,19,0,0
2025.03.10 17:15,51964.0,52014.0,51919.0,51919.0,8,0,0
2025.03.10 17:30,51839.0,51879.0,51789.0,51879.0,5,0,0
2025.03.10 17:45,51839.0,51954.0,51839.0,51889.0,12,0,0
2025.03.10 18:00,51854.0,51854.0,51824.0,51824.0,2,0,0
2025.03.10 18:15,51799.0,51879.0,51794.0,51879.0,3,0,0
2025.03.10 18:30,51899.0,51899.0,51704.0,51704.0,7,0,0
2025.03.10 18:45,51714.0,51714.0,51639.0,51659.0,15,0,0
2025.03.10 19:00,51669.0,51704.0,51664.0,51684.0,10,0,0
2025.03.10 19:15,51689.0,51719.0,51684.0,51704.0,9,0,0
2025.03.10 19:30,51689.0,51739.0,51664.0,51664.0,19,0,0
2025.03.10 19:45,51634.0,51714.0,51634.0,51714.0,7,0,0
2025.03.10 20:00,51664.0,51664.0,51584.0,51659.0,9,0,0
2025.03.10 20:15,51684.0,51894.0,51664.0,51834.0,22,0,0
2025.03.10 20:30,51784.0,51904.0,51784.0,51844.0,24,0,0
2025.03.10 20:45,51874.0,51944.0,51799.0,51884.0,51,0,0
2025.03.11 15:30,51579.0,51579.0,51329.0,51389.0,14,0,0
2025.03.11 15:45,51359.0,51429.0,51314.0,51314.0,18,0,0
2025.03.11 16:00,51319.0,51479.0,51319.0,51479.0,13,0,0
2025.03.11 16:15,51474.0,51569.0,51444.0,51449.0,17,0,0
2025.03.11 16:30,51479.0,51529.0,51414.0,51469.0,22,0,0
2025.03.11 16:45,51524.0,51529.0,51494.0,51509.0,11,0,0
2025.03.11 17:00,51479.0,51479.0,51329.0,51374.0,13,0,0
2025.03.11 17:15,51359.0,51359.0,51244.0,51284.0,13,0,0
2025.03.11 17:30,51279.0,51279.0,51249.0,51264.0,5,0,0
2025.03.11 17:45,51244.0,51304.0,51219.0,51219.0,6,0,0
2025.03.11 18:00,51224.0,51264.0,51224.0,51259.0,5,0,0
2025.03.11 18:15,51269.0,51274.0,51204.0,51274.0,6,0,0
2025.03.11 18:30,51269.0,51329.0,51234.0,51329.0,6,0,0
2025.03.11 18:45,51344.0,51429.0,51344.0,51429.0,10,0,0
2025.03.11 19:00,51439.0,51544.0,51439.0,51514.0,13,0,0
2025.03.11 19:15,51539.0,51649.0,51519.0,51524.0,24,0,0
2025.03.11 19:30,51534.0,51734.0,51534.0,51694.0,14,0,0
2025.03.11 19:45,51699.0,51754.0,51654.0,51734.0,31,0,0
2025.03.11 20:00,51754.0,51754.0,51584.0,51584.0,33,0,0
2025.03.11 20:15,51594.0,51629.0,51589.0,51594.0,12,0,0
2025.03.11 20:30,51634.0,51634.0,51534.0,51544.0,26,0,0
2025.03.11 20:45,51504.0,51549.0,51404.0,51484.0,41,0,0
2025.03.12 15:30,51575.0,51575.0,51439.0,51439.0,7,0,0
2025.03.12 15:45,51444.0,51529.0,51434.0,51439.0,11,0,0
2025.03.12 16:00,51434.0,51434.0,51329.0,51359.0,10,0,0
2025.03.12 16:15,51399.0,51504.0,51379.0,51389.0,26,0,0
2025.03.12 16:30,51384.0,51444.0,51384.0,51439.0,15,0,0
2025.03.12 16:45,51399.0,51439.0,51364.0,51414.0,9,0,0
2025.03.12 17:00,51454.0,51544.0,51454.0,51489.0,11,0,0
2025.03.12 17:15,51569.0,51619.0,51489.0,51614.0,17,0,0
2025.03.12 17:30,51579.0,51634.0,51539.0,51609.0,9,0,0
2025.03.12 17:45,51674.0,51674.0,51604.0,51619.0,9,0,0
2025.03.12 18:00,51594.0,51659.0,51589.0,51659.0,10,0,0
2025.03.12 18:15,51664.0,51814.0,51624.0,51789.0,17,0,0
2025.03.12 18:30,51804.0,51819.0,51769.0,51799.0,7,0,0
2025.03.12 18:45,51794.0,51804.0,51704.0,51779.0,26,0,0
2025.03.12 19:00,51814.0,51909.0,51769.0,51864.0,22,0,0
2025.03.12 19:15,51884.0,51984.0,51859.0,51864.0,14,0,0
2025.03.12 19:30,51854.0,51869.0,51779.0,51864.0,16,0,0
2025.03.12 19:45,51804.0,51894.0,51764.0,51894.0,18,0,0
2025.03.12 20:00,51864.0,51994.0,51864.0,51934.0,16,0,0
2025.03.12 20:15,51974.0,51974.0,51829.0,51849.0,30,0,0
2025.03.12 20:30,51844.0,51954.0,51844.0,51949.0,8,0,0
2025.03.12 20:45,52019.0,52124.0,51884.0,51889.0,41,0,0
2025.03.13 15:30,52334.0,52339.0,52259.0,52334.0,26,0,0
2025.03.13 15:45,52329.0,52334.0,52254.0,52254.0,42,0,0
2025.03.13 16:00,52249.0,52324.0,52164.0,52224.0,39,0,0
2025.03.13 16:15,52189.0,52224.0,52084.0,52124.0,33,0,0
2025.03.13 16:30,52104.0,52194.0,52099.0,52134.0,32,0,0
2025.03.13 16:45,52129.0,52134.0,52104.0,52134.0,25,0,0
2025.03.13 17:00,52150.0,52209.0,52124.0,52204.0,18,0,0
2025.03.13 17:15,52234.0,52279.0,52129.0,52129.0,48,0,0
2025.03.13 17:30,52124.0,52189.0,52119.0,52189.0,13,0,0
2025.03.13 17:45,52229.0,52229.0,52094.0,52099.0,13,0,0
2025.03.13 18:00,52084.0,52084.0,52029.0,52044.0,10,0,0
2025.03.13 18:15,52049.0,52054.0,52029.0,52029.0,6,0,0
2025.03.13 18:30,52034.0,52034.0,51949.0,51984.0,7,0,0
2025.03.13 18:45,51939.0,51954.0,51909.0,51934.0,10,0,0
2025.03.13 19:00,51944.0,52039.0,51944.0,51954.0,7,0,0
2025.03.13 19:15,51909.0,51979.0,51909.0,51964.0,5,0,0
2025.03.13 19:30,51934.0,51999.0,51919.0,51999.0,15,0,0
2025.03.13 19:45,51954.0,51959.0,51904.0,51934.0,12,0,0
2025.03.13 20:00,51954.0,51954.0,51934.0,51934.0,4,0,0
2025.03.13 20:15,51919.0,51969.0,51904.0,51914.0,15,0,0
2025.03.13 20:30,51949.0,51954.0,51904.0,51904.0,15,0,0
2025.03.13 20:45,51939.0,51939.0,51834.0,51834.0,50,0,0
2025.03.14 15:30,52414.0,52429.0,52374.0,52404.0,17,0,0
2025.03.14 15:45,52409.0,52569.0,52409.0,52569.0,13,0,0
2025.03.14 16:00,52619.0,52619.0,52499.0,52499.0,9,0,0
2025.03.14 16:15,52529.0,52529.0,52479.0,52529.0,11,0,0
2025.03.14 16:30,52494.0,52529.0,52449.0,52449.0,54,0,0
2025.03.14 16:45,52454.0,52454.0,52299.0,52334.0,47,0,0
2025.03.14 17:00,52339.0,52434.0,52339.0,52354.0,35,0,0
2025.03.14 17:15,52359.0,52414.0,52224.0,52224.0,39,0,0
2025.03.14 17:30,52234.0,52354.0,52234.0,52354.0,11,0,0
2025.03.14 17:45,52349.0,52369.0,52339.0,52339.0,5,0,0
2025.03.14 18:00,52289.0,52404.0,52289.0,52389.0,19,0,0
2025.03.14 18:15,52354.0,52389.0,52354.0,52379.0,9,0,0
2025.03.14 18:30,52359.0,52379.0,52359.0,52374.0,8,0,0
2025.03.14 18:45,52359.0,52369.0,52324.0,52359.0,10,0,0
2025.03.14 19:00,52349.0,52404.0,52349.0,52404.0,7,0,0
2025.03.14 19:15,52369.0,52424.0,52369.0,52409.0,8,0,0
2025.03.14 19:30,52404.0,52429.0,52359.0,52359.0,6,0,0
2025.03.14 19:45,52364.0,52439.0,52354.0,52434.0,15,0,0
2025.03.14 20:00,52429.0,52529.0,52364.0,52529.0,21,0,0
2025.03.14 20:15,52569.0,52744.0,52484.0,52699.0,21,0,0
2025.03.14 20:30,52554.0,52699.0,52474.0,52534.0,32,0,0
2025.03.14 20:45,52529.0,52774.0,52474.0,52634.0,60,0,0
2025.03.18 15:30,52899.0,52904.0,52754.0,52769.0,25,0,0
2025.03.18 15:45,52774.0,52854.0,52774.0,52809.0,27,0,0
2025.03.18 16:00,52814.0,52904.0,52789.0,52904.0,16,0,0
2025.03.18 16:15,52919.0,52969.0,52804.0,52824.0,17,0,0
2025.03.18 16:30,52839.0,52839.0,52674.0,52724.0,21,0,0
2025.03.18 16:45,52729.0,52819.0,52729.0,52764.0,17,0,0
2025.03.18 17:00,52799.0,52879.0,52779.0,52869.0,14,0,0
2025.03.18 17:15,52864.0,52934.0,52814.0,52819.0,27,0,0
2025.03.18 17:30,52824.0,52899.0,52789.0,52799.0,16,0,0
2025.03.18 17:45,52779.0,52859.0,52779.0,52799.0,6,0,0
2025.03.18 18:00,52794.0,52899.0,52794.0,52804.0,7,0,0
2025.03.18 18:15,52879.0,52959.0,52879.0,52959.0,13,0,0
2025.03.18 18:30,52954.0,52979.0,52839.0,52839.0,10,0,0
2025.03.18 18:45,52904.0,52924.0,52829.0,52909.0,11,0,0
2025.03.18 19:00,52854.0,52959.0,52849.0,52949.0,8,0,0
2025.03.18 19:15,52919.0,52949.0,52904.0,52939.0,9,0,0
2025.03.18 19:30,52914.0,52984.0,52879.0,52879.0,14,0,0
2025.03.18 19:45,52964.0,52979.0,52854.0,52854.0,28,0,0
2025.03.18 20:00,52844.0,52954.0,52839.0,52929.0,8,0,0
2025.03.18 20:15,52924.0,52934.0,52859.0,52909.0,7,0,0
2025.03.18 20:30,52849.0,52899.0,52804.0,52804.0,23,0,0
2025.03.18 20:45,52839.0,52944.0,52734.0,52944.0,41,0,0
2025.03.19 15:30,53054.0,53079.0,53054.0,53079.0,8,0,0
2025.03.19 15:45,53109.0,53109.0,53034.0,53034.0,4,0,0
2025.03.19 16:00,53035.0,53059.0,53035.0,53059.0,3,0,0
2025.03.19 16:15,53054.0,53059.0,53049.0,53059.0,4,0,0
2025.03.19 16:30,53064.0,53109.0,53039.0,53039.0,6,0,0
2025.03.19 16:45,53104.0,53184.0,53049.0,53069.0,10,0,0
2025.03.19 17:00,53044.0,53044.0,53009.0,53009.0,4,0,0
2025.03.19 17:15,53029.0,53279.0,53029.0,53279.0,11,0,0
2025.03.19 17:30,53229.0,53229.0,53159.0,53159.0,5,0,0
2025.03.19 17:45,53158.0,53159.0,53129.0,53159.0,3,0,0
2025.03.19 18:00,53119.0,53129.0,53114.0,53114.0,3,0,0
2025.03.19 18:15,53089.0,53089.0,53029.0,53029.0,6,0,0
2025.03.19 18:30,53044.0,53079.0,52984.0,53079.0,6,0,0
2025.03.19 18:45,53074.0,53129.0,52969.0,53029.0,24,0,0
2025.03.19 19:00,53014.0,53049.0,52989.0,52994.0,10,0,0
2025.03.19 19:15,52999.0,53004.0,52999.0,52999.0,3,0,0
2025.03.19 19:30,53000.0,53034.0,53000.0,53019.0,8,0,0
2025.03.19 19:45,53034.0,53084.0,53014.0,53019.0,13,0,0
2025.03.19 20:00,53024.0,53114.0,53024.0,53109.0,12,0,0
2025.03.19 20:15,53134.0,53154.0,53054.0,53059.0,16,0,0
2025.03.19 20:30,53054.0,53134.0,53054.0,53134.0,10,0,0
2025.03.19 20:45,53119.0,53174.0,53069.0,53134.0,29,0,0
2025.03.20 15:30,53454.0,53479.0,53419.0,53479.0,10,0,0
2025.03.20 15:45,53474.0,53474.0,53344.0,53394.0,10,0,0
2025.03.20 16:00,53379.0,53429.0,53378.0,53429.0,3,0,0
2025.03.20 16:15,53484.0,53504.0,53394.0,53494.0,12,0,0
2025.03.20 16:30,53489.0,53489.0,53359.0,53424.0,15,0,0
2025.03.20 16:45,53429.0,53489.0,53429.0,53484.0,5,0,0
2025.03.20 17:00,53514.0,53514.0,53429.0,53429.0,9,0,0
2025.03.20 17:15,53449.0,53504.0,53444.0,53454.0,9,0,0
2025.03.20 17:30,53499.0,53499.0,53489.0,53499.0,5,0,0
2025.03.20 17:45,53504.0,53504.0,53414.0,53419.0,8,0,0
2025.03.20 18:00,53394.0,53429.0,53394.0,53429.0,4,0,0
2025.03.20 18:15,53428.0,53434.0,53428.0,53434.0,2,0,0
2025.03.20 18:30,53384.0,53389.0,53384.0,53389.0,2,0,0
2025.03.20 18:45,53390.0,53469.0,53389.0,53389.0,6,0,0
2025.03.20 19:00,53459.0,53479.0,53424.0,53479.0,3,0,0
2025.03.20 19:15,53489.0,53489.0,53489.0,53489.0,1,0,0
2025.03.20 19:30,53494.0,53494.0,53419.0,53424.0,4,0,0
2025.03.20 19:45,53494.0,53494.0,53424.0,53434.0,12,0,0
2025.03.20 20:00,53374.0,53534.0,53374.0,53534.0,6,0,0
2025.03.20 20:15,53584.0,53624.0,53524.0,53624.0,14,0,0
2025.03.20 20:30,53619.0,53684.0,53504.0,53634.0,24,0,0
2025.03.20 20:45,53649.0,53714.0,53569.0,53639.0,38,0,0
2025.03.21 15:30,53284.0,53284.0,53144.0,53179.0,18,0,0
2025.03.21 15:45,53234.0,53244.0,53159.0,53159.0,6,0,0
2025.03.21 16:00,53199.0,53199.0,53198.0,53198.0,2,0,0
2025.03.21 16:15,53204.0,53299.0,53204.0,53244.0,9,0,0
2025.03.21 16:30,53229.0,53229.0,53154.0,53159.0,4,0,0
2025.03.21 16:45,53154.0,53174.0,53074.0,53079.0,10,0,0
2025.03.21 17:00,53104.0,53104.0,53069.0,53069.0,5,0,0
2025.03.21 17:15,53024.0,53079.0,53024.0,53029.0,10,0,0
2025.03.21 17:30,53004.0,53004.0,52949.0,52949.0,4,0,0
2025.03.21 17:45,52979.0,52999.0,52919.0,52919.0,14,0,0
2025.03.21 18:00,52879.0,52919.0,52849.0,52879.0,9,0,0
2025.03.21 18:15,52909.0,52939.0,52849.0,52934.0,16,0,0
2025.03.21 18:30,52933.0,52933.0,52933.0,52933.0,1,0,0
2025.03.21 18:45,52934.0,52999.0,52934.0,52999.0,2,0,0
2025.03.21 19:00,52944.0,53139.0,52944.0,53049.0,32,0,0
2025.03.21 19:15,53054.0,53119.0,53029.0,53029.0,12,0,0
2025.03.21 19:30,53034.0,53089.0,53024.0,53079.0,20,0,0
2025.03.21 19:45,53074.0,53074.0,52994.0,52999.0,22,0,0
2025.03.21 20:00,53004.0,53089.0,52989.0,53014.0,20,0,0
2025.03.21 20:15,53009.0,53014.0,52989.0,52989.0,3,0,0
2025.03.21 20:30,52984.0,53074.0,52864.0,52989.0,44,0,0
2025.03.21 20:45,52984.0,53084.0,52904.0,53084.0,79,0,0
2025.03.24 15:30,53264.0,53354.0,53214.0,53339.0,27,0,0
2025.03.24 15:45,53344.0,53344.0,53284.0,53304.0,12,0,0
2025.03.24 16:00,53339.0,53374.0,53339.0,53359.0,9,0,0
2025.03.24 16:15,53364.0,53439.0,53364.0,53389.0,13,0,0
2025.03.24 16:30,53394.0,53414.0,53339.0,53394.0,24,0,0
2025.03.24 16:45,53379.0,53414.0,53369.0,53369.0,11,0,0
2025.03.24 17:00,53364.0,53409.0,53364.0,53409.0,9,0,0
2025.03.24 17:15,53384.0,53409.0,53379.0,53404.0,5,0,0
2025.03.24 17:30,53384.0,53409.0,53334.0,53379.0,13,0,0
2025.03.24 17:45,53374.0,53379.0,53279.0,53319.0,17,0,0
2025.03.24 18:00,53309.0,53309.0,53209.0,53234.0,23,0,0
2025.03.24 18:15,53229.0,53249.0,53174.0,53179.0,9,0,0
2025.03.24 18:30,53184.0,53319.0,53184.0,53284.0,14,0,0
2025.03.24 18:45,53304.0,53304.0,53174.0,53264.0,9,0,0
2025.03.24 19:00,53264.0,53264.0,53139.0,53189.0,14,0,0
2025.03.24 19:15,53214.0,53214.0,53129.0,53189.0,7,0,0
2025.03.24 19:30,53209.0,53209.0,53139.0,53179.0,7,0,0
2025.03.24 19:45,53174.0,53174.0,53119.0,53124.0,10,0,0
2025.03.24 20:00,53144.0,53259.0,53144.0,53229.0,10,0,0
2025.03.24 20:15,53234.0,53299.0,53219.0,53234.0,15,0,0
2025.03.24 20:30,53264.0,53264.0,53209.0,53249.0,17,0,0
2025.03.24 20:45,53244.0,53249.0,53084.0,53249.0,27,0,0
2025.03.25 15:30,53524.0,53524.0,53349.0,53354.0,30,0,0
2025.03.25 15:45,53359.0,53499.0,53299.0,53499.0,18,0,0
2025.03.25 16:00,53524.0,53544.0,53444.0,53454.0,12,0,0
2025.03.25 16:15,53459.0,53524.0,53459.0,53479.0,9,0,0
2025.03.25 16:30,53459.0,53514.0,53354.0,53384.0,16,0,0
2025.03.25 16:45,53439.0,53439.0,53174.0,53174.0,12,0,0
2025.03.25 17:00,53169.0,53224.0,53099.0,53214.0,13,0,0
2025.03.25 17:15,53179.0,53239.0,53174.0,53184.0,6,0,0
2025.03.25 17:30,53104.0,53174.0,53034.0,53124.0,18,0,0
2025.03.25 17:45,53119.0,53219.0,53119.0,53219.0,10,0,0
2025.03.25 18:00,53214.0,53214.0,53154.0,53159.0,15,0,0
2025.03.25 18:15,53209.0,53209.0,53069.0,53154.0,21,0,0
2025.03.25 18:30,53149.0,53219.0,53129.0,53199.0,16,0,0
2025.03.25 18:45,53214.0,53329.0,53159.0,53219.0,14,0,0
2025.03.25 19:00,53219.0,53219.0,53154.0,53159.0,4,0,0
2025.03.25 19:15,53164.0,53189.0,53149.0,53164.0,34,0,0
2025.03.25 19:30,53159.0,53199.0,53129.0,53189.0,9,0,0
2025.03.25 19:45,53264.0,53264.0,53204.0,53264.0,8,0,0
2025.03.25 20:00,53209.0,53349.0,53209.0,53339.0,22,0,0
2025.03.25 20:15,53299.0,53374.0,53299.0,53359.0,11,0,0
2025.03.25 20:30,53364.0,53374.0,53309.0,53349.0,16,0,0
2025.03.25 20:45,53384.0,53634.0,53354.0,53634.0,71,0,0
2025.03.26 15:30,53129.0,53229.0,53069.0,53229.0,23,0,0
2025.03.26 15:45,53249.0,53249.0,53104.0,53104.0,6,0,0
2025.03.26 16:00,53119.0,53229.0,53119.0,53134.0,20,0,0
2025.03.26 16:15,53159.0,53224.0,53129.0,53144.0,14,0,0
2025.03.26 16:30,53149.0,53269.0,53114.0,53249.0,15,0,0
2025.03.26 16:45,53244.0,53244.0,53114.0,53114.0,10,0,0
2025.03.26 17:00,53129.0,53144.0,53109.0,53134.0,6,0,0
2025.03.26 17:15,53114.0,53119.0,53034.0,53114.0,12,0,0
2025.03.26 17:30,53134.0,53144.0,53099.0,53139.0,7,0,0
2025.03.26 17:45,53134.0,53134.0,53079.0,53084.0,11,0,0
2025.03.26 18:00,53074.0,53124.0,53004.0,53004.0,20,0,0
2025.03.26 18:15,52999.0,53059.0,52859.0,52979.0,17,0,0
2025.03.26 18:30,52969.0,53039.0,52904.0,52959.0,26,0,0
2025.03.26 18:45,52949.0,53014.0,52874.0,53014.0,40,0,0
2025.03.26 19:00,52994.0,53044.0,52864.0,52944.0,35,0,0
2025.03.26 19:15,52934.0,53044.0,52924.0,52934.0,27,0,0
2025.03.26 19:30,53034.0,53034.0,52894.0,52979.0,20,0,0
2025.03.26 19:45,52974.0,52979.0,52899.0,52964.0,16,0,0
2025.03.26 20:00,52944.0,53019.0,52899.0,52904.0,22,0,0
2025.03.26 20:15,52894.0,52919.0,52804.0,52834.0,22,0,0
2025.03.26 20:30,52894.0,52894.0,52784.0,52834.0,26,0,0
2025.03.26 20:45,52819.0,52914.0,52794.0,52874.0,49,0,0
2025.03.27 15:30,53119.0,53214.0,52994.0,53109.0,50,0,0
2025.03.27 15:45,53149.0,53214.0,53144.0,53199.0,11,0,0
2025.03.27 16:00,53214.0,53254.0,53159.0,53164.0,19,0,0
2025.03.27 16:15,53189.0,53304.0,53189.0,53304.0,15,0,0
2025.03.27 16:30,53299.0,53304.0,53169.0,53219.0,25,0,0
2025.03.27 16:45,53189.0,53219.0,53099.0,53169.0,7,0,0
2025.03.27 17:00,53209.0,53279.0,53204.0,53239.0,8,0,0
2025.03.27 17:15,53209.0,53299.0,53209.0,53299.0,10,0,0
2025.03.27 17:30,53319.0,53369.0,53204.0,53219.0,15,0,0
2025.03.27 17:45,53224.0,53419.0,53224.0,53419.0,17,0,0
2025.03.27 18:00,53409.0,53474.0,53364.0,53474.0,7,0,0
2025.03.27 18:15,53429.0,53474.0,53429.0,53454.0,9,0,0
2025.03.27 18:30,53449.0,53499.0,53434.0,53489.0,7,0,0
2025.03.27 18:45,53484.0,53524.0,53479.0,53494.0,10,0,0
2025.03.27 19:00,53529.0,53529.0,53429.0,53464.0,11,0,0
2025.03.27 19:15,53424.0,53524.0,53354.0,53434.0,23,0,0
2025.03.27 19:30,53439.0,53444.0,53384.0,53384.0,11,0,0
2025.03.27 19:45,53434.0,53484.0,53369.0,53469.0,11,0,0
2025.03.27 20:00,53394.0,53474.0,53394.0,53439.0,7,0,0
2025.03.27 20:15,53449.0,53534.0,53449.0,53499.0,15,0,0
2025.03.27 20:30,53524.0,53704.0,53499.0,53684.0,24,0,0
2025.03.27 20:45,53729.0,53729.0,53519.0,53584.0,47,0,0
2025.03.28 15:30,53269.0,53269.0,53124.0,53204.0,12,0,0
2025.03.28 15:45,53144.0,53184.0,53114.0,53114.0,5,0,0
2025.03.28 16:00,53134.0,53134.0,53109.0,53129.0,6,0,0
2025.03.28 16:15,53109.0,53139.0,53109.0,53139.0,6,0,0
2025.03.28 16:30,53140.0,53244.0,53139.0,53229.0,10,0,0
2025.03.28 16:45,53184.0,53189.0,53139.0,53174.0,6,0,0
2025.03.28 17:00,53134.0,53204.0,53134.0,53164.0,9,0,0
2025.03.28 17:15,53154.0,53164.0,53109.0,53119.0,7,0,0
2025.03.28 17:30,53179.0,53179.0,53034.0,53044.0,22,0,0
2025.03.28 17:45,53039.0,53039.0,52849.0,52874.0,22,0,0
2025.03.28 18:00,52869.0,52929.0,52849.0,52859.0,8,0,0
2025.03.28 18:15,52914.0,52929.0,52864.0,52929.0,11,0,0
2025.03.28 18:30,52944.0,53029.0,52944.0,53029.0,5,0,0
2025.03.28 18:45,53034.0,53229.0,53034.0,53199.0,9,0,0
2025.03.28 19:00,53199.0,53199.0,53094.0,53134.0,18,0,0
2025.03.28 19:15,53144.0,53234.0,53139.0,53139.0,7,0,0
2025.03.28 19:30,53149.0,53224.0,53089.0,53089.0,10,0,0
2025.03.28 19:45,53094.0,53249.0,53094.0,53249.0,11,0,0
2025.03.28 20:00,53274.0,53354.0,53264.0,53334.0,8,0,0
2025.03.28 20:15,53339.0,53369.0,53284.0,53359.0,9,0,0
2025.03.28 20:30,53354.0,53404.0,53264.0,53264.0,22,0,0
2025.03.28 20:45,53259.0,53314.0,53189.0,53189.0,42,0,0
2025.03.31 16:30,52430.0,52564.0,52429.0,52564.0,5,0,0
2025.03.31 16:45,52579.0,52579.0,52539.0,52579.0,6,0,0
2025.03.31 17:00,52584.0,52589.0,52544.0,52544.0,6,0,0
2025.03.31 17:15,52529.0,52539.0,52499.0,52539.0,3,0,0
2025.03.31 17:30,52509.0,52509.0,52474.0,52474.0,4,0,0
2025.03.31 17:45,52469.0,52609.0,52429.0,52604.0,14,0,0
2025.03.31 18:00,52629.0,52629.0,52594.0,52594.0,4,0,0
2025.03.31 18:15,52609.0,52609.0,52514.0,52609.0,6,0,0
2025.03.31 18:30,52559.0,52629.0,52529.0,52629.0,8,0,0
2025.03.31 18:45,52624.0,52724.0,52594.0,52714.0,13,0,0
2025.03.31 19:00,52699.0,52699.0,52654.0,52654.0,8,0,0
2025.03.31 19:15,52659.0,52659.0,52534.0,52534.0,13,0,0
2025.03.31 19:30,52589.0,52599.0,52589.0,52599.0,2,0,0
2025.03.31 19:45,52544.0,52579.0,52544.0,52579.0,4,0,0
2025.03.31 20:00,52629.0,52629.0,52514.0,52604.0,7,0,0
2025.03.31 20:15,52605.0,52629.0,52604.0,52629.0,3,0,0
2025.03.31 20:30,52634.0,52664.0,52609.0,52614.0,6,0,0
2025.03.31 20:45,52624.0,52664.0,52554.0,52574.0,12,0,0
2025.03.31 21:00,52564.0,52629.0,52564.0,52569.0,9,0,0
2025.03.31 21:15,52544.0,52634.0,52534.0,52619.0,17,0,0
2025.03.31 21:30,52614.0,52674.0,52554.0,52584.0,24,0,0
2025.03.31 21:45,52564.0,52664.0,52519.0,52664.0,42,0,0
2025.04.01 16:30,52489.0,52539.0,52449.0,52504.0,41,0,0
2025.04.01 16:45,52489.0,52679.0,52489.0,52669.0,18,0,0
2025.04.01 17:00,52704.0,52729.0,52619.0,52719.0,16,0,0
2025.04.01 17:15,52724.0,52859.0,52704.0,52804.0,22,0,0
2025.04.01 17:30,52809.0,52914.0,52779.0,52889.0,26,0,0
2025.04.01 17:45,52834.0,52859.0,52834.0,52859.0,6,0,0
2025.04.01 18:00,52894.0,52919.0,52894.0,52899.0,4,0,0
2025.04.01 18:15,52919.0,52929.0,52834.0,52834.0,14,0,0
2025.04.01 18:30,52854.0,52974.0,52854.0,52974.0,6,0,0
2025.04.01 18:45,52959.0,53094.0,52929.0,53064.0,14,0,0
2025.04.01 19:00,53069.0,53069.0,53034.0,53034.0,3,0,0
2025.04.01 19:15,53049.0,53099.0,53029.0,53049.0,7,0,0
2025.04.01 19:30,53064.0,53064.0,52979.0,52994.0,7,0,0
2025.04.01 19:45,53029.0,53094.0,53029.0,53029.0,5,0,0
2025.04.01 20:00,52994.0,53124.0,52994.0,53124.0,10,0,0
2025.04.01 20:15,53114.0,53114.0,53014.0,53094.0,10,0,0
2025.04.01 20:30,53079.0,53114.0,53079.0,53104.0,13,0,0
2025.04.01 20:45,53084.0,53134.0,53084.0,53134.0,5,0,0
2025.04.01 21:00,53204.0,53364.0,53109.0,53339.0,17,0,0
2025.04.01 21:15,53319.0,53544.0,53274.0,53299.0,33,0,0
2025.04.01 21:30,53304.0,53534.0,53299.0,53414.0,52,0,0
2025.04.01 21:45,53364.0,53594.0,53309.0,53594.0,49,0,0
2025.04.02 16:30,53499.0,53499.0,53379.0,53404.0,11,0,0
2025.04.02 16:45,53384.0,53474.0,53289.0,53439.0,25,0,0
2025.04.02 17:00,53429.0,53429.0,53369.0,53419.0,8,0,0
2025.04.02 17:15,53374.0,53444.0,53354.0,53444.0,9,0,0
2025.04.02 17:30,53469.0,53524.0,53469.0,53489.0,6,0,0
2025.04.02 17:45,53494.0,53524.0,53479.0,53504.0,8,0,0
2025.04.02 18:00,53514.0,53659.0,53514.0,53659.0,15,0,0
2025.04.02 18:15,53689.0,53739.0,53619.0,53729.0,22,0,0
2025.04.02 18:30,53734.0,53754.0,53719.0,53729.0,16,0,0
2025.04.02 18:45,53719.0,53719.0,53694.0,53704.0,5,0,0
2025.04.02 19:00,53679.0,53729.0,53639.0,53704.0,16,0,0
2025.04.02 19:15,53699.0,53754.0,53689.0,53689.0,9,0,0
2025.04.02 19:30,53754.0,53754.0,53629.0,53699.0,10,0,0
2025.04.02 19:45,53689.0,53689.0,53604.0,53619.0,8,0,0
2025.04.02 20:00,53634.0,53689.0,53564.0,53599.0,14,0,0
2025.04.02 20:15,53614.0,53659.0,53554.0,53554.0,8,0,0
2025.04.02 20:30,53544.0,53734.0,53479.0,53724.0,15,0,0
2025.04.02 20:45,53719.0,53719.0,53599.0,53599.0,12,0,0
2025.04.02 21:00,53644.0,53709.0,53599.0,53614.0,10,0,0
2025.04.02 21:15,53619.0,53764.0,53619.0,53724.0,28,0,0
2025.04.02 21:30,53744.0,53929.0,53709.0,53929.0,16,0,0
2025.04.02 21:45,53924.0,54084.0,53864.0,54084.0,46,0,0
2025.04.03 16:30,54669.0,54899.0,54669.0,54684.0,47,0,0
2025.04.03 16:45,54679.0,54679.0,54314.0,54329.0,37,0,0
2025.04.03 17:00,54334.0,54529.0,54204.0,54474.0,50,0,0
2025.04.03 17:15,54489.0,54624.0,54439.0,54539.0,26,0,0
2025.04.03 17:30,54534.0,54909.0,54534.0,54879.0,36,0,0
2025.04.03 17:45,54829.0,54839.0,54609.0,54734.0,22,0,0
2025.04.03 18:00,54649.0,54749.0,54644.0,54689.0,9,0,0
2025.04.03 18:15,54704.0,54754.0,54514.0,54549.0,20,0,0
2025.04.03 18:30,54554.0,54649.0,54304.0,54349.0,18,0,0
2025.04.03 18:45,54339.0,54504.0,54339.0,54484.0,22,0,0
2025.04.03 19:00,54384.0,54384.0,54184.0,54184.0,18,0,0
2025.04.03 19:15,54174.0,54204.0,53984.0,54099.0,7,0,0
2025.04.03 19:30,54109.0,54129.0,54004.0,54099.0,36,0,0
2025.04.03 19:45,54129.0,54304.0,54049.0,54084.0,15,0,0
2025.04.03 20:00,54054.0,54129.0,53759.0,53884.0,18,0,0
2025.04.03 20:15,53889.0,54134.0,53889.0,54134.0,22,0,0
2025.04.03 20:30,54129.0,54179.0,53974.0,54114.0,17,0,0
2025.04.03 20:45,54234.0,54424.0,54134.0,54424.0,14,0,0
2025.04.03 21:00,54429.0,54529.0,54269.0,54419.0,31,0,0
2025.04.03 21:15,54479.0,54479.0,54249.0,54324.0,36,0,0
2025.04.03 21:30,54279.0,54319.0,54224.0,54284.0,28,0,0
2025.04.03 21:45,54234.0,54324.0,54169.0,54324.0,33,0,0
2025.04.04 16:30,52544.0,52549.0,52349.0,52349.0,19,0,0
2025.04.04 16:45,52344.0,52379.0,51939.0,52299.0,26,0,0
2025.04.04 17:00,52294.0,52429.0,52139.0,52259.0,45,0,0
2025.04.04 17:15,52424.0,52489.0,52269.0,52304.0,52,0,0
2025.04.04 17:30,52329.0,52499.0,52154.0,52499.0,48,0,0
2025.04.04 17:45,52539.0,52539.0,52284.0,52284.0,19,0,0
2025.04.04 18:00,52294.0,52444.0,52294.0,52304.0,14,0,0
2025.04.04 18:15,52279.0,52279.0,52079.0,52169.0,29,0,0
2025.04.04 18:30,52164.0,52329.0,52139.0,52259.0,21,0,0
2025.04.04 18:45,52254.0,52269.0,52049.0,52049.0,12,0,0
2025.04.04 19:00,52064.0,52099.0,51954.0,51954.0,24,0,0
2025.04.04 19:15,51984.0,52104.0,51939.0,52034.0,17,0,0
2025.04.04 19:30,51944.0,52114.0,51879.0,51999.0,24,0,0
2025.04.04 19:45,51894.0,51979.0,51884.0,51929.0,14,0,0
2025.04.04 20:00,52014.0,52014.0,51774.0,51774.0,16,0,0
2025.04.04 20:15,51769.0,51769.0,51324.0,51324.0,26,0,0
2025.04.04 20:30,51429.0,51429.0,51239.0,51369.0,21,0,0
2025.04.04 20:45,51389.0,51394.0,51304.0,51314.0,16,0,0
2025.04.04 21:00,51334.0,51334.0,51179.0,51179.0,18,0,0
2025.04.04 21:15,51169.0,51274.0,51019.0,51269.0,37,0,0
2025.04.04 21:30,51224.0,51434.0,51114.0,51414.0,40,0,0
2025.04.04 21:45,51409.0,51409.0,50994.0,51084.0,47,0,0
2025.04.07 16:30,51274.0,51274.0,50709.0,50919.0,22,0,0
2025.04.07 16:45,50944.0,51184.0,50944.0,51184.0,4,0,0
2025.04.07 17:00,51204.0,51264.0,50999.0,50999.0,36,0,0
2025.04.07 17:15,50969.0,50969.0,50584.0,50629.0,10,0,0
2025.04.07 17:30,50634.0,50749.0,50549.0,50709.0,23,0,0
2025.04.07 17:45,50679.0,50824.0,50679.0,50739.0,5,0,0
2025.04.07 18:00,50729.0,50729.0,50484.0,50539.0,7,0,0
2025.04.07 18:15,50479.0,50794.0,50479.0,50774.0,10,0,0
2025.04.07 18:30,50644.0,50644.0,50254.0,50379.0,14,0,0
2025.04.07 18:45,50344.0,50344.0,50029.0,50229.0,19,0,0
2025.04.07 19:00,50374.0,50374.0,50099.0,50369.0,8,0,0
2025.04.07 19:15,50379.0,50629.0,50379.0,50519.0,17,0,0
2025.04.07 19:30,50509.0,50619.0,50509.0,50609.0,6,0,0
2025.04.07 19:45,50619.0,50679.0,50619.0,50644.0,8,0,0
2025.04.07 20:00,50624.0,50624.0,50399.0,50459.0,12,0,0
2025.04.07 20:15,50534.0,50599.0,50344.0,50344.0,12,0,0
2025.04.07 20:30,50384.0,50499.0,50384.0,50389.0,20,0,0
2025.04.07 20:45,50434.0,50434.0,50234.0,50284.0,11,0,0
2025.04.07 21:00,50199.0,50299.0,50169.0,50254.0,18,0,0
2025.04.07 21:15,50259.0,50374.0,50259.0,50284.0,9,0,0
2025.04.07 21:30,50199.0,50574.0,50199.0,50429.0,30,0,0
2025.04.07 21:45,50419.0,50569.0,50219.0,50314.0,58,0,0
2025.04.08 16:30,51179.0,51254.0,51129.0,51169.0,22,0,0
2025.04.08 16:45,51174.0,51199.0,50929.0,50929.0,17,0,0
2025.04.08 17:00,50984.0,51084.0,50929.0,50929.0,11,0,0
2025.04.08 17:15,50969.0,50989.0,50834.0,50989.0,18,0,0
2025.04.08 17:30,50984.0,51254.0,50949.0,51099.0,28,0,0
2025.04.08 17:45,51189.0,51204.0,51094.0,51109.0,13,0,0
2025.04.08 18:00,51069.0,51119.0,50884.0,50884.0,13,0,0
2025.04.08 18:15,51004.0,51004.0,50804.0,50849.0,14,0,0
2025.04.08 18:30,50879.0,51014.0,50634.0,50679.0,21,0,0
2025.04.08 18:45,50774.0,50884.0,50689.0,50689.0,12,0,0
2025.04.08 19:00,50649.0,50649.0,50364.0,50479.0,18,0,0
2025.04.08 19:15,50529.0,50529.0,50219.0,50219.0,6,0,0
2025.04.08 19:30,50059.0,50554.0,50059.0,50519.0,14,0,0
2025.04.08 19:45,50479.0,50519.0,50424.0,50424.0,11,0,0
2025.04.08 20:00,50434.0,50494.0,50404.0,50404.0,15,0,0
2025.04.08 20:15,50429.0,50684.0,50389.0,50399.0,14,0,0
2025.04.08 20:30,50534.0,50589.0,50404.0,50589.0,13,0,0
2025.04.08 20:45,50584.0,50604.0,50459.0,50574.0,23,0,0
2025.04.08 21:00,50564.0,50569.0,50384.0,50384.0,13,0,0
2025.04.08 21:15,50444.0,50569.0,50334.0,50549.0,26,0,0
2025.04.08 21:30,50509.0,50514.0,50229.0,50279.0,24,0,0
2025.04.08 21:45,50284.0,50454.0,50284.0,50379.0,42,0,0
2025.04.09 16:30,49969.0,50094.0,49884.0,50039.0,39,0,0
2025.04.09 16:45,50029.0,50029.0,49729.0,49749.0,16,0,0
2025.04.09 17:00,49779.0,49939.0,49689.0,49939.0,26,0,0
2025.04.09 17:15,49964.0,50009.0,49964.0,50009.0,30,0,0
2025.04.09 17:30,50004.0,50004.0,49744.0,49774.0,11,0,0
2025.04.09 17:45,49784.0,50024.0,49784.0,49879.0,38,0,0
2025.04.09 18:00,49824.0,50059.0,49824.0,50059.0,17,0,0
2025.04.09 18:15,50064.0,50084.0,49989.0,50064.0,24,0,0
2025.04.09 18:30,50054.0,50134.0,49989.0,50134.0,10,0,0
2025.04.09 18:45,50179.0,50274.0,50179.0,50259.0,16,0,0
2025.04.09 19:00,50274.0,50394.0,50249.0,50269.0,20,0,0
2025.04.09 19:15,50289.0,51419.0,50119.0,51254.0,52,0,0
2025.04.09 19:30,51229.0,51819.0,51129.0,51469.0,58,0,0
2025.04.09 19:45,51474.0,52139.0,51474.0,52104.0,22,0,0
2025.04.09 20:00,52099.0,52124.0,51904.0,52084.0,25,0,0
2025.04.09 20:15,52079.0,52084.0,51919.0,51944.0,25,0,0
2025.04.09 20:30,51949.0,52069.0,51834.0,51834.0,26,0,0
2025.04.09 20:45,51829.0,51834.0,51659.0,51659.0,13,0,0
2025.04.09 21:00,51654.0,51914.0,51319.0,51914.0,28,0,0
2025.04.09 21:15,51984.0,52389.0,51984.0,52339.0,28,0,0
2025.04.09 21:30,52304.0,52304.0,52134.0,52279.0,34,0,0
2025.04.09 21:45,52274.0,52709.0,52254.0,52404.0,70,0,0
2025.04.10 16:30,52034.0,52199.0,51999.0,52199.0,22,0,0
2025.04.10 16:45,52134.0,52134.0,52034.0,52044.0,12,0,0
2025.04.10 17:00,52049.0,52144.0,52049.0,52084.0,18,0,0
2025.04.10 17:15,52079.0,52119.0,52009.0,52009.0,11,0,0
2025.04.10 17:30,51994.0,52129.0,51964.0,52039.0,14,0,0
2025.04.10 17:45,52034.0,52034.0,51729.0,51849.0,11,0,0
2025.04.10 18:00,51844.0,51844.0,51694.0,51724.0,26,0,0
2025.04.10 18:15,51719.0,51719.0,51219.0,51254.0,37,0,0
2025.04.10 18:30,51259.0,51644.0,51259.0,51584.0,22,0,0
2025.04.10 18:45,51484.0,51679.0,51479.0,51624.0,15,0,0
2025.04.10 19:00,51679.0,51679.0,51504.0,51509.0,12,0,0
2025.04.10 19:15,51504.0,51504.0,51334.0,51454.0,15,0,0
2025.04.10 19:30,51584.0,51674.0,51584.0,51674.0,8,0,0
2025.04.10 19:45,51754.0,51754.0,51494.0,51604.0,34,0,0
2025.04.10 20:00,51594.0,51834.0,51594.0,51809.0,16,0,0
2025.04.10 20:15,51784.0,52004.0,51784.0,51964.0,11,0,0
2025.04.10 20:30,51974.0,51984.0,51869.0,51884.0,39,0,0
2025.04.10 20:45,51889.0,51934.0,51819.0,51834.0,14,0,0
2025.04.10 21:00,51824.0,51924.0,51779.0,51784.0,21,0,0
2025.04.10 21:15,51719.0,51854.0,51714.0,51839.0,28,0,0
2025.04.10 21:30,51799.0,51799.0,51499.0,51499.0,29,0,0
2025.04.10 21:45,51479.0,51804.0,51479.0,51804.0,56,0,0
2025.04.11 16:30,51624.0,51674.0,51619.0,51674.0,5,0,0
2025.04.11 16:45,51719.0,51784.0,51709.0,51729.0,8,0,0
2025.04.11 17:00,51749.0,51749.0,51624.0,51624.0,7,0,0
2025.04.11 17:15,51619.0,51634.0,51469.0,51599.0,25,0,0
2025.04.11 17:30,51569.0,51689.0,51569.0,51664.0,14,0,0
2025.04.11 17:45,51689.0,51724.0,51614.0,51709.0,13,0,0
2025.04.11 18:00,51689.0,51729.0,51689.0,51724.0,13,0,0
2025.04.11 18:15,51744.0,51794.0,51724.0,51794.0,7,0,0
2025.04.11 18:30,51789.0,51904.0,51789.0,51844.0,17,0,0
2025.04.11 18:45,51839.0,51854.0,51819.0,51854.0,5,0,0
2025.04.11 19:00,51799.0,51854.0,51779.0,51779.0,7,0,0
2025.04.11 19:15,51769.0,51779.0,51434.0,51434.0,25,0,0
2025.04.11 19:30,51424.0,51589.0,51424.0,51589.0,15,0,0
2025.04.11 19:45,51579.0,51759.0,51569.0,51714.0,30,0,0
2025.04.11 20:00,51714.0,51719.0,51664.0,51674.0,13,0,0
2025.04.11 20:15,51684.0,51689.0,51559.0,51559.0,23,0,0
2025.04.11 20:30,51599.0,51734.0,51599.0,51729.0,6,0,0
2025.04.11 20:45,51724.0,51724.0,51634.0,51634.0,8,0,0
2025.04.11 21:00,51714.0,51714.0,51704.0,51709.0,4,0,0
2025.04.11 21:15,51684.0,51724.0,51589.0,51589.0,11,0,0
2025.04.11 21:30,51584.0,51584.0,51409.0,51434.0,13,0,0
2025.04.11 21:45,51419.0,51634.0,51269.0,51634.0,45,0,0
2025.04.14 16:30,52270.0,52409.0,52269.0,52409.0,5,0,0
2025.04.14 16:45,52404.0,52404.0,52279.0,52279.0,14,0,0
2025.04.14 17:00,52284.0,52329.0,52239.0,52239.0,7,0,0
2025.04.14 17:15,52244.0,52259.0,52134.0,52139.0,15,0,0
2025.04.14 17:30,52134.0,52224.0,52094.0,52129.0,19,0,0
2025.04.14 17:45,52094.0,52094.0,52034.0,52059.0,7,0,0
2025.04.14 18:00,52029.0,52029.0,51934.0,51944.0,20,0,0
2025.04.14 18:15,51994.0,52164.0,51994.0,52074.0,26,0,0
2025.04.14 18:30,52059.0,52174.0,52034.0,52034.0,12,0,0
2025.04.14 18:45,52039.0,52154.0,52039.0,52099.0,15,0,0
2025.04.14 19:00,52119.0,52224.0,52074.0,52079.0,17,0,0
2025.04.14 19:15,52084.0,52274.0,52084.0,52269.0,13,0,0
2025.04.14 19:30,52209.0,52279.0,52209.0,52244.0,14,0,0
2025.04.14 19:45,52204.0,52389.0,52204.0,52389.0,9,0,0
2025.04.14 20:00,52389.0,52469.0,52334.0,52369.0,19,0,0
2025.04.14 20:15,52419.0,52504.0,52419.0,52494.0,12,0,0
2025.04.14 20:30,52454.0,52599.0,52444.0,52444.0,20,0,0
2025.04.14 20:45,52484.0,52484.0,52419.0,52429.0,3,0,0
2025.04.14 21:00,52464.0,52584.0,52454.0,52494.0,6,0,0
2025.04.14 21:15,52559.0,52579.0,52429.0,52429.0,17,0,0
2025.04.14 21:30,52414.0,52464.0,52364.0,52459.0,15,0,0
2025.04.14 21:45,52489.0,52499.0,52319.0,52414.0,37,0,0
2025.04.15 16:30,52154.0,52309.0,52109.0,52154.0,27,0,0
2025.04.15 16:45,52199.0,52239.0,52124.0,52239.0,11,0,0
2025.04.15 17:00,52249.0,52474.0,52249.0,52474.0,29,0,0
2025.04.15 17:15,52479.0,52484.0,52419.0,52419.0,19,0,0
2025.04.15 17:30,52424.0,52474.0,52419.0,52474.0,16,0,0
2025.04.15 17:45,52504.0,52669.0,52504.0,52604.0,26,0,0
2025.04.15 18:00,52669.0,52759.0,52499.0,52624.0,44,0,0
2025.04.15 18:15,52619.0,52719.0,52589.0,52639.0,25,0,0
2025.04.15 18:30,52644.0,52699.0,52599.0,52659.0,16,0,0
2025.04.15 18:45,52654.0,52664.0,52579.0,52579.0,15,0,0
2025.04.15 19:00,52564.0,52654.0,52564.0,52599.0,20,0,0
2025.04.15 19:15,52594.0,52644.0,52564.0,52609.0,13,0,0
2025.04.15 19:30,52619.0,52624.0,52609.0,52624.0,5,0,0
2025.04.15 19:45,52614.0,52654.0,52579.0,52579.0,33,0,0
2025.04.15 20:00,52579.0,52579.0,52489.0,52489.0,18,0,0
2025.04.15 20:15,52469.0,52594.0,52469.0,52524.0,23,0,0
2025.04.15 20:30,52539.0,52594.0,52524.0,52529.0,21,0,0
2025.04.15 20:45,52544.0,52649.0,52489.0,52524.0,28,0,0
2025.04.15 21:00,52519.0,52549.0,52409.0,52484.0,30,0,0
2025.04.15 21:15,52499.0,52529.0,52414.0,52414.0,26,0,0
2025.04.15 21:30,52419.0,52519.0,52419.0,52499.0,21,0,0
2025.04.15 21:45,52494.0,52554.0,52439.0,52469.0,49,0,0
2025.04.16 16:30,52994.0,53079.0,52994.0,53079.0,17,0,0
2025.04.16 16:45,53039.0,53059.0,52979.0,52994.0,11,0,0
2025.04.16 17:00,53029.0,53119.0,52979.0,53119.0,17,0,0
2025.04.16 17:15,53099.0,53194.0,53099.0,53194.0,8,0,0
2025.04.16 17:30,53199.0,53284.0,53189.0,53279.0,16,0,0
2025.04.16 17:45,53274.0,53274.0,53169.0,53189.0,11,0,0
2025.04.16 18:00,53229.0,53394.0,53229.0,53314.0,19,0,0
2025.04.16 18:15,53324.0,53374.0,53309.0,53309.0,12,0,0
2025.04.16 18:30,53334.0,53334.0,53204.0,53234.0,6,0,0
2025.04.16 18:45,53269.0,53274.0,53239.0,53264.0,4,0,0
2025.04.16 19:00,53219.0,53289.0,53189.0,53189.0,7,0,0
2025.04.16 19:15,53199.0,53299.0,53199.0,53264.0,14,0,0
2025.04.16 19:30,53204.0,53204.0,53169.0,53169.0,4,0,0
2025.04.16 19:45,53164.0,53164.0,52914.0,52914.0,18,0,0
2025.04.16 20:00,52964.0,52964.0,52884.0,52894.0,16,0,0
2025.04.16 20:15,52899.0,52899.0,52814.0,52814.0,11,0,0
2025.04.16 20:30,52799.0,52799.0,52684.0,52684.0,7,0,0
2025.04.16 20:45,52744.0,52784.0,52744.0,52769.0,14,0,0
2025.04.16 21:00,52764.0,52789.0,52689.0,52789.0,12,0,0
2025.04.16 21:15,52779.0,52779.0,52684.0,52684.0,13,0,0
2025.04.16 21:30,52689.0,52804.0,52689.0,52804.0,13,0,0
2025.04.16 21:45,52839.0,53019.0,52824.0,53014.0,27,0,0
2025.04.21 16:30,53254.0,53289.0,53129.0,53289.0,25,0,0
2025.04.21 16:45,53309.0,53469.0,53279.0,53354.0,14,0,0
2025.04.21 17:00,53324.0,53324.0,53284.0,53284.0,4,0,0
2025.04.21 17:15,53279.0,53389.0,53279.0,53334.0,7,0,0
2025.04.21 17:30,53329.0,53379.0,53274.0,53379.0,18,0,0
2025.04.21 17:45,53329.0,53329.0,53279.0,53279.0,3,0,0
2025.04.21 18:00,53284.0,53429.0,53284.0,53374.0,14,0,0
2025.04.21 18:15,53439.0,53439.0,53329.0,53399.0,12,0,0
2025.04.21 18:30,53294.0,53454.0,53264.0,53449.0,17,0,0
2025.04.21 18:45,53324.0,53424.0,53324.0,53344.0,16,0,0
2025.04.21 19:00,53349.0,53349.0,53189.0,53279.0,12,0,0
2025.04.21 19:15,53304.0,53399.0,53304.0,53364.0,12,0,0
2025.04.21 19:30,53359.0,53434.0,53304.0,53324.0,13,0,0
2025.04.21 19:45,53424.0,53424.0,53259.0,53389.0,11,0,0
2025.04.21 20:00,53364.0,53389.0,53299.0,53344.0,9,0,0
2025.04.21 20:15,53374.0,53424.0,53374.0,53414.0,9,0,0
2025.04.21 20:30,53404.0,53464.0,53369.0,53454.0,11,0,0
2025.04.21 20:45,53449.0,53509.0,53409.0,53509.0,14,0,0
2025.04.21 21:00,53449.0,53469.0,53439.0,53464.0,5,0,0
2025.04.21 21:15,53429.0,53564.0,53429.0,53504.0,14,0,0
2025.04.21 21:30,53544.0,53554.0,53454.0,53544.0,12,0,0
2025.04.21 21:45,53539.0,53829.0,53469.0,53819.0,43,0,0
2025.04.22 16:30,53914.0,54089.0,53839.0,54089.0,19,0,0
2025.04.22 16:45,54034.0,54219.0,54034.0,54199.0,16,0,0
2025.04.22 17:00,54194.0,54259.0,54179.0,54259.0,15,0,0
2025.04.22 17:15,54264.0,54324.0,54234.0,54234.0,10,0,0
2025.04.22 17:30,54254.0,54319.0,54249.0,54249.0,4,0,0
2025.04.22 17:45,54229.0,54404.0,54229.0,54404.0,12,0,0
2025.04.22 18:00,54379.0,54494.0,54374.0,54374.0,7,0,0
2025.04.22 18:15,54369.0,54424.0,54354.0,54424.0,12,0,0
2025.04.22 18:30,54379.0,54424.0,54329.0,54389.0,10,0,0
2025.04.22 18:45,54339.0,54469.0,54329.0,54429.0,10,0,0
2025.04.22 19:00,54409.0,54504.0,54379.0,54389.0,19,0,0
2025.04.22 19:15,54394.0,54394.0,54304.0,54329.0,18,0,0
2025.04.22 19:30,54354.0,54374.0,54329.0,54349.0,6,0,0
2025.04.22 19:45,54339.0,54414.0,54294.0,54414.0,14,0,0
2025.04.22 20:00,54449.0,54624.0,54389.0,54549.0,20,0,0
2025.04.22 20:15,54584.0,54679.0,54584.0,54589.0,16,0,0
2025.04.22 20:30,54564.0,54604.0,54529.0,54584.0,21,0,0
2025.04.22 20:45,54564.0,54674.0,54564.0,54629.0,14,0,0
2025.04.22 21:00,54599.0,54599.0,54549.0,54549.0,16,0,0
2025.04.22 21:15,54544.0,54574.0,54534.0,54539.0,17,0,0
2025.04.22 21:30,54564.0,54634.0,54564.0,54604.0,15,0,0
2025.04.22 21:45,54634.0,54704.0,54579.0,54704.0,46,0,0
2025.04.23 16:30,55864.0,56004.0,55734.0,56004.0,68,0,0
2025.04.23 16:45,55984.0,56074.0,55864.0,56064.0,46,0,0
2025.04.23 17:00,56059.0,56064.0,55904.0,55929.0,53,0,0
2025.04.23 17:15,55934.0,55989.0,55849.0,55989.0,34,0,0
2025.04.23 17:30,56009.0,56024.0,55829.0,55999.0,23,0,0
2025.04.23 17:45,56009.0,56029.0,55909.0,55999.0,29,0,0
2025.04.23 18:00,55984.0,56024.0,55879.0,55959.0,29,0,0
2025.04.23 18:15,55894.0,55974.0,55819.0,55939.0,41,0,0
2025.04.23 18:30,55929.0,56044.0,55894.0,56024.0,30,0,0
2025.04.23 18:45,55939.0,56014.0,55904.0,55934.0,23,0,0
2025.04.23 19:00,55904.0,56074.0,55904.0,55944.0,19,0,0
2025.04.23 19:15,55894.0,56044.0,55879.0,55954.0,35,0,0
2025.04.23 19:30,55859.0,55939.0,55769.0,55774.0,37,0,0
2025.04.23 19:45,55779.0,55969.0,55779.0,55964.0,32,0,0
2025.04.23 20:00,55974.0,56029.0,55939.0,56014.0,30,0,0
2025.04.23 20:15,56009.0,56014.0,55864.0,55884.0,17,0,0
2025.04.23 20:30,55889.0,55934.0,55884.0,55899.0,15,0,0
2025.04.23 20:45,55904.0,55904.0,55829.0,55864.0,19,0,0
2025.04.23 21:00,55809.0,55869.0,55809.0,55834.0,26,0,0
2025.04.23 21:15,55824.0,55864.0,55809.0,55809.0,15,0,0
2025.04.23 21:30,55794.0,55794.0,55639.0,55719.0,26,0,0
2025.04.23 21:45,55699.0,55709.0,55449.0,55534.0,64,0,0
2025.04.24 16:30,56309.0,56319.0,56234.0,56314.0,12,0,0
2025.04.24 16:45,56309.0,56394.0,56309.0,56394.0,24,0,0
2025.04.24 17:00,56409.0,56424.0,56304.0,56374.0,20,0,0
2025.04.24 17:15,56379.0,56379.0,56199.0,56199.0,17,0,0
2025.04.24 17:30,56204.0,56354.0,56189.0,56269.0,36,0,0
2025.04.24 17:45,56189.0,56274.0,56179.0,56274.0,13,0,0
2025.04.24 18:00,56219.0,56314.0,56214.0,56309.0,20,0,0
2025.04.24 18:15,56319.0,56329.0,56234.0,56329.0,23,0,0
2025.04.24 18:30,56379.0,56479.0,56349.0,56404.0,19,0,0
2025.04.24 18:45,56399.0,56399.0,56289.0,56379.0,17,0,0
2025.04.24 19:00,56294.0,56444.0,56294.0,56364.0,19,0,0
2025.04.24 19:15,56369.0,56449.0,56334.0,56444.0,22,0,0
2025.04.24 19:30,56399.0,56529.0,56374.0,56529.0,21,0,0
2025.04.24 19:45,56429.0,56584.0,56429.0,56524.0,15,0,0
2025.04.24 20:00,56524.0,56524.0,56399.0,56434.0,13,0,0
2025.04.24 20:15,56439.0,56439.0,56399.0,56399.0,7,0,0
2025.04.24 20:30,56404.0,56504.0,56404.0,56499.0,10,0,0
2025.04.24 20:45,56509.0,56544.0,56474.0,56499.0,13,0,0
2025.04.24 21:00,56519.0,56529.0,56489.0,56494.0,12,0,0
2025.04.24 21:15,56524.0,56524.0,56259.0,56279.0,27,0,0
2025.04.24 21:30,56284.0,56384.0,56204.0,56374.0,27,0,0
2025.04.24 21:45,56369.0,56464.0,56279.0,56309.0,67,0,0
2025.04.25 16:30,55979.0,56109.0,55979.0,56074.0,60,0,0
2025.04.25 16:45,56044.0,56104.0,55999.0,56004.0,39,0,0
2025.04.25 17:00,56009.0,56209.0,56009.0,56189.0,30,0,0
2025.04.25 17:15,56184.0,56314.0,56139.0,56154.0,28,0,0
2025.04.25 17:30,56184.0,56249.0,56144.0,56189.0,34,0,0
2025.04.25 17:45,56159.0,56234.0,56149.0,56179.0,25,0,0
2025.04.25 18:00,56154.0,56224.0,56154.0,56224.0,26,0,0
2025.04.25 18:15,56229.0,56259.0,56159.0,56259.0,36,0,0
2025.04.25 18:30,56254.0,56254.0,56159.0,56189.0,28,0,0
2025.04.25 18:45,56184.0,56274.0,56174.0,56274.0,22,0,0
2025.04.25 19:00,56259.0,56289.0,56209.0,56219.0,30,0,0
2025.04.25 19:15,56254.0,56254.0,56194.0,56229.0,29,0,0
2025.04.25 19:30,56234.0,56239.0,56154.0,56169.0,27,0,0
2025.04.25 19:45,56184.0,56199.0,56089.0,56169.0,40,0,0
2025.04.25 20:00,56169.0,56349.0,56149.0,56314.0,42,0,0
2025.04.25 20:15,56309.0,56679.0,56244.0,56604.0,68,0,0
2025.04.25 20:30,56599.0,56619.0,56504.0,56569.0,45,0,0
2025.04.25 20:45,56574.0,56634.0,56509.0,56549.0,31,0,0
2025.04.25 21:00,56609.0,56704.0,56609.0,56704.0,39,0,0
2025.04.25 21:15,56694.0,56819.0,56684.0,56704.0,34,0,0
2025.04.25 21:30,56714.0,56719.0,56474.0,56579.0,49,0,0
2025.04.25 21:45,56619.0,56779.0,56569.0,56769.0,49,0,0
2025.04.28 16:30,56984.0,57114.0,56974.0,57079.0,18,0,0
2025.04.28 16:45,57074.0,57084.0,56979.0,57009.0,20,0,0
2025.04.28 17:00,57004.0,57114.0,56959.0,56959.0,14,0,0
2025.04.28 17:15,56979.0,57034.0,56979.0,56999.0,5,0,0
2025.04.28 17:30,56994.0,57114.0,56989.0,57099.0,22,0,0
2025.04.28 17:45,57129.0,57134.0,57074.0,57109.0,9,0,0
2025.04.28 18:00,57089.0,57149.0,57089.0,57124.0,18,0,0
2025.04.28 18:15,57104.0,57129.0,57104.0,57124.0,5,0,0
2025.04.28 18:30,57159.0,57179.0,57124.0,57179.0,5,0,0
2025.04.28 18:45,57209.0,57209.0,57109.0,57124.0,10,0,0
2025.04.28 19:00,57129.0,57134.0,57079.0,57084.0,7,0,0
2025.04.28 19:15,57099.0,57159.0,57094.0,57094.0,4,0,0
2025.04.28 19:30,57069.0,57109.0,57069.0,57109.0,3,0,0
2025.04.28 19:45,57129.0,57154.0,57129.0,57129.0,5,0,0
2025.04.28 20:00,57144.0,57159.0,57139.0,57139.0,5,0,0
2025.04.28 20:15,57144.0,57184.0,57129.0,57184.0,7,0,0
2025.04.28 20:30,57204.0,57219.0,56889.0,56889.0,31,0,0
2025.04.28 20:45,56894.0,57104.0,56854.0,56964.0,34,0,0
2025.04.28 21:00,56934.0,56939.0,56864.0,56934.0,11,0,0
2025.04.28 21:15,56974.0,57019.0,56859.0,56859.0,27,0,0
2025.04.28 21:30,56874.0,56964.0,56779.0,56834.0,32,0,0
2025.04.28 21:45,56859.0,57034.0,56734.0,57034.0,58,0,0
2025.04.29 16:30,56929.0,56934.0,56834.0,56864.0,18,0,0
2025.04.29 16:45,56869.0,57039.0,56869.0,56999.0,20,0,0
2025.04.29 17:00,56979.0,56979.0,56829.0,56879.0,20,0,0
2025.04.29 17:15,56884.0,56924.0,56754.0,56844.0,37,0,0
2025.04.29 17:30,56814.0,56844.0,56759.0,56844.0,19,0,0
2025.04.29 17:45,56819.0,56819.0,56724.0,56784.0,24,0,0
2025.04.29 18:00,56799.0,56799.0,56634.0,56634.0,25,0,0
2025.04.29 18:15,56629.0,56629.0,56439.0,56579.0,41,0,0
2025.04.29 18:30,56564.0,56564.0,56094.0,56104.0,34,0,0
2025.04.29 18:45,56049.0,56114.0,55949.0,55959.0,29,0,0
2025.04.29 19:00,55929.0,56094.0,55929.0,56094.0,23,0,0
2025.04.29 19:15,56089.0,56089.0,55949.0,55949.0,22,0,0
2025.04.29 19:30,56019.0,56019.0,55874.0,55874.0,8,0,0
2025.04.29 19:45,55889.0,55994.0,55889.0,55909.0,18,0,0
2025.04.29 20:00,55909.0,55924.0,55739.0,55749.0,12,0,0
2025.04.29 20:15,55739.0,55784.0,55659.0,55659.0,11,0,0
2025.04.29 20:30,55734.0,55904.0,55684.0,55774.0,35,0,0
2025.04.29 20:45,55784.0,55784.0,55689.0,55734.0,18,0,0
2025.04.29 21:00,55784.0,55784.0,55614.0,55614.0,25,0,0
2025.04.29 21:15,55609.0,55649.0,55464.0,55464.0,20,0,0
2025.04.29 21:30,55489.0,55489.0,55344.0,55344.0,24,0,0
2025.04.29 21:45,55329.0,55654.0,55309.0,55584.0,75,0,0
2025.04.30 16:30,55469.0,55614.0,55469.0,55579.0,25,0,0
2025.04.30 16:45,55599.0,55634.0,55529.0,55634.0,13,0,0
2025.04.30 17:00,55649.0,55689.0,55634.0,55684.0,16,0,0
2025.04.30 17:15,55649.0,55684.0,55599.0,55634.0,25,0,0
2025.04.30 17:30,55599.0,55664.0,55544.0,55559.0,27,0,0
2025.04.30 17:45,55564.0,55564.0,55514.0,55514.0,4,0,0
2025.04.30 18:00,55519.0,55564.0,55509.0,55564.0,12,0,0
2025.04.30 18:15,55559.0,55594.0,55554.0,55554.0,6,0,0
2025.04.30 18:30,55594.0,55644.0,55544.0,55644.0,12,0,0
2025.04.30 18:45,55629.0,55659.0,55619.0,55639.0,9,0,0
2025.04.30 19:00,55644.0,55674.0,55634.0,55634.0,11,0,0
2025.04.30 19:15,55644.0,55664.0,55644.0,55664.0,4,0,0
2025.04.30 19:30,55649.0,55679.0,55649.0,55679.0,4,0,0
2025.04.30 19:45,55649.0,55669.0,55599.0,55619.0,13,0,0
2025.04.30 20:00,55609.0,55789.0,55604.0,55764.0,24,0,0
2025.04.30 20:15,55699.0,55704.0,55699.0,55699.0,3,0,0
2025.04.30 20:30,55724.0,55784.0,55694.0,55694.0,9,0,0
2025.04.30 20:45,55734.0,55819.0,55684.0,55684.0,17,0,0
2025.04.30 21:00,55689.0,55814.0,55689.0,55814.0,6,0,0
2025.04.30 21:15,55819.0,55849.0,55814.0,55849.0,5,0,0
2025.04.30 21:30,55874.0,55914.0,55739.0,55869.0,56,0,0
2025.04.30 21:45,55854.0,56229.0,55839.0,56184.0,72,0,0
2025.05.02 16:30,56124.0,56149.0,56014.0,56024.0,26,0,0
2025.05.02 16:45,56019.0,56074.0,55909.0,55909.0,18,0,0
2025.05.02 17:00,55899.0,55899.0,55754.0,55754.0,17,0,0
2025.05.02 17:15,55749.0,55759.0,55669.0,55714.0,8,0,0
2025.05.02 17:30,55709.0,55764.0,55589.0,55589.0,19,0,0
2025.05.02 17:45,55599.0,55829.0,55599.0,55729.0,15,0,0
2025.05.02 18:00,55724.0,56034.0,55724.0,56014.0,12,0,0
2025.05.02 18:15,56009.0,56009.0,55774.0,55879.0,10,0,0
2025.05.02 18:30,55884.0,56149.0,55884.0,56139.0,11,0,0
2025.05.02 18:45,56009.0,56139.0,56009.0,56019.0,13,0,0
2025.05.02 19:00,56004.0,56004.0,55749.0,55799.0,26,0,0
2025.05.02 19:15,55754.0,55754.0,55634.0,55749.0,6,0,0
2025.05.02 19:30,55744.0,55749.0,55624.0,55624.0,5,0,0
2025.05.02 19:45,55634.0,55634.0,55539.0,55544.0,10,0,0
2025.05.02 20:00,55554.0,55634.0,55554.0,55634.0,9,0,0
2025.05.02 20:15,55694.0,55804.0,55694.0,55734.0,4,0,0
2025.05.02 20:30,55844.0,55844.0,55769.0,55769.0,3,0,0
2025.05.02 20:45,55734.0,55844.0,55699.0,55699.0,23,0,0
2025.05.02 21:00,55704.0,55884.0,55704.0,55884.0,10,0,0
2025.05.02 21:15,55919.0,55994.0,55764.0,55784.0,15,0,0
2025.05.02 21:30,55794.0,56019.0,55734.0,55994.0,67,0,0
2025.05.02 21:45,55899.0,56074.0,55879.0,56074.0,57,0,0
2025.05.05 16:30,56094.0,56094.0,56029.0,56079.0,5,0,0
2025.05.05 16:45,56044.0,56099.0,55994.0,56099.0,18,0,0
2025.05.05 17:00,56079.0,56099.0,55914.0,55914.0,13,0,0
2025.05.05 17:15,55909.0,55979.0,55904.0,55904.0,8,0,0
2025.05.05 17:30,55884.0,55884.0,55729.0,55729.0,14,0,0
2025.05.05 17:45,55734.0,55969.0,55734.0,55969.0,21,0,0
2025.05.05 18:00,55954.0,55969.0,55829.0,55829.0,11,0,0
2025.05.05 18:15,55874.0,55889.0,55874.0,55889.0,4,0,0
2025.05.05 18:30,55904.0,55914.0,55904.0,55914.0,5,0,0
2025.05.05 18:45,55904.0,55914.0,55834.0,55834.0,16,0,0
2025.05.05 19:00,55829.0,55839.0,55789.0,55834.0,16,0,0
2025.05.05 19:15,55859.0,55864.0,55804.0,55864.0,5,0,0
2025.05.05 19:30,55869.0,55879.0,55834.0,55834.0,3,0,0
2025.05.05 19:45,55849.0,55894.0,55849.0,55894.0,7,0,0
2025.05.05 20:00,55894.0,55979.0,55859.0,55979.0,21,0,0
2025.05.05 20:15,56004.0,56009.0,55984.0,56009.0,4,0,0
2025.05.05 20:30,55984.0,55994.0,55959.0,55994.0,10,0,0
2025.05.05 20:45,55944.0,55944.0,55844.0,55844.0,7,0,0
2025.05.05 21:00,55879.0,55879.0,55814.0,55814.0,5,0,0
2025.05.05 21:15,55819.0,55899.0,55819.0,55839.0,5,0,0
2025.05.05 21:30,55899.0,56044.0,55834.0,56014.0,16,0,0
2025.05.05 21:45,56004.0,56004.0,55759.0,55759.0,29,0,0
2025.05.06 16:30,55884.0,56029.0,55794.0,56024.0,39,0,0
2025.05.06 16:45,56019.0,56154.0,55999.0,56089.0,33,0,0
2025.05.06 17:00,56094.0,56279.0,56089.0,56274.0,25,0,0
2025.05.06 17:15,56279.0,56469.0,56279.0,56439.0,28,0,0
2025.05.06 17:30,56464.0,56619.0,56414.0,56529.0,33,0,0
2025.05.06 17:45,56479.0,56589.0,56474.0,56549.0,10,0,0
2025.05.06 18:00,56579.0,56704.0,56529.0,56679.0,30,0,0
2025.05.06 18:15,56724.0,56824.0,56724.0,56769.0,48,0,0
2025.05.06 18:30,56774.0,56904.0,56754.0,56779.0,38,0,0
2025.05.06 18:45,56774.0,56829.0,56739.0,56779.0,41,0,0
2025.05.06 19:00,56734.0,56774.0,56654.0,56774.0,12,0,0
2025.05.06 19:15,56794.0,56894.0,56794.0,56889.0,10,0,0
2025.05.06 19:30,56919.0,56919.0,56839.0,56919.0,6,0,0
2025.05.06 19:45,56929.0,56979.0,56889.0,56929.0,8,0,0
2025.05.06 20:00,56984.0,57054.0,56984.0,57034.0,3,0,0
2025.05.06 20:15,57029.0,57204.0,57004.0,57204.0,7,0,0
2025.05.06 20:30,57199.0,57199.0,57044.0,57189.0,12,0,0
2025.05.06 20:45,57194.0,57194.0,57164.0,57164.0,2,0,0
2025.05.06 21:00,57169.0,57209.0,57099.0,57109.0,9,0,0
2025.05.06 21:15,57114.0,57269.0,57109.0,57229.0,22,0,0
2025.05.06 21:30,57179.0,57419.0,57179.0,57419.0,16,0,0
2025.05.06 21:45,57439.0,57579.0,57349.0,57559.0,74,0,0
2025.05.07 16:30,57769.0,57924.0,57739.0,57849.0,38,0,0
2025.05.07 16:45,57854.0,57999.0,57829.0,57844.0,54,0,0
2025.05.07 17:00,57939.0,57939.0,57649.0,57689.0,32,0,0
2025.05.07 17:15,57709.0,57974.0,57709.0,57944.0,23,0,0
2025.05.07 17:30,57949.0,58029.0,57934.0,57979.0,28,0,0
2025.05.07 17:45,57944.0,57999.0,57874.0,57939.0,16,0,0
2025.05.07 18:00,57924.0,57959.0,57849.0,57959.0,11,0,0
2025.05.07 18:15,57949.0,57949.0,57819.0,57924.0,13,0,0
2025.05.07 18:30,57914.0,57929.0,57874.0,57929.0,13,0,0
2025.05.07 18:45,57499.0,57499.0,57498.0,57498.0,2,0,0
2025.05.07 19:00,57934.0,58014.0,57934.0,58009.0,8,0,0
2025.05.07 19:15,58014.0,58129.0,58014.0,58129.0,8,0,0
2025.05.07 19:30,58124.0,58124.0,57909.0,57909.0,11,0,0
2025.05.07 19:45,57904.0,57929.0,57814.0,57879.0,28,0,0
2025.05.07 20:00,57879.0,57884.0,57839.0,57839.0,6,0,0
2025.05.07 20:15,57884.0,57929.0,57884.0,57929.0,2,0,0
2025.05.07 20:30,57889.0,58009.0,57889.0,57944.0,28,0,0
2025.05.07 20:45,57949.0,58104.0,57939.0,58104.0,46,0,0
2025.05.07 21:00,58049.0,58079.0,58049.0,58079.0,4,0,0
2025.05.07 21:15,58084.0,58134.0,57999.0,58014.0,10,0,0
2025.05.07 21:30,58019.0,58134.0,57979.0,57999.0,37,0,0
2025.05.07 21:45,57979.0,58104.0,57864.0,57934.0,77,0,0
2025.05.08 16:30,57729.0,57739.0,57639.0,57679.0,22,0,0
2025.05.08 16:45,57659.0,57704.0,57584.0,57584.0,20,0,0
2025.05.08 17:00,57579.0,57714.0,57539.0,57569.0,15,0,0
2025.05.08 17:15,57574.0,57704.0,57479.0,57484.0,28,0,0
2025.05.08 17:30,57489.0,57619.0,57484.0,57619.0,27,0,0
2025.05.08 17:45,57584.0,57694.0,57504.0,57504.0,19,0,0
2025.05.08 18:00,57554.0,57639.0,57504.0,57504.0,6,0,0
2025.05.08 18:15,57489.0,57519.0,57409.0,57409.0,11,0,0
2025.05.08 18:30,57384.0,57434.0,57324.0,57434.0,17,0,0
2025.05.08 18:45,57364.0,57464.0,57354.0,57354.0,8,0,0
2025.05.08 19:00,57309.0,57309.0,57309.0,57309.0,1,0,0
2025.05.08 19:15,57244.0,57244.0,57229.0,57229.0,2,0,0
2025.05.08 19:30,57259.0,57379.0,57259.0,57379.0,6,0,0
2025.05.08 19:45,57374.0,57374.0,57309.0,57309.0,16,0,0
2025.05.08 20:00,57324.0,57369.0,57259.0,57369.0,6,0,0
2025.05.08 20:15,57364.0,57364.0,57264.0,57279.0,18,0,0
2025.05.08 20:30,57269.0,57279.0,57144.0,57209.0,26,0,0
2025.05.08 20:45,57214.0,57374.0,57214.0,57369.0,28,0,0
2025.05.08 21:00,57364.0,57384.0,57234.0,57384.0,28,0,0
2025.05.08 21:15,57379.0,57379.0,57224.0,57329.0,26,0,0
2025.05.08 21:30,57324.0,57324.0,57039.0,57039.0,25,0,0
2025.05.08 21:45,57034.0,57054.0,56849.0,56944.0,56,0,0
2025.05.09 16:30,57049.0,57184.0,57049.0,57074.0,31,0,0
2025.05.09 16:45,57094.0,57094.0,57079.0,57089.0,5,0,0
2025.05.09 17:00,57094.0,57204.0,57079.0,57134.0,18,0,0
2025.05.09 17:15,57154.0,57234.0,57079.0,57209.0,28,0,0
2025.05.09 17:30,57189.0,57199.0,57174.0,57199.0,12,0,0
2025.05.09 17:45,57194.0,57194.0,57174.0,57189.0,10,0,0
2025.05.09 18:00,57184.0,57189.0,57064.0,57064.0,7,0,0
2025.05.09 18:15,57089.0,57109.0,56894.0,56909.0,16,0,0
2025.05.09 18:30,56924.0,56984.0,56909.0,56909.0,18,0,0
2025.05.09 18:45,56839.0,56839.0,56754.0,56754.0,11,0,0
2025.05.09 19:00,56759.0,56764.0,56739.0,56739.0,7,0,0
2025.05.09 19:15,56729.0,56819.0,56729.0,56819.0,7,0,0
2025.05.09 19:30,56809.0,56814.0,56809.0,56814.0,2,0,0
2025.05.09 19:45,56894.0,56894.0,56874.0,56894.0,6,0,0
2025.05.09 20:00,56884.0,56884.0,56724.0,56734.0,12,0,0
2025.05.09 20:15,56719.0,56834.0,56719.0,56834.0,5,0,0
2025.05.09 20:30,56929.0,56929.0,56789.0,56789.0,14,0,0
2025.05.09 20:45,56744.0,56749.0,56744.0,56749.0,2,0,0
2025.05.09 21:00,56754.0,56759.0,56749.0,56749.0,3,0,0
2025.05.09 21:15,56744.0,56819.0,56744.0,56819.0,2,0,0
2025.05.09 21:30,56814.0,56814.0,56614.0,56689.0,15,0,0
2025.05.09 21:45,56649.0,56679.0,56564.0,56644.0,15,0,0
2025.05.12 16:30,56429.0,56484.0,56329.0,56379.0,22,0,0
2025.05.12 16:45,56349.0,56349.0,56239.0,56279.0,22,0,0
2025.05.12 17:00,56244.0,56244.0,56169.0,56169.0,6,0,0
2025.05.12 17:15,56204.0,56254.0,56169.0,56209.0,17,0,0
2025.05.12 17:30,56249.0,56249.0,56079.0,56079.0,18,0,0
2025.05.12 17:45,56064.0,56154.0,56064.0,56079.0,20,0,0
2025.05.12 18:00,56084.0,56129.0,56084.0,56129.0,2,0,0
2025.05.12 18:15,56114.0,56174.0,56114.0,56169.0,5,0,0
2025.05.12 18:30,56164.0,56219.0,56119.0,56139.0,8,0,0
2025.05.12 18:45,56299.0,56299.0,56274.0,56289.0,10,0,0
2025.05.12 19:00,56334.0,56334.0,56239.0,56299.0,9,0,0
2025.05.12 19:15,56294.0,56294.0,56199.0,56254.0,9,0,0
2025.05.12 19:30,56249.0,56249.0,56189.0,56249.0,3,0,0
2025.05.12 19:45,56289.0,56309.0,56184.0,56239.0,15,0,0
2025.05.12 20:00,56254.0,56329.0,56254.0,56289.0,11,0,0
2025.05.12 20:15,56284.0,56419.0,56284.0,56319.0,13,0,0
2025.05.12 20:30,56324.0,56499.0,56324.0,56499.0,32,0,0
2025.05.12 20:45,56514.0,56784.0,56514.0,56729.0,31,0,0
2025.05.12 21:00,56739.0,56849.0,56739.0,56809.0,10,0,0
2025.05.12 21:15,56874.0,56979.0,56874.0,56964.0,8,0,0
2025.05.12 21:30,56914.0,56919.0,56764.0,56794.0,26,0,0
2025.05.12 21:45,56799.0,56874.0,56734.0,56809.0,52,0,0
2025.05.13 16:30,56724.0,56739.0,56704.0,56729.0,15,0,0
2025.05.13 16:45,56744.0,56829.0,56704.0,56829.0,15,0,0
2025.05.13 17:00,56834.0,57039.0,56834.0,57039.0,15,0,0
2025.05.13 17:15,57079.0,57089.0,57049.0,57069.0,7,0,0
2025.05.13 17:30,57034.0,57219.0,57034.0,57104.0,31,0,0
2025.05.13 17:45,57109.0,57459.0,57109.0,57459.0,17,0,0
2025.05.13 18:00,57504.0,57699.0,57504.0,57574.0,29,0,0
2025.05.13 18:15,57569.0,57594.0,57489.0,57594.0,17,0,0
2025.05.13 18:30,57634.0,57759.0,57634.0,57759.0,18,0,0
2025.05.13 18:45,57754.0,57779.0,57724.0,57724.0,8,0,0
2025.05.13 19:00,57704.0,57824.0,57674.0,57819.0,13,0,0
2025.05.13 19:15,57854.0,57854.0,57754.0,57754.0,6,0,0
2025.05.13 19:30,57729.0,57729.0,57649.0,57729.0,5,0,0
2025.05.13 19:45,57724.0,57724.0,57624.0,57629.0,14,0,0
2025.05.13 20:00,57644.0,57649.0,57524.0,57534.0,22,0,0
2025.05.13 20:15,57529.0,57529.0,57499.0,57524.0,7,0,0
2025.05.13 20:30,57499.0,57634.0,57499.0,57554.0,9,0,0
2025.05.13 20:45,57619.0,57619.0,57604.0,57604.0,4,0,0
2025.05.13 21:00,57599.0,57599.0,57549.0,57549.0,2,0,0
2025.05.13 21:15,57594.0,57659.0,57594.0,57639.0,10,0,0
2025.05.13 21:30,57609.0,57609.0,57534.0,57594.0,8,0,0
2025.05.13 21:45,57589.0,57589.0,57429.0,57519.0,35,0,0
2025.05.14 16:30,57234.0,57279.0,57234.0,57259.0,8,0,0
2025.05.14 16:45,57209.0,57304.0,57174.0,57289.0,13,0,0
2025.05.14 17:00,57279.0,57279.0,57239.0,57274.0,3,0,0
2025.05.14 17:15,57239.0,57324.0,57219.0,57269.0,10,0,0
2025.05.14 17:30,57259.0,57259.0,57189.0,57239.0,15,0,0
2025.05.14 17:45,57274.0,57279.0,57224.0,57224.0,11,0,0
2025.05.14 18:00,57204.0,57319.0,57204.0,57304.0,15,0,0
2025.05.14 18:15,57229.0,57279.0,57179.0,57279.0,8,0,0
2025.05.14 18:30,57284.0,57324.0,57284.0,57319.0,5,0,0
2025.05.14 18:45,57324.0,57384.0,57324.0,57384.0,3,0,0
2025.05.14 19:00,57385.0,57429.0,57384.0,57429.0,4,0,0
2025.05.14 19:15,57384.0,57479.0,57384.0,57474.0,10,0,0
2025.05.14 19:30,57469.0,57539.0,57464.0,57534.0,11,0,0
2025.05.14 19:45,57559.0,57674.0,57559.0,57564.0,21,0,0
2025.05.14 20:00,57574.0,57579.0,57484.0,57484.0,4,0,0
2025.05.14 20:15,57489.0,57609.0,57489.0,57539.0,7,0,0
2025.05.14 20:30,57544.0,57634.0,57544.0,57614.0,14,0,0
2025.05.14 20:45,57569.0,57604.0,57569.0,57579.0,7,0,0
2025.05.14 21:00,57559.0,57654.0,57559.0,57574.0,15,0,0
2025.05.14 21:15,57579.0,57644.0,57579.0,57644.0,8,0,0
2025.05.14 21:30,57604.0,57779.0,57604.0,57744.0,21,0,0
2025.05.14 21:45,57769.0,57814.0,57644.0,57814.0,38,0,0
2025.05.15 16:30,57584.0,57599.0,57474.0,57479.0,13,0,0
2025.05.15 16:45,57434.0,57439.0,57404.0,57439.0,11,0,0
2025.05.15 17:00,57449.0,57669.0,57449.0,57669.0,15,0,0
2025.05.15 17:15,57769.0,57829.0,57709.0,57829.0,16,0,0
2025.05.15 17:30,57824.0,57824.0,57659.0,57709.0,19,0,0
2025.05.15 17:45,57729.0,57734.0,57689.0,57729.0,6,0,0
2025.05.15 18:00,57784.0,57809.0,57744.0,57744.0,8,0,0
2025.05.15 18:15,57739.0,57894.0,57739.0,57894.0,13,0,0
2025.05.15 18:30,57929.0,57929.0,57779.0,57909.0,16,0,0
2025.05.15 18:45,57919.0,58004.0,57914.0,57914.0,7,0,0
2025.05.15 19:00,57929.0,58009.0,57929.0,57999.0,5,0,0
2025.05.15 19:15,58039.0,58104.0,58039.0,58104.0,9,0,0
2025.05.15 19:30,58089.0,58104.0,57999.0,57999.0,15,0,0
2025.05.15 19:45,57979.0,57994.0,57969.0,57969.0,4,0,0
2025.05.15 20:00,57979.0,58029.0,57974.0,58029.0,4,0,0
2025.05.15 20:15,58004.0,58014.0,57999.0,58014.0,3,0,0
2025.05.15 20:30,57969.0,58119.0,57899.0,58029.0,19,0,0
2025.05.15 20:45,58034.0,58084.0,58019.0,58079.0,12,0,0
2025.05.15 21:00,58049.0,58104.0,58049.0,58059.0,14,0,0
2025.05.15 21:15,58064.0,58099.0,58019.0,58019.0,8,0,0
2025.05.15 21:30,57994.0,58034.0,57944.0,57944.0,21,0,0
2025.05.15 21:45,57964.0,57989.0,57834.0,57944.0,57,0,0
2025.05.16 16:30,57944.0,57949.0,57859.0,57859.0,18,0,0
2025.05.16 16:45,57889.0,57889.0,57774.0,57889.0,13,0,0
2025.05.16 17:00,57884.0,57889.0,57839.0,57839.0,5,0,0
2025.05.16 17:15,57834.0,57834.0,57649.0,57649.0,10,0,0
2025.05.16 17:30,57659.0,57754.0,57644.0,57654.0,10,0,0
2025.05.16 17:45,57679.0,57874.0,57679.0,57719.0,11,0,0
2025.05.16 18:00,57809.0,57829.0,57809.0,57824.0,3,0,0
2025.05.16 18:15,57829.0,57849.0,57744.0,57849.0,5,0,0
2025.05.16 18:30,57814.0,57814.0,57814.0,57814.0,1,0,0
2025.05.16 18:45,57815.0,57824.0,57814.0,57824.0,3,0,0
2025.05.16 19:00,57823.0,57824.0,57823.0,57824.0,2,0,0
2025.05.16 19:15,57874.0,57924.0,57779.0,57889.0,13,0,0
2025.05.16 19:30,57929.0,57929.0,57839.0,57929.0,7,0,0
2025.05.16 19:45,57874.0,57879.0,57874.0,57879.0,2,0,0
2025.05.16 20:00,57880.0,57880.0,57879.0,57879.0,2,0,0
2025.05.16 20:15,57878.0,57969.0,57878.0,57964.0,10,0,0
2025.05.16 20:30,57969.0,58049.0,57954.0,58014.0,19,0,0
2025.05.16 20:45,58019.0,58054.0,58004.0,58004.0,9,0,0
2025.05.16 21:00,58034.0,58074.0,58004.0,58074.0,9,0,0
2025.05.16 21:15,58079.0,58214.0,58049.0,58054.0,11,0,0
2025.05.16 21:30,58059.0,58079.0,57924.0,57934.0,10,0,0
2025.05.16 21:45,57909.0,58124.0,57909.0,57979.0,39,0,0
2025.05.19 16:30,58174.0,58174.0,58039.0,58039.0,8,0,0
2025.05.19 16:45,58064.0,58269.0,58064.0,58269.0,15,0,0
2025.05.19 17:00,58229.0,58329.0,58229.0,58329.0,6,0,0
2025.05.19 17:15,58304.0,58324.0,58149.0,58174.0,16,0,0
2025.05.19 17:30,58209.0,58309.0,58209.0,58304.0,14,0,0
2025.05.19 17:45,58299.0,58299.0,58174.0,58254.0,12,0,0
2025.05.19 18:00,58269.0,58469.0,58269.0,58419.0,19,0,0
2025.05.19 18:15,58424.0,58474.0,58384.0,58424.0,13,0,0
2025.05.19 18:30,58404.0,58414.0,58384.0,58414.0,6,0,0
2025.05.19 18:45,58474.0,58474.0,58414.0,58414.0,3,0,0
2025.05.19 19:00,58489.0,58549.0,58489.0,58529.0,19,0,0
2025.05.19 19:15,58569.0,58649.0,58529.0,58529.0,42,0,0
2025.05.19 19:30,58539.0,58649.0,58529.0,58649.0,36,0,0
2025.05.19 19:45,58634.0,58719.0,58624.0,58719.0,14,0,0
2025.05.19 20:00,58719.0,58784.0,58674.0,58784.0,16,0,0
2025.05.19 20:15,58789.0,58824.0,58724.0,58724.0,31,0,0
2025.05.19 20:30,58769.0,58794.0,58759.0,58794.0,6,0,0
2025.05.19 20:45,58789.0,58789.0,58579.0,58579.0,18,0,0
2025.05.19 21:00,58574.0,58594.0,58489.0,58594.0,25,0,0
2025.05.19 21:15,58589.0,58589.0,58509.0,58559.0,11,0,0
2025.05.19 21:30,58534.0,58654.0,58534.0,58554.0,28,0,0
2025.05.19 21:45,58564.0,58719.0,58564.0,58714.0,46,0,0
2025.05.20 16:30,58614.0,58704.0,58589.0,58589.0,21,0,0
2025.05.20 16:45,58574.0,58589.0,58409.0,58434.0,25,0,0
2025.05.20 17:00,58499.0,58524.0,58379.0,58379.0,14,0,0
2025.05.20 17:15,58384.0,58399.0,58329.0,58399.0,24,0,0
2025.05.20 17:30,58389.0,58409.0,58314.0,58364.0,16,0,0
2025.05.20 17:45,58379.0,58429.0,58329.0,58409.0,10,0,0
2025.05.20 18:00,58414.0,58474.0,58344.0,58384.0,30,0,0
2025.05.20 18:15,58379.0,58379.0,58329.0,58364.0,11,0,0
2025.05.20 18:30,58354.0,58384.0,58309.0,58344.0,30,0,0
2025.05.20 18:45,58339.0,58434.0,58339.0,58434.0,20,0,0
2025.05.20 19:00,58439.0,58439.0,58389.0,58389.0,5,0,0
2025.05.20 19:15,58349.0,58444.0,58349.0,58409.0,17,0,0
2025.05.20 19:30,58404.0,58414.0,58404.0,58404.0,4,0,0
2025.05.20 19:45,58409.0,58504.0,58404.0,58504.0,20,0,0
2025.05.20 20:00,58504.0,58504.0,58494.0,58494.0,3,0,0
2025.05.20 20:15,58484.0,58484.0,58414.0,58414.0,5,0,0
2025.05.20 20:30,58379.0,58394.0,58379.0,58379.0,6,0,0
2025.05.20 20:45,58404.0,58424.0,58404.0,58404.0,3,0,0
2025.05.20 21:00,58409.0,58424.0,58374.0,58374.0,7,0,0
2025.05.20 21:15,58379.0,58389.0,58379.0,58384.0,4,0,0
2025.05.20 21:30,58369.0,58374.0,58289.0,58314.0,12,0,0
2025.05.20 21:45,58319.0,58369.0,58284.0,58299.0,32,0,0
2025.05.21 16:30,58499.0,58569.0,58389.0,58569.0,45,0,0
2025.05.21 16:45,58599.0,58659.0,58529.0,58649.0,50,0,0
2025.05.21 17:00,58654.0,58659.0,58539.0,58539.0,46,0,0
2025.05.21 17:15,58594.0,58639.0,58419.0,58549.0,74,0,0
2025.05.21 17:30,58554.0,58574.0,58429.0,58474.0,49,0,0
2025.05.21 17:45,58459.0,58509.0,58359.0,58444.0,37,0,0
2025.05.21 18:00,58439.0,58459.0,58359.0,58424.0,29,0,0
2025.05.21 18:15,58429.0,58444.0,58364.0,58419.0,19,0,0
2025.05.21 18:30,58394.0,58529.0,58394.0,58504.0,38,0,0
2025.05.21 18:45,58464.0,58509.0,58464.0,58509.0,21,0,0
2025.05.21 19:00,58464.0,58619.0,58464.0,58569.0,39,0,0
2025.05.21 19:15,58564.0,58564.0,58419.0,58424.0,37,0,0
2025.05.21 19:30,58429.0,58524.0,58414.0,58469.0,30,0,0
2025.05.21 19:45,58464.0,58514.0,58419.0,58464.0,20,0,0
2025.05.21 20:00,58484.0,58519.0,58449.0,58519.0,21,0,0
2025.05.21 20:15,58464.0,58604.0,58464.0,58594.0,31,0,0
2025.05.21 20:30,58509.0,58634.0,58509.0,58604.0,39,0,0
2025.05.21 20:45,58609.0,58614.0,58544.0,58579.0,19,0,0
2025.05.21 21:00,58574.0,58584.0,58489.0,58509.0,24,0,0
2025.05.21 21:15,58514.0,58534.0,58479.0,58519.0,21,0,0
2025.05.21 21:30,58514.0,58709.0,58509.0,58644.0,36,0,0
2025.05.21 21:45,58654.0,58754.0,58654.0,58734.0,64,0,0
2025.05.22 16:30,58359.0,58454.0,58359.0,58434.0,9,0,0
2025.05.22 16:45,58429.0,58429.0,58344.0,58359.0,19,0,0
2025.05.22 17:00,58344.0,58354.0,58319.0,58354.0,19,0,0
2025.05.22 17:15,58369.0,58369.0,58294.0,58344.0,11,0,0
2025.05.22 17:30,58334.0,58334.0,58164.0,58204.0,14,0,0
2025.05.22 17:45,58209.0,58209.0,58074.0,58074.0,22,0,0
2025.05.22 18:00,58069.0,58069.0,58034.0,58054.0,20,0,0
2025.05.22 18:15,58044.0,58089.0,58019.0,58044.0,15,0,0
2025.05.22 18:30,58039.0,58104.0,58034.0,58034.0,11,0,0
2025.05.22 18:45,58054.0,58054.0,57969.0,58019.0,5,0,0
2025.05.22 19:00,57999.0,58009.0,57934.0,57949.0,9,0,0
2025.05.22 19:15,57929.0,57969.0,57929.0,57954.0,5,0,0
2025.05.22 19:30,57949.0,57964.0,57944.0,57954.0,6,0,0
2025.05.22 19:45,58004.0,58004.0,57934.0,57944.0,5,0,0
2025.05.22 20:00,57939.0,57984.0,57894.0,57899.0,11,0,0
2025.05.22 20:15,57904.0,57934.0,57894.0,57924.0,17,0,0
2025.05.22 20:30,57914.0,57914.0,57789.0,57804.0,18,0,0
2025.05.22 20:45,57844.0,57844.0,57784.0,57784.0,6,0,0
2025.05.22 21:00,57809.0,57809.0,57734.0,57749.0,12,0,0
2025.05.22 21:15,57764.0,57824.0,57764.0,57824.0,11,0,0
2025.05.22 21:30,57819.0,57834.0,57724.0,57834.0,13,0,0
2025.05.22 21:45,57829.0,57859.0,57649.0,57649.0,41,0,0
2025.05.23 16:30,57509.0,57679.0,57509.0,57649.0,19,0,0
2025.05.23 16:45,57684.0,57684.0,57524.0,57639.0,19,0,0
2025.05.23 17:00,57644.0,57729.0,57644.0,57719.0,7,0,0
2025.05.23 17:15,57769.0,57839.0,57704.0,57839.0,15,0,0
2025.05.23 17:30,57904.0,57919.0,57799.0,57804.0,23,0,0
2025.05.23 17:45,57809.0,57954.0,57809.0,57839.0,18,0,0
2025.05.23 18:00,57844.0,57939.0,57844.0,57869.0,8,0,0
2025.05.23 18:15,57909.0,57999.0,57874.0,57994.0,8,0,0
2025.05.23 18:30,57974.0,58099.0,57909.0,58099.0,7,0,0
2025.05.23 18:45,58139.0,58139.0,57979.0,57989.0,7,0,0
2025.05.23 19:00,58014.0,58149.0,58014.0,58074.0,11,0,0
2025.05.23 19:15,58094.0,58229.0,58094.0,58134.0,10,0,0
2025.05.23 19:30,58139.0,58199.0,58139.0,58154.0,6,0,0
2025.05.23 19:45,58144.0,58189.0,58119.0,58124.0,6,0,0
2025.05.23 20:00,58124.0,58124.0,58109.0,58114.0,5,0,0
2025.05.23 20:15,58129.0,58149.0,58074.0,58074.0,13,0,0
2025.05.23 20:30,58094.0,58219.0,58094.0,58219.0,21,0,0
2025.05.23 20:45,58214.0,58259.0,58154.0,58154.0,9,0,0
2025.05.23 21:00,58234.0,58304.0,58149.0,58299.0,15,0,0
2025.05.23 21:15,58284.0,58284.0,58144.0,58229.0,26,0,0
2025.05.23 21:30,58189.0,58384.0,58154.0,58334.0,33,0,0
2025.05.23 21:45,58324.0,58529.0,58274.0,58499.0,63,0,0
