timestamp,bid,ask
2025-06-24 17:11:27.633607,67.27,67.3
2025-06-24 17:11:34.286121,67.26,67.31
2025-06-24 17:11:36.878250,67.28,67.32
2025-06-24 17:11:39.319037,67.3,67.34
2025-06-24 17:11:40.062792,67.32,67.35
2025-06-24 17:11:42.960156,67.31,67.35
2025-06-24 17:11:43.730421,67.31,67.34
2025-06-24 17:11:46.284034,67.3,67.35
2025-06-24 17:11:47.376816,67.29,67.33
2025-06-24 17:11:50.497882,67.3,67.34
2025-06-24 17:11:51.536814,67.31,67.34
2025-06-24 17:11:53.404571,67.3,67.35
2025-06-24 17:11:54.699310,67.3,67.33
2025-06-24 17:11:55.784499,67.3,67.34
2025-06-24 17:11:56.245299,67.3,67.33
2025-06-24 17:11:57.503466,67.3,67.35
2025-06-24 17:11:57.774288,67.31,67.34
2025-06-24 17:11:58.900045,67.32,67.35
2025-06-24 17:23:11.920377,67.3,67.33
2025-06-24 17:23:12.415323,67.3,67.35
2025-06-24 17:23:14.133915,67.3,67.33
2025-06-24 17:23:34.224423,67.3,67.35
2025-06-24 17:23:42.935013,67.3,67.34
2025-06-24 17:24:00.429110,67.31,67.34
2025-06-24 17:24:01.192934,67.32,67.36
2025-06-24 17:24:02.391509,67.33,67.36
2025-06-24 17:24:03.804768,67.33,67.37
2025-06-24 17:24:05.476500,67.33,67.36
2025-06-24 17:24:06.223688,67.32,67.37
2025-06-24 17:24:07.087704,67.33,67.36
2025-06-24 17:24:25.907988,67.32,67.36
2025-06-24 17:24:26.908538,67.31,67.36
2025-06-24 17:24:29.243740,67.3,67.35
2025-06-24 17:24:30.218712,67.3,67.34
2025-06-24 17:24:38.308999,67.33,67.38
2025-06-24 17:24:39.603901,67.33,67.36
2025-06-24 17:24:42.678832,67.33,67.38
2025-06-24 17:24:44.891741,67.34,67.37
2025-06-24 17:24:55.624262,67.36,67.41
2025-06-24 17:24:58.835814,67.37,67.41
2025-06-24 17:24:59.067571,67.37,67.4
2025-06-24 17:24:59.295809,67.37,67.41
2025-06-24 17:25:00.726895,67.37,67.4
2025-06-24 17:25:01.346705,67.38,67.42
2025-06-24 17:25:02.658098,67.38,67.41
2025-06-24 17:25:03.036259,67.38,67.42
2025-06-24 17:25:03.277965,67.39,67.42
2025-06-24 17:25:06.213304,67.39,67.43
2025-06-24 17:25:07.278099,67.4,67.46
2025-06-24 17:25:07.418353,67.4,67.45
2025-06-24 17:25:08.170053,67.41,67.45
2025-06-24 17:25:08.389048,67.4,67.45
2025-06-24 17:25:09.202529,67.4,67.44
2025-06-24 17:25:14.332355,67.39,67.44
2025-06-24 17:25:16.448861,67.4,67.43
2025-06-24 17:25:18.911078,67.4,67.45
2025-06-24 17:25:20.075788,67.41,67.45
2025-06-24 17:25:24.061309,67.4,67.44
2025-06-24 17:25:24.762441,67.41,67.44
2025-06-24 17:25:27.768775,67.4,67.44
2025-06-24 17:25:28.012441,67.38,67.42
2025-06-24 17:25:28.323175,67.38,67.41
2025-06-24 17:25:29.090070,67.38,67.43
2025-06-24 17:25:32.673865,67.37,67.42
2025-06-24 17:25:33.329543,67.37,67.41
2025-06-24 17:25:33.614073,67.36,67.41
2025-06-24 17:25:34.761847,67.36,67.4
2025-06-24 17:25:35.814610,67.37,67.4
2025-06-24 17:25:36.091390,67.37,67.41
2025-06-24 17:25:38.019316,67.38,67.42
2025-06-24 17:25:45.350656,67.37,67.42
2025-06-24 17:25:46.890026,67.38,67.42
2025-06-24 17:25:47.285354,67.4,67.44
2025-06-24 17:25:50.072576,67.39,67.43
2025-06-24 17:25:58.570417,67.38,67.43
2025-06-24 17:25:59.141412,67.38,67.42
2025-06-24 17:26:00.008380,67.39,67.42
2025-06-24 17:26:00.564035,67.39,67.44
2025-06-24 17:26:00.947653,67.4,67.45
2025-06-24 17:26:04.335385,67.43,67.46
2025-06-24 17:26:04.539716,67.42,67.47
2025-06-24 17:26:06.395864,67.43,67.46
2025-06-24 17:26:09.152509,67.42,67.47
2025-06-24 17:26:20.667227,67.46,67.49
2025-06-24 17:26:21.042933,67.44,67.47
2025-06-24 17:26:21.883731,67.43,67.48
2025-06-24 17:26:23.055158,67.42,67.47
2025-06-24 17:26:23.841082,67.42,67.45
2025-06-24 17:26:24.431046,67.43,67.46
2025-06-24 17:26:25.725312,67.44,67.47
2025-06-24 17:26:26.838809,67.44,67.48
2025-06-24 17:26:31.689671,67.45,67.49
2025-06-24 17:26:32.270189,67.45,67.48
2025-06-24 17:26:34.594149,67.45,67.49
2025-06-24 17:26:35.652242,67.43,67.47
2025-06-24 17:26:38.628572,67.43,67.48
2025-06-24 17:26:38.991605,67.42,67.47
2025-06-24 17:26:40.058786,67.43,67.46
2025-06-24 17:26:43.609988,67.41,67.45
2025-06-24 17:26:44.467025,67.42,67.47
2025-06-24 17:26:45.283600,67.44,67.47
2025-06-24 17:26:46.404491,67.44,67.48
2025-06-24 17:26:47.343890,67.43,67.47
2025-06-24 17:26:47.982790,67.44,67.47
2025-06-24 17:26:48.675363,67.43,67.47
2025-06-24 17:27:01.223448,67.45,67.49
2025-06-24 17:27:06.740988,67.46,67.5
2025-06-24 17:27:07.224249,67.45,67.5
2025-06-24 17:27:09.590531,67.45,67.49
2025-06-24 17:27:11.774308,67.45,67.48
2025-06-24 17:27:12.588049,67.45,67.5
2025-06-24 17:27:13.960119,67.45,67.48
2025-06-24 17:27:20.565159,67.45,67.5
2025-06-24 17:27:21.857106,67.46,67.5
2025-06-24 17:27:22.099326,67.45,67.49
2025-06-24 17:27:22.222323,67.42,67.46
2025-06-24 17:27:26.344520,67.41,67.46
2025-06-24 17:27:26.575662,67.42,67.45
2025-06-24 17:27:27.187612,67.41,67.45
2025-06-24 17:27:36.746178,67.41,67.44
2025-06-24 17:27:38.147902,67.39,67.43
2025-06-24 17:27:38.784076,67.4,67.44
2025-06-24 17:27:41.785936,67.41,67.44
2025-06-24 17:27:42.967599,67.4,67.44
2025-06-24 17:27:47.143910,67.4,67.43
2025-06-24 17:27:57.929665,67.4,67.44
2025-06-24 17:27:58.913236,67.4,67.43
2025-06-24 17:28:00.831711,67.4,67.44
2025-06-24 17:28:03.785104,67.41,67.44
2025-06-24 17:28:12.859642,67.41,67.45
2025-06-24 17:28:14.845385,67.41,67.44
2025-06-24 17:28:16.768894,67.43,67.47
2025-06-24 17:28:18.139233,67.43,67.46
2025-06-24 17:28:22.748118,67.43,67.47
2025-06-24 17:28:33.283630,67.43,67.46
2025-06-24 17:28:37.680489,67.43,67.48
2025-06-24 17:28:39.972349,67.43,67.47
2025-06-24 17:28:43.378971,67.42,67.46
2025-06-24 17:28:56.754926,67.42,67.47
2025-06-24 17:28:56.976599,67.43,67.46
2025-06-24 17:28:59.958186,67.43,67.47
2025-06-24 17:29:01.813828,67.42,67.47
2025-06-24 17:29:04.477912,67.43,67.47
2025-06-24 17:29:05.141076,67.42,67.45
2025-06-24 17:29:05.742172,67.43,67.46
2025-06-24 17:29:08.012434,67.42,67.46
2025-06-24 17:29:09.848203,67.42,67.45
2025-06-24 17:29:12.518577,67.43,67.46
2025-06-24 17:29:15.084236,67.42,67.46
2025-06-24 17:29:18.917880,67.43,67.47
2025-06-24 17:29:19.580508,67.42,67.47
2025-06-24 17:29:21.105254,67.42,67.46
2025-06-24 17:29:23.748791,67.42,67.47
2025-06-24 17:29:27.380362,67.43,67.47
2025-06-24 17:29:28.491943,67.44,67.49
2025-06-24 17:29:39.170831,67.43,67.47
2025-06-24 17:29:39.426876,67.43,67.48
2025-06-24 17:29:41.171072,67.44,67.48
2025-06-24 17:29:43.876864,67.43,67.48
2025-06-24 17:29:44.472771,67.43,67.47
2025-06-24 17:29:50.002393,67.44,67.47
2025-06-24 17:29:51.002779,67.44,67.48
2025-06-24 17:30:01.087902,67.46,67.5
2025-06-24 17:30:11.033988,67.45,67.5
2025-06-24 17:30:13.161298,67.46,67.51
2025-06-24 17:30:13.699643,67.46,67.5
2025-06-24 17:30:14.117536,67.47,67.51
2025-06-24 17:30:19.926564,67.5,67.55
2025-06-24 17:30:20.268038,67.5,67.53
2025-06-24 17:30:20.854205,67.49,67.54
2025-06-24 17:30:21.204471,67.49,67.52
2025-06-24 17:30:21.780529,67.48,67.53
2025-06-24 17:30:22.072156,67.48,67.51
2025-06-24 17:30:25.572157,67.49,67.53
2025-06-24 17:30:26.682295,67.48,67.52
2025-06-24 17:30:29.358791,67.48,67.51
2025-06-24 17:30:30.132854,67.48,67.53
2025-06-24 17:30:41.193993,67.49,67.54
2025-06-24 17:30:41.341274,67.51,67.55
2025-06-24 17:30:44.357843,67.51,67.56
2025-06-24 17:30:45.331085,67.51,67.55
2025-06-24 17:30:46.067733,67.51,67.56
2025-06-24 17:30:47.208432,67.52,67.55
2025-06-24 17:30:51.957982,67.51,67.56
2025-06-24 17:30:54.049993,67.51,67.54
2025-06-24 17:30:54.454174,67.51,67.55
2025-06-24 17:30:56.859020,67.51,67.54
2025-06-24 17:30:57.398292,67.5,67.54
2025-06-24 17:30:58.730188,67.49,67.52
2025-06-24 17:31:05.614941,67.49,67.54
2025-06-24 17:31:07.308366,67.5,67.53
2025-06-24 17:31:08.354552,67.49,67.52
2025-06-24 17:31:12.117656,67.49,67.54
2025-06-24 17:31:12.522158,67.49,67.52
2025-06-24 17:31:14.758281,67.49,67.53
2025-06-24 17:31:14.898204,67.5,67.53
2025-06-24 17:31:16.230565,67.5,67.55
2025-06-24 17:31:21.938319,67.51,67.54
2025-06-24 17:31:24.972156,67.5,67.55
2025-06-24 17:31:38.091287,67.49,67.52
2025-06-24 17:31:38.608028,67.48,67.53
2025-06-24 17:31:39.884011,67.49,67.52
2025-06-24 17:31:40.588149,67.5,67.53
2025-06-24 17:31:42.779886,67.49,67.53
2025-06-24 17:31:44.922132,67.5,67.53
2025-06-24 17:31:45.891012,67.49,67.54
2025-06-24 17:31:49.836569,67.5,67.53
2025-06-24 17:31:50.506188,67.49,67.52
2025-06-24 17:31:57.032183,67.48,67.52
2025-06-24 17:32:00.058029,67.49,67.52
2025-06-24 17:32:00.294797,67.49,67.53
2025-06-24 17:32:01.346606,67.5,67.54
2025-06-24 17:32:01.758025,67.49,67.53
2025-06-24 17:32:07.761410,67.5,67.53
2025-06-24 17:32:08.088827,67.49,67.53
2025-06-24 17:32:08.783695,67.49,67.52
2025-06-24 17:32:13.234209,67.49,67.53
2025-06-24 17:32:17.257151,67.48,67.52
2025-06-24 17:32:20.652625,67.48,67.51
2025-06-24 17:32:20.889196,67.47,67.52
2025-06-24 17:32:21.855217,67.48,67.51
2025-06-24 17:32:22.836098,67.47,67.51
2025-06-24 17:32:24.453971,67.48,67.52
2025-06-24 17:32:35.145502,67.47,67.5
2025-06-24 17:32:38.625526,67.47,67.52
2025-06-24 17:32:41.292041,67.48,67.52
2025-06-24 17:32:41.729112,67.48,67.53
2025-06-24 17:32:43.241550,67.48,67.52
2025-06-24 17:32:47.609498,67.48,67.53
2025-06-24 17:32:49.747842,67.49,67.53
2025-06-24 17:32:51.291988,67.48,67.52
2025-06-24 17:32:53.434552,67.48,67.51
2025-06-24 17:32:54.353986,67.49,67.52
2025-06-24 17:33:06.930229,67.49,67.54
2025-06-24 17:33:07.567186,67.51,67.56
2025-06-24 17:33:08.265561,67.52,67.57
2025-06-24 17:33:08.608418,67.53,67.56
2025-06-24 17:33:09.260388,67.52,67.57
2025-06-24 17:33:12.966823,67.52,67.56
2025-06-24 17:33:13.464056,67.52,67.55
2025-06-24 17:33:13.791421,67.51,67.56
2025-06-24 17:33:14.322020,67.51,67.57
2025-06-24 17:33:15.436036,67.52,67.57
2025-06-24 17:33:16.096018,67.52,67.56
2025-06-24 17:33:16.645148,67.52,67.55
2025-06-24 17:33:17.191800,67.51,67.56
2025-06-24 17:33:24.922081,67.53,67.58
2025-06-24 17:33:26.483661,67.52,67.57
2025-06-24 17:33:26.910093,67.52,67.56
2025-06-24 17:33:30.920637,67.52,67.55
2025-06-24 17:33:34.202350,67.51,67.56
2025-06-24 17:33:35.267991,67.51,67.54
2025-06-24 17:33:41.793386,67.53,67.57
2025-06-24 17:33:48.077652,67.53,67.58
2025-06-24 17:33:49.226607,67.54,67.57
2025-06-24 17:33:51.276521,67.53,67.58
2025-06-24 17:33:54.979602,67.54,67.58
2025-06-24 17:33:59.415019,67.54,67.59
2025-06-24 17:34:00.324711,67.56,67.59
2025-06-24 17:34:01.274779,67.55,67.59
2025-06-24 17:34:02.695727,67.54,67.57
2025-06-24 17:34:07.631395,67.54,67.58
2025-06-24 17:34:08.126768,67.55,67.59
2025-06-24 17:34:12.034568,67.55,67.58
2025-06-24 17:34:13.591245,67.54,67.58
2025-06-24 17:34:16.675185,67.54,67.59
2025-06-24 17:34:18.294523,67.54,67.58
2025-06-24 17:34:21.608578,67.55,67.6
2025-06-24 17:34:23.192179,67.55,67.58
2025-06-24 17:34:24.431044,67.54,67.59
2025-06-24 17:34:26.660410,67.55,67.59
2025-06-24 17:34:26.923582,67.54,67.59
2025-06-24 17:34:27.391079,67.55,67.58
2025-06-24 17:34:27.638880,67.55,67.59
2025-06-24 17:34:30.541470,67.54,67.57
2025-06-24 17:34:32.041188,67.55,67.6
2025-06-24 17:34:32.645211,67.55,67.59
2025-06-24 17:34:34.222121,67.54,67.58
2025-06-24 17:34:36.547951,67.55,67.6
2025-06-24 17:34:36.952550,67.55,67.59
2025-06-24 17:34:41.163853,67.55,67.6
2025-06-24 17:34:41.579111,67.55,67.58
2025-06-24 17:34:41.848889,67.55,67.6
2025-06-24 17:34:43.198224,67.55,67.58
2025-06-24 17:34:43.791991,67.56,67.6
2025-06-24 17:34:48.911816,67.55,67.59
2025-06-24 17:34:56.155068,67.56,67.61
2025-06-24 17:34:56.991749,67.56,67.6
2025-06-24 17:34:59.161327,67.56,67.61
2025-06-24 17:35:00.539862,67.56,67.6
2025-06-24 17:35:01.222270,67.57,67.61
2025-06-24 17:35:02.634403,67.57,67.62
2025-06-24 17:35:07.867495,67.57,67.6
2025-06-24 17:35:16.241132,67.57,67.61
2025-06-24 17:35:19.205080,67.57,67.6
2025-06-24 17:35:19.433872,67.57,67.61
2025-06-24 17:35:28.792387,67.56,67.6
2025-06-24 17:35:28.853962,67.57,67.6
2025-06-24 17:35:29.577113,67.56,67.61
2025-06-24 17:35:30.015102,67.57,67.6
2025-06-24 17:35:30.837622,67.56,67.6
2025-06-24 17:35:32.008138,67.56,67.59
2025-06-24 17:35:34.828578,67.55,67.58
2025-06-24 17:35:35.168004,67.55,67.59
2025-06-24 17:35:37.762736,67.56,67.6
2025-06-24 17:35:39.708506,67.55,67.59
2025-06-24 17:35:41.153832,67.56,67.6
2025-06-24 17:35:42.648888,67.57,67.61
2025-06-24 17:35:44.691188,67.56,67.6
2025-06-24 17:35:47.840880,67.55,67.59
2025-06-24 17:35:48.258028,67.56,67.6
2025-06-24 17:35:53.822747,67.55,67.58
2025-06-24 17:35:55.468091,67.56,67.59
2025-06-24 17:35:56.090989,67.55,67.6
2025-06-24 17:35:56.934309,67.56,67.59
2025-06-24 17:35:59.662755,67.55,67.59
2025-06-24 17:36:00.125344,67.57,67.6
2025-06-24 17:36:12.363840,67.56,67.61
2025-06-24 17:36:12.933616,67.56,67.59
2025-06-24 17:36:13.545082,67.55,67.59
2025-06-24 17:36:14.511451,67.56,67.59
2025-06-24 17:36:16.191167,67.57,67.61
2025-06-24 17:36:17.158429,67.56,67.61
2025-06-24 17:36:17.558237,67.56,67.59
2025-06-24 17:36:19.772262,67.55,67.6
2025-06-24 17:36:20.047672,67.56,67.6
2025-06-24 17:36:20.548463,67.56,67.59
2025-06-24 17:36:21.196444,67.56,67.61
2025-06-24 17:36:23.121385,67.56,67.6
2025-06-24 17:36:24.628744,67.56,67.59
2025-06-24 17:36:28.694362,67.56,67.61
2025-06-24 17:36:30.052577,67.57,67.61
2025-06-24 17:36:57.289239,67.57,67.6
2025-06-24 17:37:09.649602,67.55,67.6
2025-06-24 17:37:10.998036,67.57,67.6
2025-06-24 17:37:20.031976,67.58,67.62
2025-06-24 17:37:20.427202,67.59,67.63
2025-06-24 17:37:21.272803,67.59,67.64
2025-06-24 17:37:21.514022,67.6,67.64
2025-06-24 17:37:22.611675,67.62,67.65
2025-06-24 17:37:23.109272,67.61,67.66
2025-06-24 17:37:23.336023,67.63,67.66
2025-06-24 17:37:23.614450,67.63,67.68
2025-06-24 17:37:23.904890,67.62,67.66
2025-06-24 17:37:24.347605,67.63,67.66
2025-06-24 17:37:25.668888,67.63,67.67
2025-06-24 17:37:27.658022,67.63,67.68
2025-06-24 17:37:28.072326,67.63,67.67
2025-06-24 17:37:29.108334,67.64,67.67
2025-06-24 17:37:29.539268,67.63,67.68
2025-06-24 17:37:30.558224,67.63,67.66
2025-06-24 17:37:30.977333,67.63,67.67
2025-06-24 17:37:34.329219,67.62,67.67
2025-06-24 17:37:36.121307,67.61,67.65
2025-06-24 17:37:38.612460,67.62,67.65
2025-06-24 17:37:39.321929,67.61,67.66
2025-06-24 17:37:40.070854,67.61,67.64
2025-06-24 17:37:42.983573,67.66,67.69
2025-06-24 17:37:46.460890,67.65,67.68
2025-06-24 17:37:46.991137,67.65,67.69
2025-06-24 17:37:48.675292,67.65,67.7
2025-06-24 17:37:48.987400,67.65,67.69
2025-06-24 17:37:49.521085,67.64,67.68
2025-06-24 17:37:54.350573,67.65,67.69
2025-06-24 17:37:54.943579,67.64,67.68
2025-06-24 17:37:56.487908,67.64,67.67
2025-06-24 17:38:06.297786,67.64,67.69
2025-06-24 17:38:08.921044,67.65,67.7
2025-06-24 17:38:09.708459,67.65,67.69
2025-06-24 17:38:12.143048,67.64,67.69
2025-06-24 17:38:12.399382,67.65,67.68
2025-06-24 17:38:12.954605,67.64,67.68
2025-06-24 17:38:13.330703,67.65,67.69
2025-06-24 17:38:14.141315,67.64,67.69
2025-06-24 17:38:17.022637,67.64,67.68
2025-06-24 17:38:17.966879,67.64,67.67
2025-06-24 17:38:26.872143,67.65,67.68
2025-06-24 17:38:27.223924,67.64,67.69
2025-06-24 17:38:27.579979,67.63,67.67
2025-06-24 17:38:28.065127,67.61,67.66
2025-06-24 17:38:28.941056,67.61,67.64
2025-06-24 17:38:29.708528,67.61,67.65
2025-06-24 17:38:31.359851,67.62,67.65
2025-06-24 17:38:31.781268,67.61,67.66
2025-06-24 17:38:33.854426,67.61,67.65
2025-06-24 17:38:34.337697,67.6,67.64
2025-06-24 17:38:36.581190,67.61,67.65
2025-06-24 17:38:40.672059,67.62,67.66
2025-06-24 17:38:41.303602,67.62,67.67
2025-06-24 17:38:43.041503,67.62,67.66
2025-06-24 17:38:45.502709,67.62,67.67
2025-06-24 17:38:46.135489,67.63,67.67
2025-06-24 17:38:55.920716,67.62,67.66
2025-06-24 17:39:01.207116,67.63,67.67
2025-06-24 17:39:01.917902,67.64,67.67
2025-06-24 17:39:03.300100,67.63,67.68
2025-06-24 17:39:04.643145,67.63,67.67
2025-06-24 17:39:05.776748,67.62,67.67
2025-06-24 17:39:09.866757,67.62,67.65
2025-06-24 17:39:10.633720,67.62,67.66
2025-06-24 17:39:15.057469,67.62,67.65
2025-06-24 17:39:17.959932,67.63,67.67
2025-06-24 17:39:19.488672,67.62,67.66
2025-06-24 17:39:21.437678,67.63,67.68
2025-06-24 17:39:21.724543,67.64,67.68
2025-06-24 17:39:22.299321,67.65,67.69
2025-06-24 17:39:22.988373,67.64,67.69
2025-06-24 17:39:23.730705,67.63,67.68
2025-06-24 17:39:26.728196,67.64,67.68
2025-06-24 17:39:28.733871,67.64,67.67
2025-06-24 17:39:29.492176,67.64,67.68
2025-06-24 17:39:32.720529,67.64,67.67
2025-06-24 17:39:35.021169,67.65,67.7
2025-06-24 17:39:37.354128,67.64,67.7
2025-06-24 17:39:39.329998,67.66,67.7
2025-06-24 17:39:42.141054,67.65,67.69
2025-06-24 17:39:44.111144,67.65,67.68
2025-06-24 17:39:45.540211,67.68,67.72
2025-06-24 17:39:45.772093,67.67,67.72
2025-06-24 17:39:47.260635,67.68,67.73
2025-06-24 17:39:48.294162,67.68,67.72
2025-06-24 17:39:49.048524,67.67,67.72
2025-06-24 17:39:51.706485,67.69,67.74
2025-06-24 17:39:52.448649,67.69,67.72
2025-06-24 17:39:54.199869,67.68,67.73
2025-06-24 17:39:54.948040,67.69,67.72
2025-06-24 17:39:55.302157,67.68,67.73
2025-06-24 17:39:56.417452,67.68,67.72
2025-06-24 17:39:58.676732,67.69,67.72
2025-06-24 17:39:59.858079,67.69,67.73
2025-06-24 17:40:03.089698,67.7,67.74
2025-06-24 17:40:04.562034,67.69,67.74
2025-06-24 17:40:05.280555,67.7,67.73
2025-06-24 17:40:08.053129,67.69,67.73
2025-06-24 17:40:13.121892,67.67,67.7
2025-06-24 17:40:13.877072,67.68,67.71
2025-06-24 17:40:14.317095,67.68,67.72
2025-06-24 17:40:17.859067,67.69,67.72
2025-06-24 17:40:19.251001,67.68,67.72
2025-06-24 17:40:19.770915,67.69,67.73
2025-06-24 17:40:20.802699,67.68,67.73
2025-06-24 17:40:22.893585,67.69,67.73
2025-06-24 17:40:23.766820,67.68,67.72
2025-06-24 17:40:25.064506,67.69,67.73
2025-06-24 17:40:25.287547,67.68,67.73
2025-06-24 17:40:27.904241,67.68,67.71
2025-06-24 17:40:28.567516,67.68,67.72
2025-06-24 17:40:37.209397,67.69,67.72
2025-06-24 17:40:38.238789,67.68,67.72
2025-06-24 17:40:39.791207,67.69,67.73
2025-06-24 17:40:40.000725,67.68,67.71
2025-06-24 17:40:41.217829,67.68,67.73
2025-06-24 17:40:41.808402,67.68,67.72
2025-06-24 17:40:42.673349,67.68,67.73
2025-06-24 17:40:45.650136,67.68,67.71
2025-06-24 17:40:46.062623,67.68,67.72
2025-06-24 17:40:49.308051,67.68,67.71
2025-06-24 17:40:51.937896,67.67,67.72
2025-06-24 17:40:58.935963,67.66,67.7
2025-06-24 17:41:00.124331,67.67,67.7
2025-06-24 17:41:00.571338,67.66,67.7
2025-06-24 17:41:00.818991,67.66,67.69
2025-06-24 17:41:03.101048,67.67,67.7
2025-06-24 17:41:04.602473,67.67,67.72
2025-06-24 17:41:07.372692,67.66,67.7
2025-06-24 17:41:10.280048,67.66,67.69
2025-06-24 17:41:11.742995,67.67,67.7
2025-06-24 17:41:13.280177,67.66,67.7
2025-06-24 17:41:14.871890,67.67,67.7
2025-06-24 17:41:15.559864,67.66,67.71
2025-06-24 17:41:18.783934,67.67,67.72
2025-06-24 17:41:21.783969,67.67,67.71
2025-06-24 17:41:23.038570,67.68,67.72
2025-06-24 17:41:28.141503,67.68,67.71
2025-06-24 17:41:36.100642,67.68,67.73
2025-06-24 17:41:36.858077,67.69,67.73
2025-06-24 17:41:37.372993,67.68,67.73
2025-06-24 17:41:39.676740,67.68,67.71
2025-06-24 17:41:41.026567,67.67,67.72
2025-06-24 17:41:44.066899,67.67,67.7
2025-06-24 17:41:47.898354,67.66,67.7
2025-06-24 17:41:52.823137,67.66,67.69
2025-06-24 17:41:55.942659,67.64,67.68
2025-06-24 17:41:56.841596,67.65,67.68
2025-06-24 17:41:57.808843,67.64,67.68
2025-06-24 17:41:58.091105,67.62,67.65
2025-06-24 17:41:58.802492,67.62,67.67
2025-06-24 17:41:59.300337,67.63,67.67
2025-06-24 17:42:05.337568,67.62,67.67
2025-06-24 17:42:06.161810,67.62,67.65
2025-06-24 17:42:06.897912,67.62,67.67
2025-06-24 17:42:07.238271,67.63,67.67
2025-06-24 17:42:08.288629,67.62,67.66
2025-06-24 17:42:08.723928,67.63,67.66
2025-06-24 17:42:14.096774,67.63,67.67
2025-06-24 17:42:14.951438,67.62,67.68
2025-06-24 17:42:15.224759,67.62,67.65
2025-06-24 17:42:22.102374,67.62,67.66
2025-06-24 17:42:22.530792,67.61,67.64
2025-06-24 17:42:24.327726,67.6,67.64
2025-06-24 17:42:28.510695,67.61,67.64
2025-06-24 17:42:28.843644,67.6,67.65
2025-06-24 17:42:29.907917,67.6,67.64
2025-06-24 17:42:31.942959,67.61,67.65
2025-06-24 17:42:42.349322,67.61,67.66
2025-06-24 17:42:45.559890,67.61,67.65
2025-06-24 17:42:46.980644,67.61,67.64
2025-06-24 17:42:49.643224,67.6,67.64
2025-06-24 17:42:52.041475,67.58,67.63
2025-06-24 17:42:55.973210,67.58,67.61
2025-06-24 17:42:57.158399,67.57,67.62
2025-06-24 17:42:57.654216,67.58,67.62
2025-06-24 17:42:58.473716,67.57,67.62
2025-06-24 17:42:59.395688,67.58,67.62
2025-06-24 17:43:00.107847,67.58,67.61
2025-06-24 17:43:02.334100,67.57,67.61
2025-06-24 17:43:03.512979,67.58,67.61
2025-06-24 17:43:15.431098,67.58,67.62
2025-06-24 17:43:16.297846,67.58,67.61
2025-06-24 17:43:19.364351,67.58,67.62
2025-06-24 17:43:19.669159,67.57,67.6
2025-06-24 17:43:23.039886,67.56,67.6
2025-06-24 17:43:23.791834,67.56,67.61
2025-06-24 17:43:25.041770,67.55,67.59
2025-06-24 17:43:28.753530,67.55,67.58
2025-06-24 17:43:29.788007,67.54,67.58
2025-06-24 17:43:32.008159,67.54,67.57
2025-06-24 17:43:36.524451,67.54,67.58
2025-06-24 17:43:37.275259,67.55,67.59
2025-06-24 17:43:40.139618,67.54,67.58
2025-06-24 17:43:42.604186,67.55,67.59
2025-06-24 17:43:43.121767,67.55,67.6
2025-06-24 17:43:43.877125,67.55,67.58
2025-06-24 17:43:45.349952,67.54,67.58
2025-06-24 17:43:49.798783,67.55,67.58
2025-06-24 17:43:51.407929,67.54,67.59
2025-06-24 17:43:55.591548,67.54,67.58
2025-06-24 17:43:58.586714,67.53,67.57
2025-06-24 17:43:59.867985,67.54,67.58
2025-06-24 17:44:00.270984,67.54,67.57
2025-06-24 17:44:01.406043,67.55,67.59
2025-06-24 17:44:17.963986,67.54,67.59
2025-06-24 17:44:18.229113,67.55,67.59
2025-06-24 17:44:18.834277,67.54,67.58
2025-06-24 17:44:23.172455,67.54,67.57
2025-06-24 17:44:23.600556,67.53,67.58
2025-06-24 17:44:24.159762,67.53,67.57
2025-06-24 17:44:24.324933,67.53,67.58
2025-06-24 17:44:29.917814,67.54,67.58
2025-06-24 17:44:30.899430,67.53,67.57
2025-06-24 17:44:32.748440,67.54,67.57
2025-06-24 17:44:33.764741,67.54,67.59
2025-06-24 17:44:43.641113,67.54,67.58
2025-06-24 17:44:48.848668,67.54,67.57
2025-06-24 17:44:49.070419,67.53,67.57
2025-06-24 17:44:49.917072,67.54,67.59
2025-06-24 17:44:51.172092,67.54,67.58
2025-06-24 17:44:52.291736,67.54,67.59
2025-06-24 17:44:52.874370,67.54,67.58
2025-06-24 17:44:55.162419,67.55,67.58
2025-06-24 17:44:55.616765,67.54,67.59
2025-06-24 17:44:59.720555,67.55,67.59
2025-06-24 17:45:00.861463,67.56,67.6
2025-06-24 17:45:02.041674,67.58,67.62
2025-06-24 17:45:03.032439,67.58,67.63
2025-06-24 17:45:06.958045,67.58,67.62
2025-06-24 17:45:07.505894,67.56,67.61
2025-06-24 17:45:09.613851,67.56,67.6
2025-06-24 17:45:12.854117,67.57,67.6
2025-06-24 17:45:13.476803,67.56,67.61
2025-06-24 17:45:14.798727,67.57,67.61
2025-06-24 17:45:15.544191,67.56,67.6
2025-06-24 17:45:26.925304,67.55,67.59
2025-06-24 17:45:28.529552,67.55,67.58
2025-06-24 17:45:30.104630,67.56,67.6
2025-06-24 17:45:39.891825,67.56,67.61
2025-06-24 17:45:41.002324,67.57,67.61
2025-06-24 17:45:41.891696,67.57,67.6
2025-06-24 17:45:46.767308,67.57,67.62
2025-06-24 17:45:50.180276,67.57,67.61
2025-06-24 17:45:54.548807,67.56,67.6
2025-06-24 17:45:54.869646,67.56,67.59
2025-06-24 17:46:00.327012,67.56,67.6
2025-06-24 17:46:02.263664,67.56,67.61
2025-06-24 17:46:03.011744,67.56,67.59
2025-06-24 17:46:03.921983,67.56,67.61
2025-06-24 17:46:04.255819,67.56,67.6
2025-06-24 17:46:06.367776,67.56,67.61
2025-06-24 17:46:07.474262,67.56,67.6
2025-06-24 17:46:08.779840,67.56,67.59
2025-06-24 17:46:10.223500,67.56,67.61
2025-06-24 17:46:14.222080,67.57,67.6
2025-06-24 17:46:17.079610,67.56,67.6
2025-06-24 17:46:17.857138,67.57,67.6
2025-06-24 17:46:22.324605,67.56,67.61
2025-06-24 17:46:22.881398,67.56,67.59
2025-06-24 17:46:24.860971,67.56,67.6
2025-06-24 17:46:31.128928,67.57,67.61
2025-06-24 17:46:32.859466,67.57,67.6
2025-06-24 17:46:32.951234,67.57,67.61
2025-06-24 17:46:34.257968,67.57,67.62
2025-06-24 17:46:36.262243,67.58,67.62
2025-06-24 17:46:39.242115,67.57,67.62
2025-06-24 17:46:42.743322,67.57,67.6
2025-06-24 17:46:43.509845,67.57,67.62
2025-06-24 17:46:53.987973,67.57,67.61
2025-06-24 17:47:04.435986,67.56,67.61
2025-06-24 17:47:05.550464,67.55,67.59
2025-06-24 17:47:10.235228,67.55,67.6
2025-06-24 17:47:10.716730,67.55,67.59
2025-06-24 17:47:11.300325,67.56,67.6
2025-06-24 17:47:14.033799,67.55,67.6
2025-06-24 17:47:14.788734,67.55,67.58
2025-06-24 17:47:16.283755,67.55,67.6
2025-06-24 17:47:20.119227,67.56,67.6
2025-06-24 17:47:22.147631,67.56,67.61
2025-06-24 17:47:25.643899,67.57,67.61
2025-06-24 17:47:29.120615,67.56,67.6
2025-06-24 17:47:29.331617,67.57,67.6
2025-06-24 17:47:32.492431,67.56,67.6
2025-06-24 17:47:32.848260,67.57,67.61
2025-06-24 17:47:33.204045,67.56,67.61
2025-06-24 17:47:33.609565,67.56,67.6
2025-06-24 17:47:37.954404,67.55,67.59
2025-06-24 17:47:40.572195,67.55,67.58
2025-06-24 17:47:41.518241,67.55,67.59
2025-06-24 17:47:42.530507,67.55,67.58
2025-06-24 17:47:48.643555,67.55,67.59
2025-06-24 17:47:51.118834,67.54,67.59
2025-06-24 17:47:51.409881,67.54,67.57
2025-06-24 17:47:53.113649,67.54,67.58
2025-06-24 17:47:55.680437,67.53,67.57
2025-06-24 17:47:56.744503,67.51,67.56
2025-06-24 17:47:59.577303,67.5,67.54
2025-06-24 17:47:59.892103,67.49,67.54
2025-06-24 17:48:00.410289,67.5,67.54
2025-06-24 17:48:03.091768,67.5,67.55
2025-06-24 17:48:06.156259,67.5,67.53
2025-06-24 17:48:07.533316,67.49,67.54
2025-06-24 17:48:07.784886,67.5,67.54
2025-06-24 17:48:08.098195,67.49,67.53
2025-06-24 17:48:08.548015,67.49,67.52
2025-06-24 17:48:10.041311,67.48,67.52
2025-06-24 17:48:10.280765,67.47,67.51
2025-06-24 17:48:11.399628,67.48,67.51
2025-06-24 17:48:12.351308,67.48,67.53
2025-06-24 17:48:13.330694,67.49,67.52
2025-06-24 17:48:15.395774,67.48,67.53
2025-06-24 17:48:16.166824,67.48,67.52
2025-06-24 17:48:16.356198,67.47,67.51
2025-06-24 17:48:16.982528,67.46,67.5
2025-06-24 17:48:18.036362,67.45,67.49
2025-06-24 17:48:19.841274,67.46,67.5
2025-06-24 17:48:20.296636,67.45,67.5
2025-06-24 17:48:20.883598,67.46,67.49
2025-06-24 17:48:21.883651,67.45,67.5
2025-06-24 17:48:22.204150,67.46,67.49
2025-06-24 17:48:23.807969,67.45,67.49
2025-06-24 17:48:26.216359,67.46,67.5
2025-06-24 17:48:27.222122,67.45,67.49
2025-06-24 17:48:27.711358,67.44,67.48
2025-06-24 17:48:30.565652,67.44,67.47
2025-06-24 17:48:34.531180,67.47,67.5
2025-06-24 17:48:35.348416,67.47,67.51
2025-06-24 17:48:43.183968,67.48,67.53
2025-06-24 17:48:44.266118,67.49,67.53
2025-06-24 17:48:44.588426,67.48,67.51
2025-06-24 17:48:44.862290,67.48,67.53
2025-06-24 17:48:53.197958,67.49,67.53
2025-06-24 17:48:59.469060,67.48,67.51
2025-06-24 17:49:00.799326,67.47,67.51
2025-06-24 17:49:03.264808,67.47,67.5
2025-06-24 17:49:04.740746,67.47,67.51
2025-06-24 17:49:14.544148,67.48,67.51
2025-06-24 17:49:14.908691,67.47,67.52
2025-06-24 17:49:16.232176,67.47,67.51
2025-06-24 17:49:33.820832,67.48,67.51
2025-06-24 17:49:46.330507,67.48,67.53
2025-06-24 17:49:49.045107,67.49,67.52
2025-06-24 17:49:50.502386,67.47,67.51
2025-06-24 17:49:52.135422,67.48,67.52
2025-06-24 17:49:54.791786,67.47,67.52
2025-06-24 17:49:54.972768,67.48,67.51
2025-06-24 17:49:57.761850,67.47,67.52
2025-06-24 17:50:03.500207,67.47,67.51
2025-06-24 17:50:04.441664,67.46,67.51
2025-06-24 17:50:05.158499,67.46,67.5
2025-06-24 17:50:06.491995,67.46,67.51
2025-06-24 17:50:17.341399,67.47,67.51
2025-06-24 17:50:17.964130,67.46,67.5
2025-06-24 17:50:18.726563,67.47,67.51
2025-06-24 17:50:18.898332,67.46,67.5
2025-06-24 17:50:19.708360,67.47,67.51
2025-06-24 17:50:22.221830,67.46,67.51
2025-06-24 17:50:22.858260,67.47,67.51
2025-06-24 17:50:23.180113,67.47,67.52
2025-06-24 17:50:24.011594,67.47,67.5
2025-06-24 17:50:29.570014,67.46,67.51
2025-06-24 17:50:30.404417,67.46,67.5
2025-06-24 17:50:35.361341,67.46,67.51
2025-06-24 17:50:36.502736,67.47,67.5
2025-06-24 17:50:40.102366,67.47,67.51
2025-06-24 17:50:44.203008,67.48,67.51
2025-06-24 17:50:47.043491,67.47,67.51
2025-06-24 17:50:47.705106,67.48,67.51
2025-06-24 17:50:53.848353,67.47,67.52
2025-06-24 17:50:59.631196,67.48,67.51
2025-06-24 17:51:05.323914,67.48,67.52
2025-06-24 17:51:07.107852,67.49,67.53
2025-06-24 17:51:07.412529,67.48,67.52
2025-06-24 17:51:33.341678,67.49,67.54
2025-06-24 17:51:33.922386,67.5,67.54
2025-06-24 17:51:34.229080,67.5,67.55
2025-06-24 17:51:34.759258,67.5,67.54
2025-06-24 17:51:35.158415,67.5,67.53
2025-06-24 17:51:37.717198,67.49,67.54
2025-06-24 17:51:37.974089,67.5,67.53
2025-06-24 17:51:38.663973,67.5,67.55
2025-06-24 17:51:40.423257,67.5,67.53
2025-06-24 17:51:46.292852,67.5,67.54
2025-06-24 17:51:49.602906,67.5,67.55
2025-06-24 17:52:02.788127,67.51,67.55
2025-06-24 17:52:03.065823,67.5,67.55
2025-06-24 17:52:09.866752,67.51,67.54
2025-06-24 17:52:11.851580,67.52,67.55
2025-06-24 17:52:13.113614,67.52,67.56
2025-06-24 17:52:20.721682,67.52,67.57
2025-06-24 17:52:21.288890,67.53,67.56
2025-06-24 17:52:22.962692,67.52,67.57
2025-06-24 17:52:24.018068,67.52,67.56
2025-06-24 17:52:27.204351,67.53,67.56
2025-06-24 17:52:39.712561,67.55,67.59
2025-06-24 17:52:42.933620,67.56,67.61
2025-06-24 17:52:43.939577,67.57,67.62
2025-06-24 17:52:45.367389,67.58,67.62
2025-06-24 17:52:46.868019,67.57,67.6
2025-06-24 17:52:50.932004,67.56,67.61
2025-06-24 17:52:51.514043,67.57,67.62
2025-06-24 17:52:53.049625,67.58,67.63
2025-06-24 17:52:53.798092,67.58,67.61
2025-06-24 17:52:57.103962,67.59,67.63
2025-06-24 17:52:59.676868,67.6,67.64
2025-06-24 17:53:00.485119,67.59,67.64
2025-06-24 17:53:01.272230,67.61,67.64
2025-06-24 17:53:02.020059,67.61,67.65
2025-06-24 17:53:03.291343,67.63,67.66
2025-06-24 17:53:03.542457,67.62,67.66
2025-06-24 17:53:03.943735,67.61,67.65
2025-06-24 17:53:05.383915,67.6,67.64
2025-06-24 17:53:08.387915,67.6,67.63
2025-06-24 17:53:09.485613,67.6,67.64
2025-06-24 17:53:33.256420,67.59,67.63
2025-06-24 17:53:38.585595,67.6,67.65
2025-06-24 17:53:39.611904,67.61,67.65
2025-06-24 17:53:50.347135,67.63,67.68
2025-06-24 17:53:51.087851,67.64,67.69
2025-06-24 17:53:52.310562,67.65,67.68
2025-06-24 17:53:54.677234,67.64,67.68
2025-06-24 17:53:55.188975,67.64,67.67
2025-06-24 17:54:03.534116,67.64,67.69
2025-06-24 17:54:04.069121,67.64,67.67
2025-06-24 17:54:05.176945,67.64,67.68
2025-06-24 17:54:05.663187,67.65,67.69
2025-06-24 17:54:11.932053,67.64,67.67
2025-06-24 17:54:15.844224,67.64,67.68
2025-06-24 17:54:16.029082,67.65,67.69
2025-06-24 17:54:16.513259,67.64,67.68
2025-06-24 17:54:19.885158,67.65,67.68
2025-06-24 17:54:20.808910,67.64,67.69
2025-06-24 17:54:21.176836,67.64,67.68
2025-06-24 17:54:24.740111,67.63,67.67
2025-06-24 17:54:25.776162,67.64,67.67
2025-06-24 17:54:35.250912,67.63,67.68
2025-06-24 17:54:36.833878,67.63,67.67
2025-06-24 17:54:37.434546,67.64,67.68
2025-06-24 17:54:53.337199,67.66,67.69
2025-06-24 17:54:54.489762,67.66,67.71
2025-06-24 17:54:55.449658,67.66,67.69
2025-06-24 17:54:56.587581,67.65,67.69
2025-06-24 17:54:59.189184,67.65,67.68
2025-06-24 17:54:59.961996,67.65,67.69
2025-06-24 17:55:00.745581,67.64,67.68
2025-06-24 17:55:01.109152,67.63,67.68
2025-06-24 17:55:06.538328,67.65,67.69
2025-06-24 17:55:07.054638,67.64,67.68
2025-06-24 17:55:07.658336,67.63,67.67
2025-06-24 17:55:11.259674,67.62,67.66
2025-06-24 17:55:14.333947,67.63,67.67
2025-06-24 17:55:16.331615,67.62,67.66
2025-06-24 17:55:18.364496,67.63,67.67
2025-06-24 17:55:20.009220,67.63,67.66
2025-06-24 17:55:25.704141,67.64,67.68
2025-06-24 17:55:26.176756,67.65,67.69
2025-06-24 17:55:31.480547,67.65,67.7
2025-06-24 17:55:34.855487,67.66,67.69
2025-06-24 17:55:36.949440,67.65,67.69
2025-06-24 17:55:38.058842,67.66,67.7
2025-06-24 17:55:38.258288,67.68,67.72
2025-06-24 17:55:38.776885,67.68,67.71
2025-06-24 17:55:39.207679,67.68,67.73
2025-06-24 17:55:39.636918,67.68,67.72
2025-06-24 17:55:40.131744,67.67,67.72
2025-06-24 17:55:41.353983,67.67,67.7
2025-06-24 17:55:42.391410,67.66,67.7
2025-06-24 17:55:55.469014,67.66,67.69
2025-06-24 17:55:57.198567,67.65,67.68
2025-06-24 17:56:03.627984,67.64,67.68
2025-06-24 17:56:04.335372,67.65,67.69
2025-06-24 17:56:07.343353,67.64,67.69
2025-06-24 17:56:12.880312,67.64,67.67
2025-06-24 17:56:18.572967,67.63,67.68
2025-06-24 17:56:19.312053,67.63,67.67
2025-06-24 17:56:26.860205,67.64,67.69
2025-06-24 17:56:27.492745,67.65,67.69
2025-06-24 17:56:29.970231,67.64,67.69
2025-06-24 17:56:31.107252,67.62,67.66
2025-06-24 17:56:31.542473,67.62,67.65
2025-06-24 17:56:32.524010,67.62,67.67
2025-06-24 17:56:33.471030,67.63,67.67
2025-06-24 17:56:37.222276,67.62,67.66
2025-06-24 17:56:40.874754,67.62,67.68
2025-06-24 17:56:41.838033,67.63,67.66
2025-06-24 17:56:42.817032,67.62,67.67
2025-06-24 17:56:48.870460,67.62,67.66
2025-06-24 17:56:49.907798,67.63,67.67
2025-06-24 17:56:53.072241,67.63,67.68
2025-06-24 17:56:54.362882,67.64,67.68
2025-06-24 17:57:00.058280,67.64,67.69
2025-06-24 17:57:02.412004,67.64,67.67
2025-06-24 17:57:03.688170,67.63,67.66
2025-06-24 17:57:12.438560,67.63,67.67
2025-06-24 17:57:14.437698,67.63,67.66
2025-06-24 17:57:19.237717,67.63,67.68
2025-06-24 17:57:22.997474,67.64,67.67
2025-06-24 17:57:27.454432,67.66,67.7
2025-06-24 17:57:28.650225,67.65,67.7
2025-06-24 17:57:30.817220,67.66,67.7
2025-06-24 17:57:35.011521,67.65,67.69
2025-06-24 17:57:35.703298,67.65,67.68
2025-06-24 17:57:36.035142,67.65,67.7
2025-06-24 17:57:40.631780,67.65,67.69
2025-06-24 17:57:40.835441,67.65,67.7
2025-06-24 17:57:42.851840,67.65,67.68
2025-06-24 17:57:44.898109,67.64,67.69
2025-06-24 17:57:54.382179,67.64,67.68
2025-06-24 17:57:54.834583,67.63,67.68
2025-06-24 17:57:59.608400,67.63,67.66
2025-06-24 17:58:00.488078,67.65,67.68
2025-06-24 17:58:01.569524,67.66,67.7
2025-06-24 17:58:04.721964,67.67,67.7
2025-06-24 17:58:04.952257,67.66,67.7
2025-06-24 17:58:05.489551,67.66,67.69
2025-06-24 17:58:05.671962,67.66,67.71
2025-06-24 17:58:07.944247,67.66,67.69
2025-06-24 17:58:09.047838,67.67,67.71
2025-06-24 17:58:09.995033,67.66,67.71
2025-06-24 17:58:10.444388,67.66,67.69
2025-06-24 17:58:12.020908,67.66,67.7
2025-06-24 17:58:16.659924,67.66,67.71
2025-06-24 17:58:17.226674,67.66,67.7
2025-06-24 17:58:24.003020,67.66,67.69
2025-06-24 17:58:26.168023,67.64,67.68
2025-06-24 17:58:40.687864,67.65,67.69
2025-06-24 17:58:54.037020,67.65,67.7
2025-06-24 17:59:00.124355,67.66,67.69
2025-06-24 17:59:01.157859,67.65,67.69
2025-06-24 17:59:01.481542,67.66,67.7
2025-06-24 17:59:02.837165,67.65,67.69
2025-06-24 17:59:05.621836,67.64,67.67
2025-06-24 17:59:12.736364,67.64,67.68
2025-06-24 17:59:15.106203,67.63,67.67
2025-06-24 17:59:18.235070,67.64,67.67
2025-06-24 17:59:21.154094,67.63,67.68
2025-06-24 17:59:22.669784,67.63,67.66
2025-06-24 17:59:26.248607,67.62,67.67
2025-06-24 17:59:26.972805,67.63,67.66
2025-06-24 17:59:28.674408,67.62,67.66
2025-06-24 17:59:29.603665,67.62,67.67
2025-06-24 17:59:35.687991,67.63,67.66
2025-06-24 17:59:38.091850,67.62,67.65
2025-06-24 17:59:39.027657,67.62,67.67
2025-06-24 17:59:39.429954,67.62,67.65
2025-06-24 17:59:40.674001,67.62,67.67
2025-06-24 17:59:41.948253,67.62,67.65
2025-06-24 17:59:44.586661,67.62,67.66
2025-06-24 17:59:51.309199,67.63,67.67
2025-06-24 17:59:52.470641,67.62,67.67
2025-06-24 17:59:54.358662,67.62,67.65
2025-06-24 17:59:57.247630,67.62,67.66
2025-06-24 17:59:58.848716,67.62,67.65
2025-06-24 18:00:00.151311,67.63,67.66
2025-06-24 18:00:00.441588,67.63,67.67
2025-06-24 18:00:01.010824,67.64,67.68
2025-06-24 18:00:01.220675,67.65,67.69
2025-06-24 18:00:02.183599,67.65,67.7
2025-06-24 18:00:02.737815,67.65,67.69
2025-06-24 18:00:02.963186,67.64,67.67
2025-06-24 18:00:03.929787,67.64,67.68
2025-06-24 18:00:05.004721,67.64,67.67
2025-06-24 18:00:05.703199,67.64,67.69
2025-06-24 18:00:11.750006,67.65,67.69
2025-06-24 18:00:20.636770,67.64,67.68
2025-06-24 18:00:22.354065,67.64,67.69
2025-06-24 18:00:27.748536,67.64,67.67
2025-06-24 18:00:28.738252,67.64,67.69
2025-06-24 18:00:29.334281,67.64,67.68
2025-06-24 18:00:49.638878,67.65,67.69
2025-06-24 18:00:52.983426,67.64,67.68
2025-06-24 18:00:53.377095,67.65,67.69
2025-06-24 18:00:55.879909,67.64,67.68
2025-06-24 18:00:58.979969,67.63,67.67
2025-06-24 18:00:59.862757,67.63,67.66
2025-06-24 18:01:02.487670,67.63,67.68
2025-06-24 18:01:02.802768,67.62,67.67
2025-06-24 18:01:04.534868,67.62,67.65
2025-06-24 18:01:06.206143,67.62,67.66
2025-06-24 18:01:07.398806,67.62,67.67
2025-06-24 18:01:09.815575,67.61,67.67
2025-06-24 18:01:11.292588,67.62,67.65
2025-06-24 18:01:13.896041,67.61,67.65
2025-06-24 18:01:14.643805,67.62,67.65
2025-06-24 18:01:30.262539,67.61,67.65
2025-06-24 18:01:32.105759,67.61,67.66
2025-06-24 18:01:36.888221,67.61,67.64
2025-06-24 18:01:45.204275,67.62,67.66
2025-06-24 18:01:48.976793,67.62,67.65
2025-06-24 18:01:50.252448,67.61,67.65
2025-06-24 18:01:53.112946,67.62,67.65
2025-06-24 18:01:53.530390,67.63,67.66
2025-06-24 18:01:53.753518,67.63,67.67
2025-06-24 18:02:08.099168,67.63,67.68
2025-06-24 18:02:09.241065,67.64,67.68
2025-06-24 18:02:09.861983,67.63,67.67
2025-06-24 18:02:14.379209,67.64,67.68
2025-06-24 18:02:14.906787,67.63,67.68
2025-06-24 18:02:15.110256,67.64,67.69
2025-06-24 18:02:15.964819,67.65,67.68
2025-06-24 18:02:16.221116,67.65,67.7
2025-06-24 18:02:16.967442,67.65,67.69
2025-06-24 18:02:20.044814,67.65,67.68
2025-06-24 18:02:21.199483,67.66,67.69
2025-06-24 18:02:21.734614,67.65,67.7
2025-06-24 18:02:29.978342,67.65,67.69
2025-06-24 18:02:31.848826,67.65,67.68
2025-06-24 18:02:36.444541,67.65,67.7
2025-06-24 18:02:41.183345,67.64,67.69
2025-06-24 18:02:42.388261,67.63,67.66
2025-06-24 18:02:58.071388,67.63,67.67
2025-06-24 18:02:59.123204,67.62,67.65
2025-06-24 18:02:59.448123,67.59,67.63
2025-06-24 18:03:00.398730,67.6,67.64
2025-06-24 18:03:00.872185,67.59,67.62
2025-06-24 18:03:01.082293,67.59,67.64
2025-06-24 18:03:01.891586,67.6,67.63
2025-06-24 18:03:02.991604,67.6,67.65
2025-06-24 18:03:05.620994,67.61,67.65
2025-06-24 18:03:08.098087,67.62,67.66
2025-06-24 18:03:09.835155,67.61,67.65
2025-06-24 18:03:10.297877,67.6,67.63
2025-06-24 18:03:10.636882,67.59,67.63
2025-06-24 18:03:10.832644,67.58,67.63
2025-06-24 18:03:11.280824,67.58,67.61
2025-06-24 18:03:11.614072,67.58,67.62
2025-06-24 18:03:18.118017,67.58,67.61
2025-06-24 18:03:19.350092,67.57,67.61
2025-06-24 18:03:29.054102,67.58,67.61
2025-06-24 18:03:29.344247,67.57,67.61
2025-06-24 18:03:33.231345,67.58,67.61
2025-06-24 18:03:40.371025,67.57,67.61
2025-06-24 18:03:42.617091,67.55,67.59
2025-06-24 18:03:43.534778,67.56,67.59
2025-06-24 18:03:44.887513,67.56,67.61
2025-06-24 18:03:50.039985,67.56,67.59
2025-06-24 18:03:51.033561,67.55,67.59
2025-06-24 18:03:51.979070,67.55,67.58
2025-06-24 18:03:56.840656,67.56,67.59
2025-06-24 18:03:58.648601,67.56,67.6
2025-06-24 18:04:00.984559,67.55,67.58
2025-06-24 18:04:02.522386,67.52,67.57
2025-06-24 18:04:03.183899,67.53,67.56
2025-06-24 18:04:05.789019,67.52,67.56
2025-06-24 18:04:07.508493,67.51,67.55
2025-06-24 18:04:09.401982,67.5,67.55
2025-06-24 18:04:09.642000,67.51,67.55
2025-06-24 18:04:10.142153,67.5,67.53
2025-06-24 18:04:12.475321,67.49,67.52
2025-06-24 18:04:13.299082,67.5,67.55
2025-06-24 18:04:13.555393,67.52,67.55
2025-06-24 18:04:15.274903,67.53,67.57
2025-06-24 18:04:16.027235,67.53,67.58
2025-06-24 18:04:17.002581,67.54,67.58
2025-06-24 18:04:17.668165,67.53,67.57
2025-06-24 18:04:22.559477,67.54,67.57
2025-06-24 18:04:22.898229,67.53,67.57
2025-06-24 18:04:26.891922,67.53,67.58
2025-06-24 18:04:28.455269,67.53,67.56
2025-06-24 18:04:29.655428,67.52,67.57
2025-06-24 18:04:29.847606,67.52,67.55
2025-06-24 18:04:30.558853,67.53,67.56
2025-06-24 18:04:30.897922,67.52,67.56
2025-06-24 18:04:34.711232,67.52,67.55
2025-06-24 18:04:35.917209,67.52,67.57
2025-06-24 18:04:36.565642,67.52,67.56
2025-06-24 18:04:38.161041,67.51,67.57
2025-06-24 18:04:39.814676,67.5,67.54
2025-06-24 18:04:40.627697,67.49,67.53
2025-06-24 18:04:42.684111,67.49,67.52
2025-06-24 18:04:44.984070,67.48,67.53
2025-06-24 18:04:46.200843,67.48,67.51
2025-06-24 18:04:50.113864,67.49,67.52
2025-06-24 18:04:51.790510,67.48,67.52
2025-06-24 18:04:52.391075,67.49,67.53
2025-06-24 18:04:53.547588,67.48,67.53
2025-06-24 18:04:57.677565,67.49,67.53
2025-06-24 18:04:57.930594,67.49,67.54
2025-06-24 18:04:59.857255,67.48,67.53
2025-06-24 18:05:00.091533,67.48,67.52
2025-06-24 18:05:01.322138,67.49,67.53
2025-06-24 18:05:04.006659,67.48,67.52
2025-06-24 18:05:05.101956,67.49,67.54
2025-06-24 18:05:06.055292,67.5,67.54
2025-06-24 18:05:07.071992,67.51,67.55
2025-06-24 18:05:09.391467,67.51,67.54
2025-06-24 18:05:09.700612,67.51,67.56
2025-06-24 18:05:10.136295,67.52,67.55
2025-06-24 18:05:13.214814,67.51,67.55
2025-06-24 18:05:16.107326,67.51,67.54
2025-06-24 18:05:16.915135,67.5,67.54
2025-06-24 18:05:17.969444,67.5,67.53
2025-06-24 18:05:19.307582,67.5,67.54
2025-06-24 18:05:21.134167,67.49,67.54
2025-06-24 18:05:23.059559,67.51,67.55
2025-06-24 18:05:24.322167,67.49,67.54
2025-06-24 18:05:26.638088,67.5,67.54
2025-06-24 18:05:27.215070,67.49,67.54
2025-06-24 18:05:27.533814,67.48,67.53
2025-06-24 18:05:29.554749,67.48,67.52
2025-06-24 18:05:32.473774,67.47,67.5
2025-06-24 18:05:32.878826,67.47,67.52
2025-06-24 18:05:34.160472,67.47,67.51
2025-06-24 18:05:37.328594,67.48,67.52
2025-06-24 18:05:38.433144,67.47,67.5
2025-06-24 18:05:38.532639,67.46,67.5
2025-06-24 18:05:39.842023,67.47,67.5
2025-06-24 18:05:40.176749,67.46,67.51
2025-06-24 18:05:42.449760,67.47,67.5
2025-06-24 18:05:45.729039,67.47,67.51
2025-06-24 18:05:46.297432,67.48,67.52
2025-06-24 18:05:49.755768,67.49,67.52
2025-06-24 18:05:50.359868,67.48,67.51
2025-06-24 18:05:51.057484,67.48,67.52
2025-06-24 18:05:51.355411,67.48,67.51
2025-06-24 18:05:51.651315,67.48,67.53
2025-06-24 18:05:52.341120,67.47,67.51
2025-06-24 18:05:55.775737,67.47,67.5
2025-06-24 18:05:56.031664,67.46,67.49
2025-06-24 18:05:59.876845,67.45,67.48
2025-06-24 18:06:00.167245,67.44,67.48
2025-06-24 18:06:02.246572,67.46,67.49
2025-06-24 18:06:05.117945,67.45,67.5
2025-06-24 18:06:07.708088,67.46,67.5
2025-06-24 18:06:10.544584,67.45,67.49
2025-06-24 18:06:10.917956,67.44,67.49
2025-06-24 18:06:13.155585,67.44,67.47
2025-06-24 18:06:15.467220,67.43,67.47
2025-06-24 18:06:19.078437,67.43,67.46
2025-06-24 18:06:20.659385,67.43,67.47
2025-06-24 18:06:21.008456,67.43,67.46
2025-06-24 18:06:21.197721,67.43,67.48
2025-06-24 18:06:25.197840,67.43,67.46
2025-06-24 18:06:25.296211,67.42,67.47
2025-06-24 18:06:27.898160,67.43,67.47
2025-06-24 18:06:29.870991,67.42,67.45
2025-06-24 18:06:30.234765,67.41,67.45
2025-06-24 18:06:30.432346,67.42,67.46
2025-06-24 18:06:31.426994,67.41,67.44
2025-06-24 18:06:31.791206,67.4,67.44
2025-06-24 18:06:32.967634,67.41,67.44
2025-06-24 18:06:33.282050,67.4,67.43
2025-06-24 18:06:34.714698,67.41,67.44
2025-06-24 18:06:36.695467,67.4,67.45
2025-06-24 18:06:37.761980,67.41,67.44
2025-06-24 18:06:38.838098,67.4,67.43
2025-06-24 18:06:39.289836,67.41,67.44
2025-06-24 18:06:39.730577,67.4,67.43
2025-06-24 18:06:40.258096,67.4,67.44
2025-06-24 18:06:41.813860,67.39,67.44
2025-06-24 18:06:42.281131,67.4,67.43
2025-06-24 18:06:43.135559,67.39,67.43
2025-06-24 18:06:44.317499,67.38,67.42
2025-06-24 18:06:44.886858,67.39,67.42
2025-06-24 18:06:46.046390,67.35,67.39
2025-06-24 18:06:46.712893,67.34,67.38
2025-06-24 18:06:46.967466,67.35,67.38
2025-06-24 18:06:47.835815,67.35,67.39
2025-06-24 18:06:48.180376,67.36,67.39
2025-06-24 18:06:48.234787,67.35,67.39
2025-06-24 18:06:48.699325,67.36,67.39
2025-06-24 18:06:49.290202,67.36,67.4
2025-06-24 18:06:49.617159,67.36,67.39
2025-06-24 18:06:50.213057,67.35,67.38
2025-06-24 18:06:50.922213,67.35,67.39
2025-06-24 18:06:51.341272,67.36,67.39
2025-06-24 18:06:51.966039,67.35,67.39
2025-06-24 18:06:53.319625,67.34,67.38
2025-06-24 18:06:54.108739,67.34,67.37
2025-06-24 18:06:55.452550,67.34,67.39
2025-06-24 18:06:56.508050,67.35,67.38
2025-06-24 18:06:56.953061,67.34,67.39
2025-06-24 18:06:57.591054,67.35,67.38
2025-06-24 18:06:58.231131,67.35,67.39
2025-06-24 18:07:01.666200,67.34,67.37
2025-06-24 18:07:04.058269,67.34,67.38
2025-06-24 18:07:05.230889,67.35,67.4
2025-06-24 18:07:05.774577,67.36,67.39
2025-06-24 18:07:06.354016,67.35,67.39
2025-06-24 18:07:07.566442,67.36,67.39
2025-06-24 18:07:07.859962,67.37,67.41
2025-06-24 18:07:08.831223,67.36,67.4
2025-06-24 18:07:09.427416,67.35,67.4
2025-06-24 18:07:09.649256,67.34,67.38
2025-06-24 18:07:11.041633,67.33,67.38
2025-06-24 18:07:12.130143,67.33,67.37
2025-06-24 18:07:13.381610,67.34,67.38
2025-06-24 18:07:16.669359,67.35,67.38
2025-06-24 18:07:17.716914,67.34,67.39
2025-06-24 18:07:18.338722,67.35,67.4
2025-06-24 18:07:20.633247,67.36,67.4
2025-06-24 18:07:21.148902,67.33,67.37
2025-06-24 18:07:21.608405,67.33,67.38
2025-06-24 18:07:22.148831,67.34,67.38
2025-06-24 18:07:22.632820,67.34,67.39
2025-06-24 18:07:22.861161,67.36,67.4
2025-06-24 18:07:23.208140,67.35,67.39
2025-06-24 18:07:24.918883,67.36,67.39
2025-06-24 18:07:25.923944,67.35,67.39
2025-06-24 18:07:26.676744,67.36,67.39
2025-06-24 18:07:27.143872,67.35,67.39
2025-06-24 18:07:30.679535,67.34,67.38
2025-06-24 18:07:32.058072,67.34,67.37
2025-06-24 18:07:34.154968,67.33,67.37
2025-06-24 18:07:36.647144,67.33,67.36
2025-06-24 18:07:37.102881,67.33,67.38
2025-06-24 18:07:38.453716,67.34,67.38
2025-06-24 18:07:39.605715,67.33,67.37
2025-06-24 18:07:40.764452,67.32,67.36
2025-06-24 18:07:41.658285,67.32,67.35
2025-06-24 18:07:43.967701,67.31,67.35
2025-06-24 18:07:45.541228,67.32,67.36
2025-06-24 18:07:46.176906,67.31,67.36
2025-06-24 18:07:47.591319,67.32,67.35
2025-06-24 18:07:48.849545,67.31,67.34
2025-06-24 18:07:49.367451,67.31,67.36
2025-06-24 18:07:53.043736,67.32,67.35
2025-06-24 18:07:54.203316,67.31,67.35
2025-06-24 18:07:55.317862,67.31,67.36
2025-06-24 18:07:55.716404,67.31,67.34
2025-06-24 18:07:56.539683,67.31,67.36
2025-06-24 18:07:57.013540,67.31,67.34
2025-06-24 18:07:58.968647,67.31,67.35
2025-06-24 18:07:59.349973,67.32,67.35
2025-06-24 18:07:59.966742,67.31,67.35
2025-06-24 18:08:02.534412,67.31,67.36
2025-06-24 18:08:03.072008,67.34,67.38
2025-06-24 18:08:06.443873,67.34,67.39
2025-06-24 18:08:07.572781,67.34,67.37
2025-06-24 18:08:08.913907,67.33,67.37
2025-06-24 18:08:09.528073,67.34,67.37
2025-06-24 18:08:09.934199,67.34,67.38
2025-06-24 18:08:10.230015,67.32,67.37
2025-06-24 18:08:11.607472,67.32,67.36
2025-06-24 18:08:12.850149,67.32,67.37
2025-06-24 18:08:13.617586,67.32,67.35
2025-06-24 18:08:14.676451,67.32,67.37
2025-06-24 18:08:15.610392,67.33,67.38
2025-06-24 18:08:16.319917,67.34,67.37
2025-06-24 18:08:16.708688,67.34,67.38
2025-06-24 18:08:21.222128,67.34,67.39
2025-06-24 18:08:23.108817,67.35,67.38
2025-06-24 18:08:23.790267,67.34,67.39
2025-06-24 18:08:24.079999,67.35,67.38
2025-06-24 18:08:25.233325,67.34,67.39
2025-06-24 18:08:27.033799,67.35,67.38
2025-06-24 18:08:29.791634,67.34,67.39
2025-06-24 18:08:30.733786,67.34,67.37
2025-06-24 18:08:30.874884,67.34,67.39
2025-06-24 18:08:32.687796,67.34,67.4
2025-06-24 18:08:33.501383,67.34,67.38
2025-06-24 18:08:35.712017,67.34,67.39
2025-06-24 18:08:37.693453,67.36,67.4
2025-06-24 18:08:38.033563,67.36,67.39
2025-06-24 18:08:40.722472,67.35,67.4
2025-06-24 18:08:42.527036,67.35,67.39
2025-06-24 18:08:45.546945,67.34,67.38
2025-06-24 18:08:48.709374,67.35,67.39
2025-06-24 18:08:50.150196,67.35,67.4
2025-06-24 18:08:50.944232,67.35,67.39
2025-06-24 18:08:54.720656,67.36,67.39
2025-06-24 18:08:57.628915,67.34,67.37
2025-06-24 18:08:58.027178,67.35,67.39
2025-06-24 18:09:05.276517,67.34,67.37
2025-06-24 18:09:08.937821,67.34,67.39
2025-06-24 18:09:11.291954,67.35,67.38
2025-06-24 18:09:12.138229,67.34,67.38
2025-06-24 18:09:18.817271,67.35,67.38
2025-06-24 18:09:19.052566,67.34,67.37
2025-06-24 18:09:21.260169,67.35,67.39
2025-06-24 18:09:21.464412,67.36,67.4
2025-06-24 18:09:23.053972,67.35,67.39
2025-06-24 18:09:26.558349,67.35,67.38
2025-06-24 18:09:27.245386,67.35,67.4
2025-06-24 18:09:28.351124,67.34,67.38
2025-06-24 18:09:31.924030,67.35,67.38
2025-06-24 18:09:39.384044,67.34,67.37
2025-06-24 18:09:39.936683,67.34,67.38
2025-06-24 18:09:47.741283,67.33,67.38
2025-06-24 18:09:49.367253,67.34,67.37
2025-06-24 18:09:50.223233,67.33,67.37
2025-06-24 18:09:51.488852,67.34,67.37
2025-06-24 18:09:52.617914,67.34,67.38
2025-06-24 18:09:55.217782,67.33,67.38
2025-06-24 18:09:55.791851,67.33,67.36
2025-06-24 18:09:56.239822,67.33,67.37
2025-06-24 18:09:57.018285,67.34,67.39
2025-06-24 18:09:57.483776,67.34,67.38
2025-06-24 18:09:57.868120,67.33,67.39
2025-06-24 18:09:58.629896,67.33,67.36
2025-06-24 18:09:59.291408,67.32,67.37
2025-06-24 18:09:59.737836,67.32,67.36
2025-06-24 18:10:01.924438,67.33,67.36
2025-06-24 18:10:03.520910,67.32,67.35
2025-06-24 18:10:04.092698,67.31,67.35
2025-06-24 18:10:04.529185,67.3,67.33
2025-06-24 18:10:04.743924,67.3,67.35
2025-06-24 18:10:06.252934,67.3,67.33
2025-06-24 18:10:06.677971,67.3,67.34
2025-06-24 18:10:07.769502,67.29,67.33
2025-06-24 18:10:09.459933,67.28,67.32
2025-06-24 18:10:11.883769,67.28,67.33
2025-06-24 18:10:13.566178,67.28,67.32
2025-06-24 18:10:14.271961,67.28,67.33
2025-06-24 18:10:14.621530,67.28,67.32
2025-06-24 18:10:15.989434,67.27,67.31
2025-06-24 18:10:17.189428,67.26,67.3
2025-06-24 18:10:17.741448,67.25,67.3
2025-06-24 18:10:19.029204,67.25,67.28
2025-06-24 18:10:19.408264,67.25,67.29
2025-06-24 18:10:20.492754,67.26,67.29
2025-06-24 18:10:23.803854,67.25,67.3
2025-06-24 18:10:27.062919,67.26,67.3
2025-06-24 18:10:27.432282,67.26,67.31
2025-06-24 18:10:28.491760,67.27,67.31
2025-06-24 18:10:29.091906,67.26,67.3
2025-06-24 18:10:29.724725,67.25,67.29
2025-06-24 18:10:31.920532,67.26,67.3
2025-06-24 18:10:32.799842,67.27,67.31
2025-06-24 18:10:33.091925,67.26,67.3
2025-06-24 18:10:34.567826,67.28,67.33
2025-06-24 18:10:34.972393,67.29,67.32
2025-06-24 18:10:35.408321,67.29,67.33
2025-06-24 18:10:35.722515,67.3,67.35
2025-06-24 18:10:37.305649,67.31,67.35
2025-06-24 18:10:37.852664,67.31,67.36
2025-06-24 18:10:38.673932,67.27,67.3
2025-06-24 18:10:39.418070,67.26,67.31
2025-06-24 18:10:40.144673,67.27,67.31
2025-06-24 18:10:40.897821,67.28,67.32
2025-06-24 18:10:42.754299,67.27,67.31
2025-06-24 18:10:44.618481,67.27,67.3
2025-06-24 18:10:45.694547,67.29,67.32
2025-06-24 18:10:45.969755,67.29,67.34
2025-06-24 18:10:46.472355,67.3,67.34
2025-06-24 18:10:46.772800,67.3,67.35
2025-06-24 18:10:49.617238,67.3,67.33
2025-06-24 18:10:50.708603,67.29,67.34
2025-06-24 18:10:52.380008,67.28,67.33
2025-06-24 18:10:55.260037,67.28,67.31
2025-06-24 18:10:58.658236,67.29,67.33
2025-06-24 18:10:59.640790,67.3,67.34
2025-06-24 18:10:59.891491,67.3,67.33
2025-06-24 18:11:01.959042,67.3,67.34
2025-06-24 18:11:06.030685,67.29,67.33
2025-06-24 18:11:08.938493,67.3,67.33
2025-06-24 18:11:09.660195,67.3,67.35
2025-06-24 18:11:11.645458,67.31,67.35
2025-06-24 18:11:12.930528,67.3,67.33
2025-06-24 18:11:15.267443,67.27,67.32
2025-06-24 18:11:15.956492,67.27,67.3
2025-06-24 18:11:19.107242,67.28,67.32
2025-06-24 18:11:19.981392,67.27,67.32
2025-06-24 18:11:20.677359,67.26,67.31
2025-06-24 18:11:22.467185,67.26,67.29
2025-06-24 18:11:24.398222,67.27,67.31
2025-06-24 18:11:25.260728,67.26,67.3
2025-06-24 18:11:27.666775,67.26,67.29
2025-06-24 18:11:28.902520,67.26,67.3
2025-06-24 18:11:29.848823,67.26,67.29
2025-06-24 18:11:32.654502,67.25,67.3
2025-06-24 18:11:33.756605,67.25,67.28
2025-06-24 18:11:34.023908,67.25,67.29
2025-06-24 18:11:36.267360,67.26,67.3
2025-06-24 18:11:38.657982,67.27,67.3
2025-06-24 18:11:41.072305,67.26,67.3
2025-06-24 18:11:43.334988,67.25,67.29
2025-06-24 18:11:43.691286,67.24,67.28
2025-06-24 18:11:43.923034,67.25,67.3
2025-06-24 18:11:44.682930,67.24,67.29
2025-06-24 18:11:46.268037,67.24,67.28
2025-06-24 18:11:47.209264,67.25,67.28
2025-06-24 18:11:47.499084,67.24,67.29
2025-06-24 18:11:49.578527,67.25,67.28
2025-06-24 18:11:50.794788,67.26,67.3
2025-06-24 18:11:53.800530,67.25,67.3
2025-06-24 18:11:54.692197,67.26,67.3
2025-06-24 18:11:55.041575,67.25,67.3
2025-06-24 18:11:56.272802,67.26,67.3
2025-06-24 18:11:56.917485,67.25,67.28
2025-06-24 18:11:57.652281,67.25,67.3
2025-06-24 18:11:58.351610,67.25,67.28
2025-06-24 18:11:58.839497,67.26,67.29
2025-06-24 18:11:59.934157,67.25,67.3
2025-06-24 18:12:01.004452,67.26,67.3
2025-06-24 18:12:01.483817,67.25,67.3
2025-06-24 18:12:01.722316,67.26,67.29
2025-06-24 18:12:02.582779,67.26,67.3
2025-06-24 18:12:02.870730,67.27,67.31
2025-06-24 18:12:03.143047,67.27,67.32
2025-06-24 18:12:03.362904,67.27,67.31
2025-06-24 18:12:03.880240,67.28,67.32
2025-06-24 18:12:05.383751,67.29,67.33
2025-06-24 18:12:06.108739,67.28,67.31
2025-06-24 18:12:06.344822,67.27,67.31
2025-06-24 18:12:06.991700,67.28,67.32
2025-06-24 18:12:07.508666,67.27,67.31
2025-06-24 18:12:07.814233,67.28,67.31
2025-06-24 18:12:08.497650,67.28,67.32
2025-06-24 18:12:11.417395,67.29,67.32
2025-06-24 18:12:11.908206,67.28,67.32
2025-06-24 18:12:12.204460,67.29,67.33
2025-06-24 18:12:12.955164,67.28,67.33
2025-06-24 18:12:13.541197,67.28,67.32
2025-06-24 18:12:14.395611,67.27,67.31
2025-06-24 18:12:15.285008,67.28,67.32
2025-06-24 18:12:20.763347,67.27,67.31
2025-06-24 18:12:21.518792,67.28,67.32
2025-06-24 18:12:24.143144,67.26,67.31
2025-06-24 18:12:26.332108,67.26,67.3
2025-06-24 18:12:28.390887,67.27,67.31
2025-06-24 18:12:28.814487,67.27,67.3
2025-06-24 18:12:30.104834,67.28,67.32
2025-06-24 18:12:31.173296,67.29,67.32
2025-06-24 18:12:31.943913,67.29,67.33
2025-06-24 18:12:33.908058,67.26,67.33
2025-06-24 18:12:34.208325,67.26,67.3
2025-06-24 18:12:36.564170,67.26,67.31
2025-06-24 18:12:37.723782,67.27,67.31
2025-06-24 18:12:38.042707,67.26,67.31
2025-06-24 18:12:38.940004,67.27,67.31
2025-06-24 18:12:39.644575,67.27,67.3
2025-06-24 18:12:40.458496,67.26,67.3
2025-06-24 18:12:43.430304,67.27,67.3
2025-06-24 18:12:43.899751,67.26,67.31
2025-06-24 18:12:48.406068,67.27,67.3
2025-06-24 18:12:51.704577,67.26,67.3
2025-06-24 18:12:55.927967,67.24,67.29
2025-06-24 18:12:58.973501,67.25,67.28
2025-06-24 18:12:59.675815,67.24,67.28
2025-06-24 18:12:59.862623,67.25,67.29
2025-06-24 18:13:00.421860,67.24,67.28
2025-06-24 18:13:01.364629,67.25,67.29
2025-06-24 18:13:05.817109,67.24,67.27
2025-06-24 18:13:06.847793,67.25,67.29
2025-06-24 18:13:08.542599,67.25,67.3
2025-06-24 18:13:08.655293,67.24,67.28
2025-06-24 18:13:09.954704,67.24,67.29
2025-06-24 18:13:11.673641,67.25,67.28
2025-06-24 18:13:12.770281,67.24,67.28
2025-06-24 18:13:13.267346,67.23,67.28
2025-06-24 18:13:13.702848,67.23,67.27
2025-06-24 18:13:14.722280,67.23,67.26
2025-06-24 18:13:15.489535,67.22,67.26
2025-06-24 18:13:16.172197,67.22,67.25
2025-06-24 18:13:17.108138,67.22,67.26
2025-06-24 18:13:17.492860,67.22,67.25
2025-06-24 18:13:17.956537,67.2,67.24
2025-06-24 18:13:19.175004,67.21,67.24
2025-06-24 18:13:22.162273,67.21,67.25
2025-06-24 18:13:25.176545,67.22,67.26
2025-06-24 18:13:27.109081,67.21,67.26
2025-06-24 18:13:28.692511,67.22,67.25
2025-06-24 18:13:30.115022,67.21,67.25
2025-06-24 18:13:36.013950,67.2,67.25
2025-06-24 18:13:37.092609,67.2,67.23
2025-06-24 18:13:38.462333,67.2,67.25
2025-06-24 18:13:40.347926,67.2,67.24
2025-06-24 18:13:41.608737,67.21,67.26
2025-06-24 18:13:42.880701,67.22,67.26
2025-06-24 18:13:45.657950,67.23,67.26
2025-06-24 18:13:46.979773,67.23,67.27
2025-06-24 18:13:47.318190,67.24,67.27
2025-06-24 18:13:47.798462,67.24,67.29
2025-06-24 18:13:48.826682,67.24,67.27
2025-06-24 18:13:49.108633,67.24,67.29
2025-06-24 18:13:50.023599,67.24,67.28
2025-06-24 18:13:50.883913,67.23,67.27
2025-06-24 18:13:52.151222,67.24,67.28
2025-06-24 18:13:52.923533,67.23,67.27
2025-06-24 18:13:53.222337,67.24,67.27
2025-06-24 18:13:54.494147,67.23,67.27
2025-06-24 18:13:55.271867,67.23,67.28
2025-06-24 18:13:55.589405,67.24,67.28
2025-06-24 18:13:56.531149,67.23,67.28
2025-06-24 18:13:57.071224,67.24,67.27
2025-06-24 18:13:58.047918,67.25,67.28
2025-06-24 18:13:58.488213,67.24,67.28
2025-06-24 18:14:01.848424,67.24,67.29
2025-06-24 18:14:02.187791,67.24,67.28
2025-06-24 18:14:02.965850,67.25,67.28
2025-06-24 18:14:05.098143,67.24,67.28
2025-06-24 18:14:05.767414,67.25,67.29
2025-06-24 18:14:08.068034,67.26,67.31
2025-06-24 18:14:09.504580,67.26,67.3
2025-06-24 18:14:11.104680,67.27,67.3
2025-06-24 18:14:13.119890,67.26,67.3
2025-06-24 18:14:14.147627,67.26,67.31
2025-06-24 18:14:15.142463,67.27,67.3
2025-06-24 18:14:15.770030,67.27,67.32
2025-06-24 18:14:16.458476,67.28,67.31
2025-06-24 18:14:16.972131,67.27,67.3
2025-06-24 18:14:18.339231,67.26,67.3
2025-06-24 18:14:21.268043,67.27,67.31
2025-06-24 18:14:22.280172,67.26,67.3
2025-06-24 18:14:23.047951,67.25,67.3
2025-06-24 18:14:23.352846,67.26,67.29
2025-06-24 18:14:24.881603,67.25,67.29
2025-06-24 18:14:25.491985,67.26,67.29
2025-06-24 18:14:25.718278,67.26,67.31
2025-06-24 18:14:26.238418,67.26,67.3
2025-06-24 18:14:34.276992,67.27,67.31
2025-06-24 18:14:37.625865,67.26,67.31
2025-06-24 18:14:39.280149,67.26,67.3
2025-06-24 18:14:43.370773,67.26,67.31
2025-06-24 18:14:43.879882,67.27,67.31
2025-06-24 18:14:45.266951,67.26,67.3
2025-06-24 18:14:47.334480,67.27,67.31
2025-06-24 18:14:49.197965,67.26,67.31
2025-06-24 18:14:51.283986,67.27,67.3
2025-06-24 18:14:51.330136,67.27,67.32
2025-06-24 18:14:52.067710,67.27,67.31
2025-06-24 18:14:54.077636,67.27,67.3
2025-06-24 18:14:54.308381,67.26,67.32
2025-06-24 18:14:54.672167,67.27,67.31
2025-06-24 18:14:55.188408,67.26,67.29
2025-06-24 18:14:59.972344,67.28,67.32
2025-06-24 18:15:00.629332,67.28,67.33
2025-06-24 18:15:01.821119,67.28,67.32
2025-06-24 18:15:07.152521,67.27,67.32
2025-06-24 18:15:07.579333,67.28,67.31
2025-06-24 18:15:08.360922,67.27,67.32
2025-06-24 18:15:08.717364,67.27,67.31
2025-06-24 18:15:08.956983,67.28,67.32
2025-06-24 18:15:09.533755,67.27,67.31
2025-06-24 18:15:10.706351,67.25,67.3
2025-06-24 18:15:11.024370,67.24,67.29
2025-06-24 18:15:11.493980,67.26,67.3
2025-06-24 18:15:12.176401,67.25,67.29
2025-06-24 18:15:14.931744,67.25,67.28
2025-06-24 18:15:15.958347,67.24,67.28
2025-06-24 18:15:16.841369,67.23,67.28
2025-06-24 18:15:19.813263,67.25,67.3
2025-06-24 18:15:24.084917,67.26,67.29
2025-06-24 18:15:24.970962,67.25,67.29
2025-06-24 18:15:27.133811,67.26,67.29
2025-06-24 18:15:29.941733,67.25,67.28
2025-06-24 18:15:31.984190,67.27,67.3
2025-06-24 18:15:33.029328,67.27,67.32
2025-06-24 18:15:33.847125,67.28,67.32
2025-06-24 18:15:34.858242,67.28,67.33
2025-06-24 18:15:35.441288,67.29,67.32
2025-06-24 18:15:36.426537,67.28,67.32
2025-06-24 18:15:38.099387,67.29,67.32
2025-06-24 18:15:38.284145,67.29,67.34
2025-06-24 18:15:39.572032,67.31,67.35
2025-06-24 18:15:39.927913,67.31,67.34
2025-06-24 18:15:40.555344,67.32,67.36
2025-06-24 18:15:40.783960,67.32,67.37
2025-06-24 18:15:41.017682,67.32,67.35
2025-06-24 18:15:41.971291,67.32,67.36
2025-06-24 18:15:44.094354,67.31,67.36
2025-06-24 18:15:44.442279,67.32,67.35
2025-06-24 18:15:45.954414,67.31,67.36
2025-06-24 18:15:46.422491,67.32,67.36
2025-06-24 18:15:50.200372,67.32,67.37
2025-06-24 18:15:52.254010,67.35,67.38
2025-06-24 18:15:52.967327,67.35,67.39
2025-06-24 18:15:54.843498,67.34,67.38
2025-06-24 18:15:55.928441,67.35,67.38
2025-06-24 18:15:56.682834,67.35,67.39
2025-06-24 18:15:57.138431,67.36,67.4
2025-06-24 18:15:58.232670,67.35,67.39
2025-06-24 18:15:59.321359,67.35,67.4
2025-06-24 18:16:00.898742,67.35,67.38
2025-06-24 18:16:01.659116,67.34,67.37
2025-06-24 18:16:06.123941,67.33,67.38
2025-06-24 18:16:07.017237,67.33,67.37
2025-06-24 18:16:07.577331,67.34,67.37
2025-06-24 18:16:09.218644,67.33,67.37
2025-06-24 18:16:09.988380,67.32,67.37
2025-06-24 18:16:12.357980,67.33,67.37
2025-06-24 18:16:14.068950,67.32,67.35
2025-06-24 18:16:15.818027,67.32,67.37
2025-06-24 18:16:16.658063,67.31,67.34
2025-06-24 18:16:17.348002,67.28,67.32
2025-06-24 18:16:18.926984,67.28,67.31
2025-06-24 18:16:19.537735,67.28,67.33
2025-06-24 18:16:19.836164,67.3,67.33
2025-06-24 18:16:20.668103,67.29,67.34
2025-06-24 18:16:23.732411,67.3,67.34
2025-06-24 18:16:24.444106,67.3,67.33
2025-06-24 18:16:25.041536,67.3,67.34
2025-06-24 18:16:25.473948,67.3,67.33
2025-06-24 18:16:27.198990,67.3,67.35
2025-06-24 18:16:27.528845,67.3,67.33
2025-06-24 18:16:29.291946,67.27,67.3
2025-06-24 18:16:29.472697,67.28,67.31
2025-06-24 18:16:30.048310,67.27,67.32
2025-06-24 18:16:30.204071,67.27,67.3
2025-06-24 18:16:31.558561,67.27,67.32
2025-06-24 18:16:31.907297,67.28,67.31
2025-06-24 18:16:33.183673,67.27,67.31
2025-06-24 18:16:33.463044,67.28,67.33
2025-06-24 18:16:34.750526,67.29,67.33
2025-06-24 18:16:35.371995,67.29,67.32
2025-06-24 18:16:35.698059,67.29,67.33
2025-06-24 18:16:37.605722,67.29,67.32
2025-06-24 18:16:39.975770,67.29,67.34
2025-06-24 18:16:40.500471,67.3,67.33
2025-06-24 18:16:40.759647,67.3,67.34
2025-06-24 18:16:40.891663,67.29,67.34
2025-06-24 18:16:41.906785,67.31,67.35
2025-06-24 18:16:42.694563,67.3,67.35
2025-06-24 18:16:43.041338,67.31,67.35
2025-06-24 18:16:43.616973,67.31,67.36
2025-06-24 18:16:44.044273,67.31,67.34
2025-06-24 18:16:45.060216,67.31,67.35
2025-06-24 18:16:46.180401,67.32,67.35
2025-06-24 18:16:46.599533,67.31,67.35
2025-06-24 18:16:49.585832,67.3,67.35
2025-06-24 18:16:49.983624,67.3,67.34
2025-06-24 18:16:50.894093,67.31,67.35
2025-06-24 18:16:51.283979,67.3,67.34
2025-06-24 18:16:56.047878,67.29,67.33
2025-06-24 18:16:56.309760,67.28,67.31
2025-06-24 18:16:56.705325,67.27,67.32
2025-06-24 18:16:58.065753,67.27,67.3
2025-06-24 18:16:59.872344,67.28,67.32
2025-06-24 18:17:00.312150,67.27,67.31
2025-06-24 18:17:02.022458,67.26,67.3
2025-06-24 18:17:03.893481,67.27,67.3
2025-06-24 18:17:04.267832,67.28,67.32
2025-06-24 18:17:05.380518,67.27,67.31
2025-06-24 18:17:05.717874,67.28,67.32
2025-06-24 18:17:06.456437,67.28,67.31
2025-06-24 18:17:09.267610,67.27,67.31
2025-06-24 18:17:09.869233,67.29,67.32
2025-06-24 18:17:10.172747,67.29,67.34
2025-06-24 18:17:11.701570,67.3,67.34
2025-06-24 18:17:13.524207,67.29,67.32
2025-06-24 18:17:14.416822,67.28,67.33
2025-06-24 18:17:15.877719,67.29,67.32
2025-06-24 18:17:16.488869,67.29,67.33
2025-06-24 18:17:16.722969,67.3,67.33
2025-06-24 18:17:17.917544,67.32,67.36
2025-06-24 18:17:18.817535,67.31,67.35
2025-06-24 18:17:20.976816,67.3,67.34
2025-06-24 18:17:21.233935,67.29,67.34
2025-06-24 18:17:21.974365,67.29,67.33
2025-06-24 18:17:26.491769,67.3,67.33
2025-06-24 18:17:29.357855,67.29,67.33
2025-06-24 18:17:29.767856,67.28,67.33
2025-06-24 18:17:30.489623,67.29,67.33
2025-06-24 18:17:30.839063,67.29,67.32
2025-06-24 18:17:31.533769,67.28,67.33
2025-06-24 18:17:32.538112,67.28,67.32
2025-06-24 18:17:33.883068,67.29,67.33
2025-06-24 18:17:34.722604,67.29,67.32
2025-06-24 18:17:35.692687,67.28,67.33
2025-06-24 18:17:36.430955,67.28,67.31
2025-06-24 18:17:37.730226,67.27,67.3
2025-06-24 18:17:38.248610,67.28,67.33
2025-06-24 18:17:40.335709,67.29,67.32
2025-06-24 18:17:41.032838,67.28,67.32
2025-06-24 18:17:42.103949,67.29,67.32
2025-06-24 18:17:42.938796,67.3,67.33
2025-06-24 18:17:43.330399,67.31,67.34
2025-06-24 18:17:46.633939,67.3,67.34
2025-06-24 18:17:48.502252,67.31,67.34
2025-06-24 18:17:50.212214,67.31,67.35
2025-06-24 18:17:51.808906,67.3,67.35
2025-06-24 18:17:53.745378,67.32,67.35
2025-06-24 18:17:55.137054,67.32,67.36
2025-06-24 18:17:55.728678,67.32,67.37
2025-06-24 18:17:56.342739,67.33,67.37
2025-06-24 18:18:03.686110,67.34,67.38
2025-06-24 18:18:04.123673,67.35,67.39
2025-06-24 18:18:04.220906,67.34,67.39
2025-06-24 18:18:04.558344,67.35,67.39
2025-06-24 18:18:05.699179,67.36,67.41
2025-06-24 18:18:05.953084,67.36,67.4
2025-06-24 18:18:06.891489,67.36,67.41
2025-06-24 18:18:10.988309,67.35,67.4
2025-06-24 18:18:12.556490,67.35,67.39
2025-06-24 18:18:12.838199,67.36,67.39
2025-06-24 18:18:13.874301,67.36,67.41
2025-06-24 18:18:14.839407,67.35,67.39
2025-06-24 18:18:15.361606,67.34,67.38
2025-06-24 18:18:15.767535,67.32,67.37
2025-06-24 18:18:17.088316,67.35,67.38
2025-06-24 18:18:18.083309,67.34,67.38
2025-06-24 18:18:19.468109,67.34,67.39
2025-06-24 18:18:20.280708,67.34,67.37
2025-06-24 18:18:22.410538,67.34,67.39
2025-06-24 18:18:22.887554,67.36,67.4
2025-06-24 18:18:23.452791,67.35,67.4
2025-06-24 18:18:24.487420,67.36,67.4
2025-06-24 18:18:25.242065,67.35,67.4
2025-06-24 18:18:27.336973,67.36,67.4
2025-06-24 18:18:33.859354,67.35,67.4
2025-06-24 18:18:38.402063,67.35,67.39
2025-06-24 18:18:43.288552,67.36,67.39
2025-06-24 18:18:45.509460,67.35,67.4
2025-06-24 18:18:47.843131,67.35,67.39
2025-06-24 18:18:48.217718,67.36,67.39
2025-06-24 18:18:53.059743,67.36,67.4
2025-06-24 18:18:54.762583,67.35,67.4
2025-06-24 18:18:55.747797,67.35,67.38
2025-06-24 18:18:57.056376,67.35,67.39
2025-06-24 18:18:57.514100,67.35,67.38
2025-06-24 18:18:59.808409,67.36,67.4
2025-06-24 18:18:59.894502,67.39,67.43
2025-06-24 18:19:01.917935,67.4,67.44
2025-06-24 18:19:02.139700,67.39,67.44
2025-06-24 18:19:03.265767,67.4,67.44
2025-06-24 18:19:03.622397,67.4,67.43
2025-06-24 18:19:04.427694,67.4,67.45
2025-06-24 18:19:05.297741,67.39,67.42
2025-06-24 18:19:05.898929,67.4,67.44
2025-06-24 18:19:09.685597,67.41,67.44
2025-06-24 18:19:10.138549,67.4,67.44
2025-06-24 18:19:10.344818,67.41,67.45
2025-06-24 18:19:11.857050,67.41,67.46
2025-06-24 18:19:12.152749,67.41,67.45
2025-06-24 18:19:12.924007,67.4,67.45
2025-06-24 18:19:13.104729,67.4,67.44
2025-06-24 18:19:13.391281,67.39,67.44
2025-06-24 18:19:14.898624,67.39,67.42
2025-06-24 18:19:16.721215,67.39,67.44
2025-06-24 18:19:17.417199,67.39,67.42
2025-06-24 18:19:17.692656,67.39,67.44
2025-06-24 18:19:21.095422,67.39,67.43
2025-06-24 18:19:22.591835,67.39,67.42
2025-06-24 18:19:22.794607,67.38,67.41
2025-06-24 18:19:24.160699,67.38,67.42
2025-06-24 18:19:24.660011,67.39,67.42
2025-06-24 18:19:25.432429,67.38,67.41
2025-06-24 18:19:26.193107,67.39,67.43
2025-06-24 18:19:26.744270,67.38,67.42
2025-06-24 18:19:28.776948,67.37,67.41
2025-06-24 18:19:29.909897,67.38,67.42
2025-06-24 18:19:31.680600,67.39,67.43
2025-06-24 18:19:34.230827,67.38,67.42
2025-06-24 18:19:35.860397,67.37,67.41
2025-06-24 18:19:36.228715,67.38,67.42
2025-06-24 18:19:36.841040,67.37,67.41
2025-06-24 18:19:37.434658,67.38,67.42
2025-06-24 18:19:37.825874,67.38,67.41
2025-06-24 18:19:39.239745,67.37,67.4
2025-06-24 18:19:39.917541,67.38,67.41
2025-06-24 18:19:41.229148,67.37,67.41
2025-06-24 18:19:41.648500,67.38,67.41
2025-06-24 18:19:45.098251,67.37,67.41
2025-06-24 18:19:49.798641,67.38,67.41
2025-06-24 18:19:52.176854,67.38,67.42
2025-06-24 18:19:54.906275,67.37,67.42
2025-06-24 18:19:55.443819,67.38,67.41
2025-06-24 18:19:55.660685,67.37,67.41
2025-06-24 18:19:56.561166,67.38,67.41
2025-06-24 18:19:56.798998,67.35,67.39
2025-06-24 18:19:58.803143,67.34,67.37
2025-06-24 18:19:59.118456,67.35,67.39
2025-06-24 18:20:01.940043,67.35,67.4
2025-06-24 18:20:02.189638,67.35,67.39
2025-06-24 18:20:02.931131,67.34,67.38
2025-06-24 18:20:03.063136,67.34,67.37
2025-06-24 18:20:04.447727,67.33,67.37
2025-06-24 18:20:08.601393,67.33,67.36
2025-06-24 18:20:09.064079,67.33,67.37
2025-06-24 18:20:09.611369,67.34,67.37
2025-06-24 18:20:09.970982,67.33,67.38
2025-06-24 18:20:11.660493,67.33,67.36
2025-06-24 18:20:12.080408,67.34,67.37
2025-06-24 18:20:15.178990,67.33,67.37
2025-06-24 18:20:16.724125,67.34,67.38
2025-06-24 18:20:19.663091,67.33,67.37
2025-06-24 18:20:20.612268,67.32,67.37
2025-06-24 18:20:21.634964,67.33,67.37
2025-06-24 18:20:22.012462,67.32,67.36
2025-06-24 18:20:24.380352,67.33,67.38
2025-06-24 18:20:24.824331,67.34,67.38
2025-06-24 18:20:26.054147,67.33,67.37
2025-06-24 18:20:26.548735,67.34,67.37
2025-06-24 18:20:29.777128,67.35,67.38
2025-06-24 18:20:33.772071,67.33,67.37
2025-06-24 18:20:38.603083,67.34,67.37
2025-06-24 18:20:40.153691,67.33,67.38
2025-06-24 18:20:40.414062,67.33,67.37
2025-06-24 18:20:41.231815,67.34,67.37
2025-06-24 18:20:41.791981,67.36,67.41
2025-06-24 18:20:42.523086,67.36,67.4
2025-06-24 18:20:42.810487,67.37,67.41
2025-06-24 18:20:43.417762,67.36,67.39
2025-06-24 18:20:44.088927,67.35,67.39
2025-06-24 18:20:44.408482,67.36,67.39
2025-06-24 18:20:45.017920,67.35,67.39
2025-06-24 18:20:49.288576,67.35,67.4
2025-06-24 18:20:50.200758,67.35,67.39
2025-06-24 18:20:51.238176,67.36,67.39
2025-06-24 18:20:51.941460,67.35,67.39
2025-06-24 18:20:53.784699,67.35,67.38
2025-06-24 18:20:55.953462,67.36,67.4
2025-06-24 18:20:56.267718,67.35,67.4
2025-06-24 18:20:56.937742,67.36,67.4
2025-06-24 18:20:58.033816,67.35,67.4
2025-06-24 18:20:58.548331,67.35,67.39
2025-06-24 18:20:59.603979,67.36,67.4
2025-06-24 18:20:59.760653,67.34,67.38
2025-06-24 18:21:00.662721,67.35,67.39
2025-06-24 18:21:01.708741,67.35,67.38
2025-06-24 18:21:01.994126,67.34,67.38
2025-06-24 18:21:02.448769,67.35,67.38
2025-06-24 18:21:02.695506,67.35,67.39
2025-06-24 18:21:03.668608,67.34,67.38
2025-06-24 18:21:05.947769,67.33,67.37
2025-06-24 18:21:07.341462,67.33,67.36
2025-06-24 18:21:08.491781,67.34,67.37
2025-06-24 18:21:11.804810,67.35,67.39
2025-06-24 18:21:13.131096,67.34,67.38
2025-06-24 18:21:14.063283,67.34,67.37
2025-06-24 18:21:14.559558,67.35,67.38
2025-06-24 18:21:18.178155,67.31,67.35
2025-06-24 18:21:18.507860,67.3,67.34
2025-06-24 18:21:18.793447,67.28,67.33
2025-06-24 18:21:18.983842,67.29,67.33
2025-06-24 18:21:19.738770,67.28,67.32
2025-06-24 18:21:20.171028,67.28,67.31
2025-06-24 18:21:22.112295,67.28,67.33
2025-06-24 18:21:22.412705,67.29,67.32
2025-06-24 18:21:23.790378,67.29,67.33
2025-06-24 18:21:24.180234,67.3,67.34
2025-06-24 18:21:24.473811,67.31,67.35
2025-06-24 18:21:25.505821,67.3,67.34
2025-06-24 18:21:25.941190,67.31,67.35
2025-06-24 18:21:26.111665,67.3,67.34
2025-06-24 18:21:26.845991,67.29,67.33
2025-06-24 18:21:27.410546,67.3,67.34
2025-06-24 18:21:28.339242,67.29,67.33
2025-06-24 18:21:29.762577,67.29,67.34
2025-06-24 18:21:30.468695,67.29,67.32
2025-06-24 18:21:34.681550,67.28,67.33
2025-06-24 18:21:37.108351,67.27,67.3
2025-06-24 18:21:37.866633,67.28,67.32
2025-06-24 18:21:38.452403,67.28,67.33
2025-06-24 18:21:39.512402,67.27,67.31
2025-06-24 18:21:40.912400,67.28,67.32
2025-06-24 18:21:41.540376,67.27,67.31
2025-06-24 18:21:41.758991,67.27,67.32
2025-06-24 18:21:43.660984,67.27,67.31
2025-06-24 18:21:44.818901,67.27,67.3
2025-06-24 18:21:45.816776,67.27,67.31
2025-06-24 18:21:47.125664,67.28,67.31
2025-06-24 18:21:47.459240,67.27,67.31
2025-06-24 18:21:47.944052,67.28,67.31
2025-06-24 18:21:49.798246,67.27,67.31
2025-06-24 18:21:51.857986,67.28,67.32
2025-06-24 18:21:52.450379,67.27,67.32
2025-06-24 18:21:52.702787,67.28,67.32
2025-06-24 18:22:01.159301,67.27,67.32
2025-06-24 18:22:01.456469,67.27,67.3
2025-06-24 18:22:01.879928,67.28,67.32
2025-06-24 18:22:03.066910,67.29,67.32
2025-06-24 18:22:05.210456,67.28,67.32
2025-06-24 18:22:07.764341,67.27,67.32
2025-06-24 18:22:08.114617,67.27,67.3
2025-06-24 18:22:08.404344,67.27,67.31
2025-06-24 18:22:10.172075,67.26,67.3
2025-06-24 18:22:13.373273,67.27,67.3
2025-06-24 18:22:13.981221,67.26,67.31
2025-06-24 18:22:14.737833,67.26,67.3
2025-06-24 18:22:14.836097,67.27,67.31
2025-06-24 18:22:16.360891,67.26,67.29
2025-06-24 18:22:17.452229,67.24,67.28
2025-06-24 18:22:18.203072,67.26,67.29
2025-06-24 18:22:18.952446,67.25,67.29
2025-06-24 18:22:21.972429,67.25,67.28
2025-06-24 18:22:22.280712,67.26,67.29
2025-06-24 18:22:23.010826,67.26,67.3
2025-06-24 18:22:26.037797,67.25,67.3
2025-06-24 18:22:26.419122,67.26,67.3
2025-06-24 18:22:27.127212,67.26,67.31
2025-06-24 18:22:29.126830,67.25,67.28
2025-06-24 18:22:29.555714,67.24,67.29
2025-06-24 18:22:31.091787,67.25,67.29
2025-06-24 18:22:33.243168,67.24,67.29
2025-06-24 18:22:33.475331,67.25,67.28
2025-06-24 18:22:33.854340,67.24,67.28
2025-06-24 18:22:34.726731,67.23,67.27
2025-06-24 18:22:36.346653,67.22,67.26
2025-06-24 18:22:36.691214,67.21,67.26
2025-06-24 18:22:37.100744,67.21,67.25
2025-06-24 18:22:39.968921,67.21,67.26
2025-06-24 18:22:41.498379,67.2,67.25
2025-06-24 18:22:42.224218,67.22,67.25
2025-06-24 18:22:42.862341,67.21,67.24
2025-06-24 18:22:43.602619,67.2,67.24
2025-06-24 18:22:43.838501,67.2,67.25
2025-06-24 18:22:44.179235,67.2,67.24
2025-06-24 18:22:44.913896,67.22,67.26
2025-06-24 18:22:45.750619,67.21,67.24
2025-06-24 18:22:46.497897,67.21,67.25
2025-06-24 18:22:49.655983,67.21,67.24
2025-06-24 18:22:50.822438,67.22,67.25
2025-06-24 18:22:52.924494,67.23,67.26
2025-06-24 18:22:53.934188,67.23,67.27
2025-06-24 18:22:54.359111,67.24,67.28
2025-06-24 18:22:55.373188,67.25,67.29
2025-06-24 18:22:57.741062,67.24,67.27
2025-06-24 18:22:58.305971,67.23,67.27
2025-06-24 18:22:58.649380,67.23,67.28
2025-06-24 18:22:59.649099,67.24,67.27
2025-06-24 18:23:00.414641,67.23,67.28
2025-06-24 18:23:01.136707,67.23,67.27
2025-06-24 18:23:02.537843,67.23,67.26
2025-06-24 18:23:03.354005,67.23,67.27
2025-06-24 18:23:03.708689,67.24,67.27
2025-06-24 18:23:05.759556,67.23,67.27
2025-06-24 18:23:06.580343,67.22,67.26
2025-06-24 18:23:07.125789,67.21,67.25
2025-06-24 18:23:09.462178,67.22,67.25
2025-06-24 18:23:11.034784,67.22,67.26
2025-06-24 18:23:13.518574,67.21,67.26
2025-06-24 18:23:15.267278,67.22,67.26
2025-06-24 18:23:15.741525,67.22,67.27
2025-06-24 18:23:16.580841,67.21,67.26
2025-06-24 18:23:18.191387,67.21,67.25
2025-06-24 18:23:22.132668,67.21,67.24
2025-06-24 18:23:22.992543,67.22,67.25
2025-06-24 18:23:24.148853,67.21,67.24
2025-06-24 18:23:24.820957,67.21,67.26
2025-06-24 18:23:25.242890,67.21,67.24
2025-06-24 18:23:26.949801,67.2,67.24
2025-06-24 18:23:29.972423,67.21,67.24
2025-06-24 18:23:30.280638,67.2,67.24
2025-06-24 18:23:34.998442,67.2,67.23
2025-06-24 18:23:37.745268,67.2,67.24
2025-06-24 18:23:41.016659,67.19,67.23
2025-06-24 18:23:42.076613,67.19,67.22
2025-06-24 18:23:42.311840,67.18,67.22
2025-06-24 18:23:43.872576,67.16,67.2
2025-06-24 18:23:50.123449,67.15,67.18
2025-06-24 18:23:50.630513,67.15,67.2
2025-06-24 18:23:52.611518,67.16,67.19
2025-06-24 18:23:53.176619,67.16,67.2
2025-06-24 18:23:53.926692,67.15,67.2
2025-06-24 18:23:54.867531,67.16,67.2
2025-06-24 18:23:57.972206,67.16,67.19
2025-06-24 18:23:58.823375,67.16,67.21
2025-06-24 18:23:59.646200,67.16,67.2
2025-06-24 18:23:59.900787,67.16,67.21
2025-06-24 18:24:00.272144,67.17,67.2
2025-06-24 18:24:04.139473,67.16,67.2
2025-06-24 18:24:06.164246,67.15,67.19
2025-06-24 18:24:06.839129,67.16,67.2
2025-06-24 18:24:07.491126,67.15,67.19
2025-06-24 18:24:10.902579,67.15,67.2
2025-06-24 18:24:11.172445,67.14,67.18
2025-06-24 18:24:12.584200,67.15,67.19
2025-06-24 18:24:14.774273,67.17,67.2
2025-06-24 18:24:15.924826,67.16,67.2
2025-06-24 18:24:18.226757,67.17,67.21
2025-06-24 18:24:20.146248,67.16,67.21
2025-06-24 18:24:22.226887,67.16,67.2
2025-06-24 18:24:22.633844,67.16,67.19
2025-06-24 18:24:23.368858,67.16,67.2
2025-06-24 18:24:24.275086,67.17,67.21
2025-06-24 18:24:25.034022,67.16,67.2
2025-06-24 18:24:27.951353,67.17,67.21
2025-06-24 18:24:30.938571,67.16,67.2
2025-06-24 18:24:35.679248,67.17,67.2
2025-06-24 18:24:36.991518,67.17,67.21
2025-06-24 18:24:47.429066,67.16,67.21
2025-06-24 18:24:51.462408,67.16,67.19
2025-06-24 18:24:51.978887,67.16,67.2
2025-06-24 18:24:52.932540,67.17,67.21
2025-06-24 18:24:52.979736,67.16,67.2
2025-06-24 18:24:54.678299,67.15,67.2
2025-06-24 18:24:55.176177,67.16,67.19
2025-06-24 18:24:56.519557,67.14,67.18
2025-06-24 18:25:00.034935,67.14,67.19
2025-06-24 18:25:00.154230,67.14,67.17
2025-06-24 18:25:01.861696,67.14,67.19
2025-06-24 18:25:02.572098,67.15,67.18
2025-06-24 18:25:03.283887,67.14,67.19
2025-06-24 18:25:04.752611,67.15,67.18
2025-06-24 18:25:06.943129,67.15,67.2
2025-06-24 18:25:07.533854,67.14,67.18
2025-06-24 18:25:14.364358,67.14,67.17
2025-06-24 18:25:15.118893,67.13,67.17
2025-06-24 18:25:16.518271,67.12,67.17
2025-06-24 18:25:17.487734,67.12,67.16
2025-06-24 18:25:18.021885,67.12,67.15
2025-06-24 18:25:22.058264,67.12,67.16
2025-06-24 18:25:23.041219,67.11,67.14
2025-06-24 18:25:23.933536,67.12,67.16
2025-06-24 18:25:24.714564,67.13,67.17
2025-06-24 18:25:25.568554,67.14,67.17
2025-06-24 18:25:27.462144,67.14,67.18
2025-06-24 18:25:27.972792,67.13,67.16
2025-06-24 18:25:30.361602,67.13,67.17
2025-06-24 18:25:30.836725,67.12,67.16
2025-06-24 18:25:33.535731,67.13,67.17
2025-06-24 18:25:34.395247,67.12,67.16
2025-06-24 18:25:36.360315,67.12,67.17
2025-06-24 18:25:40.577034,67.13,67.16
2025-06-24 18:25:43.037949,67.13,67.17
2025-06-24 18:25:43.567274,67.12,67.15
2025-06-24 18:25:44.309868,67.11,67.15
2025-06-24 18:25:56.163042,67.1,67.14
2025-06-24 18:25:58.061443,67.18,67.22
2025-06-24 18:25:59.817403,67.19,67.23
2025-06-24 18:26:00.272433,67.2,67.23
2025-06-24 18:26:01.022978,67.22,67.25
2025-06-24 18:26:01.992753,67.21,67.25
2025-06-24 18:26:02.731631,67.23,67.28
2025-06-24 18:26:03.623141,67.24,67.28
2025-06-24 18:26:03.735814,67.23,67.26
2025-06-24 18:26:04.056558,67.23,67.27
2025-06-24 18:26:04.813289,67.21,67.25
2025-06-24 18:26:05.558317,67.2,67.24
2025-06-24 18:26:05.928748,67.21,67.24
2025-06-24 18:26:06.180276,67.22,67.26
2025-06-24 18:26:07.276742,67.21,67.24
2025-06-24 18:26:08.296086,67.24,67.29
2025-06-24 18:26:08.985456,67.24,67.28
2025-06-24 18:26:09.290406,67.25,67.3
2025-06-24 18:26:09.757495,67.26,67.29
2025-06-24 18:26:10.123515,67.26,67.31
2025-06-24 18:26:10.672367,67.27,67.3
2025-06-24 18:26:10.867552,67.26,67.31
2025-06-24 18:26:11.742396,67.26,67.29
2025-06-24 18:26:13.151407,67.25,67.29
2025-06-24 18:26:13.284440,67.26,67.29
2025-06-24 18:26:14.195724,67.26,67.3
2025-06-24 18:26:15.821049,67.26,67.31
2025-06-24 18:26:16.571239,67.25,67.3
2025-06-24 18:26:17.144695,67.25,67.29
2025-06-24 18:26:17.898368,67.25,67.3
2025-06-24 18:26:18.842132,67.25,67.29
2025-06-24 18:26:20.080521,67.25,67.28
2025-06-24 18:26:23.146824,67.24,67.29
2025-06-24 18:26:23.368319,67.22,67.27
2025-06-24 18:26:24.212007,67.22,67.26
2025-06-24 18:26:25.678551,67.23,67.27
2025-06-24 18:26:25.883785,67.23,67.29
2025-06-24 18:26:26.373346,67.23,67.28
2025-06-24 18:26:27.144722,67.23,67.26
2025-06-24 18:26:30.272983,67.23,67.27
2025-06-24 18:26:32.743708,67.24,67.28
2025-06-24 18:26:33.108331,67.25,67.29
2025-06-24 18:26:34.098478,67.26,67.3
2025-06-24 18:26:35.565216,67.25,67.3
2025-06-24 18:26:36.255113,67.27,67.32
2025-06-24 18:26:37.133800,67.28,67.32
2025-06-24 18:26:38.498078,67.29,67.33
2025-06-24 18:26:39.243496,67.27,67.3
2025-06-24 18:26:40.680037,67.27,67.31
2025-06-24 18:26:43.059386,67.28,67.31
2025-06-24 18:26:43.370963,67.28,67.33
2025-06-24 18:26:43.659114,67.28,67.31
2025-06-24 18:26:44.598494,67.27,67.31
2025-06-24 18:26:45.283610,67.27,67.3
2025-06-24 18:26:45.625695,67.27,67.31
2025-06-24 18:26:47.349516,67.27,67.3
2025-06-24 18:26:47.658236,67.27,67.31
2025-06-24 18:26:48.091324,67.24,67.29
2025-06-24 18:26:50.172363,67.24,67.28
2025-06-24 18:26:51.508260,67.24,67.29
2025-06-24 18:26:52.094599,67.24,67.28
2025-06-24 18:26:52.850093,67.23,67.27
2025-06-24 18:26:53.688043,67.24,67.28
2025-06-24 18:26:53.950730,67.23,67.27
2025-06-24 18:26:55.083738,67.24,67.28
2025-06-24 18:26:56.717142,67.23,67.27
2025-06-24 18:26:58.779619,67.24,67.28
2025-06-24 18:26:58.941470,67.25,67.28
2025-06-24 18:26:59.686398,67.24,67.28
2025-06-24 18:27:00.291311,67.25,67.29
2025-06-24 18:27:01.372762,67.26,67.3
2025-06-24 18:27:03.030765,67.26,67.29
2025-06-24 18:27:03.814742,67.25,67.29
2025-06-24 18:27:04.744192,67.25,67.28
2025-06-24 18:27:05.225834,67.24,67.29
2025-06-24 18:27:05.922787,67.24,67.27
2025-06-24 18:27:06.208740,67.24,67.28
2025-06-24 18:27:07.418068,67.24,67.29
2025-06-24 18:27:07.915330,67.25,67.29
2025-06-24 18:27:09.257952,67.24,67.29
2025-06-24 18:27:09.708193,67.25,67.28
2025-06-24 18:27:10.004243,67.24,67.29
2025-06-24 18:27:10.723542,67.24,67.27
2025-06-24 18:27:11.388168,67.24,67.28
2025-06-24 18:27:11.660141,67.25,67.29
2025-06-24 18:27:12.388835,67.26,67.3
2025-06-24 18:27:13.167689,67.26,67.31
2025-06-24 18:27:13.994842,67.26,67.29
2025-06-24 18:27:15.584303,67.25,67.29
2025-06-24 18:27:16.927697,67.26,67.29
2025-06-24 18:27:21.990998,67.25,67.29
2025-06-24 18:27:22.802044,67.26,67.3
2025-06-24 18:27:24.199199,67.25,67.29
2025-06-24 18:27:26.624798,67.25,67.28
2025-06-24 18:27:27.377965,67.23,67.28
2025-06-24 18:27:27.397813,67.23,67.27
2025-06-24 18:27:28.885731,67.23,67.26
2025-06-24 18:27:29.146694,67.24,67.28
2025-06-24 18:27:29.538610,67.25,67.3
2025-06-24 18:27:29.831738,67.26,67.29
2025-06-24 18:27:29.983631,67.25,67.29
2025-06-24 18:27:32.126514,67.22,67.25
2025-06-24 18:27:32.327210,67.21,67.25
2025-06-24 18:27:33.012448,67.21,67.24
2025-06-24 18:27:33.632967,67.21,67.25
2025-06-24 18:27:33.942030,67.21,67.24
2025-06-24 18:27:34.286977,67.21,67.26
2025-06-24 18:27:36.060165,67.22,67.26
2025-06-24 18:27:36.154072,67.21,67.25
2025-06-24 18:27:36.540948,67.2,67.24
2025-06-24 18:27:38.254478,67.21,67.26
2025-06-24 18:27:38.522548,67.21,67.25
2025-06-24 18:27:39.063114,67.2,67.25
2025-06-24 18:27:40.083846,67.2,67.24
2025-06-24 18:27:40.348601,67.2,67.25
2025-06-24 18:27:41.111225,67.21,67.25
2025-06-24 18:27:41.521250,67.21,67.24
2025-06-24 18:27:44.861740,67.21,67.25
2025-06-24 18:27:45.933552,67.22,67.26
2025-06-24 18:27:46.467257,67.21,67.24
2025-06-24 18:27:46.722363,67.2,67.25
2025-06-24 18:27:47.464731,67.21,67.25
2025-06-24 18:27:48.314881,67.21,67.26
2025-06-24 18:27:49.063746,67.21,67.25
2025-06-24 18:27:50.767971,67.23,67.27
2025-06-24 18:27:52.029607,67.23,67.28
2025-06-24 18:27:52.758636,67.23,67.26
2025-06-24 18:27:54.030183,67.23,67.27
2025-06-24 18:27:54.293142,67.23,67.28
2025-06-24 18:27:54.900747,67.24,67.28
2025-06-24 18:27:55.528941,67.23,67.28
2025-06-24 18:27:56.199608,67.24,67.28
2025-06-24 18:27:56.708122,67.23,67.27
2025-06-24 18:27:57.537940,67.22,67.25
2025-06-24 18:27:57.736798,67.22,67.27
2025-06-24 18:27:58.486218,67.23,67.26
2025-06-24 18:27:59.112643,67.22,67.25
2025-06-24 18:28:00.391829,67.21,67.26
2025-06-24 18:28:00.717721,67.2,67.24
2025-06-24 18:28:00.978891,67.17,67.2
2025-06-24 18:28:01.787944,67.14,67.19
2025-06-24 18:28:02.209049,67.17,67.22
2025-06-24 18:28:03.245510,67.17,67.21
2025-06-24 18:28:03.578025,67.17,67.2
2025-06-24 18:28:03.704302,67.17,67.21
2025-06-24 18:28:04.222248,67.17,67.2
2025-06-24 18:28:05.622437,67.15,67.19
2025-06-24 18:28:05.855240,67.16,67.21
2025-06-24 18:28:06.462001,67.17,67.21
2025-06-24 18:28:07.024532,67.19,67.23
2025-06-24 18:28:07.509044,67.18,67.23
2025-06-24 18:28:07.927109,67.18,67.22
2025-06-24 18:28:08.254473,67.18,67.21
2025-06-24 18:28:09.524677,67.17,67.21
2025-06-24 18:28:09.792606,67.17,67.2
2025-06-24 18:28:10.021704,67.17,67.21
2025-06-24 18:28:11.640054,67.18,67.22
2025-06-24 18:28:12.289732,67.16,67.19
2025-06-24 18:28:12.580052,67.14,67.18
2025-06-24 18:28:14.555770,67.14,67.19
2025-06-24 18:28:15.267313,67.15,67.19
2025-06-24 18:28:15.733871,67.14,67.18
2025-06-24 18:28:16.819141,67.13,67.18
2025-06-24 18:28:18.567786,67.13,67.17
2025-06-24 18:28:18.943248,67.12,67.16
2025-06-24 18:28:19.330628,67.11,67.15
2025-06-24 18:28:20.081465,67.12,67.17
2025-06-24 18:28:20.830523,67.13,67.16
2025-06-24 18:28:21.787898,67.13,67.17
2025-06-24 18:28:23.084126,67.14,67.17
2025-06-24 18:28:23.457799,67.13,67.18
2025-06-24 18:28:24.253964,67.13,67.17
2025-06-24 18:28:24.520233,67.13,67.16
2025-06-24 18:28:24.992648,67.13,67.17
2025-06-24 18:28:27.772871,67.15,67.18
2025-06-24 18:28:28.142681,67.14,67.18
2025-06-24 18:28:28.788054,67.13,67.18
2025-06-24 18:28:29.367065,67.13,67.17
2025-06-24 18:28:29.788468,67.13,67.18
2025-06-24 18:28:31.893360,67.13,67.16
2025-06-24 18:28:32.543807,67.12,67.16
2025-06-24 18:28:33.110419,67.13,67.16
2025-06-24 18:28:33.607269,67.12,67.15
2025-06-24 18:28:34.008115,67.11,67.15
2025-06-24 18:28:35.252781,67.1,67.14
2025-06-24 18:28:36.188177,67.11,67.14
2025-06-24 18:28:36.846788,67.1,67.15
2025-06-24 18:28:37.867626,67.1,67.13
2025-06-24 18:28:38.431322,67.1,67.14
2025-06-24 18:28:38.867061,67.11,67.15
2025-06-24 18:28:40.574802,67.1,67.15
2025-06-24 18:28:41.325168,67.1,67.13
2025-06-24 18:28:41.768151,67.09,67.13
2025-06-24 18:28:42.217782,67.11,67.14
2025-06-24 18:28:42.872397,67.1,67.14
2025-06-24 18:28:45.249423,67.11,67.15
2025-06-24 18:28:45.733859,67.11,67.14
2025-06-24 18:28:46.222158,67.1,67.14
2025-06-24 18:28:47.321066,67.1,67.13
2025-06-24 18:28:48.809557,67.11,67.14
2025-06-24 18:28:49.424096,67.1,67.15
2025-06-24 18:28:50.682115,67.09,67.13
2025-06-24 18:28:51.917696,67.08,67.13
2025-06-24 18:28:54.570334,67.09,67.13
2025-06-24 18:28:55.312884,67.08,67.13
2025-06-24 18:28:56.073331,67.09,67.12
2025-06-24 18:28:56.658331,67.08,67.12
2025-06-24 18:28:57.666953,67.1,67.13
2025-06-24 18:28:58.867800,67.09,67.14
2025-06-24 18:28:59.504337,67.1,67.13
2025-06-24 18:28:59.972375,67.1,67.14
2025-06-24 18:29:00.741478,67.1,67.13
2025-06-24 18:29:01.170616,67.1,67.15
2025-06-24 18:29:01.430934,67.1,67.14
2025-06-24 18:29:02.441351,67.11,67.15
2025-06-24 18:29:05.287753,67.09,67.13
2025-06-24 18:29:05.921597,67.1,67.14
2025-06-24 18:29:07.595328,67.09,67.14
2025-06-24 18:29:08.623483,67.1,67.13
2025-06-24 18:29:09.154247,67.09,67.14
2025-06-24 18:29:09.817286,67.1,67.13
2025-06-24 18:29:11.310364,67.09,67.13
2025-06-24 18:29:11.609949,67.09,67.12
2025-06-24 18:29:13.121008,67.1,67.14
2025-06-24 18:29:14.055688,67.09,67.13
2025-06-24 18:29:15.206916,67.1,67.14
2025-06-24 18:29:16.330631,67.12,67.16
2025-06-24 18:29:18.400324,67.12,67.17
2025-06-24 18:29:21.998505,67.13,67.18
2025-06-24 18:29:22.687365,67.13,67.17
2025-06-24 18:29:23.380389,67.13,67.16
2025-06-24 18:29:27.517686,67.12,67.16
2025-06-24 18:29:28.064920,67.12,67.17
2025-06-24 18:29:28.438935,67.12,67.16
2025-06-24 18:29:29.606690,67.13,67.17
2025-06-24 18:29:31.619271,67.13,67.16
2025-06-24 18:29:33.272496,67.13,67.17
2025-06-24 18:29:37.314411,67.14,67.18
2025-06-24 18:29:37.815452,67.12,67.16
2025-06-24 18:29:38.384048,67.12,67.17
2025-06-24 18:29:39.492111,67.13,67.17
2025-06-24 18:29:40.229064,67.14,67.18
2025-06-24 18:29:41.253558,67.13,67.17
2025-06-24 18:29:43.067263,67.14,67.17
2025-06-24 18:29:43.353454,67.13,67.16
2025-06-24 18:29:44.792345,67.13,67.17
2025-06-24 18:29:45.234071,67.14,67.17
2025-06-24 18:29:45.984741,67.13,67.16
2025-06-24 18:29:46.217934,67.12,67.16
2025-06-24 18:29:47.124559,67.12,67.15
2025-06-24 18:29:47.488077,67.12,67.17
2025-06-24 18:29:47.893850,67.12,67.16
2025-06-24 18:29:48.458239,67.12,67.17
2025-06-24 18:29:49.664939,67.12,67.15
2025-06-24 18:29:50.872790,67.13,67.18
2025-06-24 18:29:51.329118,67.13,67.16
2025-06-24 18:29:52.077123,67.13,67.18
2025-06-24 18:29:53.669976,67.14,67.17
2025-06-24 18:29:53.911011,67.13,67.18
2025-06-24 18:29:54.834632,67.14,67.18
2025-06-24 18:29:55.127428,67.16,67.2
2025-06-24 18:29:56.321713,67.17,67.22
2025-06-24 18:29:56.959321,67.16,67.2
2025-06-24 18:29:57.767692,67.17,67.21
2025-06-24 18:29:58.401924,67.21,67.26
2025-06-24 18:29:58.753234,67.21,67.25
2025-06-24 18:29:59.641945,67.22,67.27
2025-06-24 18:29:59.899151,67.21,67.26
2025-06-24 18:30:00.734767,67.2,67.24
2025-06-24 18:30:01.300051,67.21,67.25
2025-06-24 18:30:02.494826,67.22,67.26
2025-06-24 18:30:03.415182,67.21,67.25
2025-06-24 18:30:04.362555,67.21,67.26
2025-06-24 18:30:04.767976,67.21,67.24
2025-06-24 18:30:05.589460,67.21,67.26
2025-06-24 18:30:06.343165,67.22,67.26
2025-06-24 18:30:06.756741,67.21,67.24
2025-06-24 18:30:07.948383,67.2,67.25
2025-06-24 18:30:08.469098,67.21,67.25
2025-06-24 18:30:11.710443,67.22,67.26
2025-06-24 18:30:12.108259,67.23,67.26
2025-06-24 18:30:12.858303,67.23,67.27
2025-06-24 18:30:13.558049,67.23,67.28
2025-06-24 18:30:14.067903,67.24,67.27
2025-06-24 18:30:14.955727,67.23,67.28
2025-06-24 18:30:17.326763,67.24,67.29
2025-06-24 18:30:17.817777,67.25,67.29
2025-06-24 18:30:18.848918,67.26,67.31
2025-06-24 18:30:19.481977,67.26,67.3
2025-06-24 18:30:19.808480,67.25,67.3
2025-06-24 18:30:20.255953,67.27,67.31
2025-06-24 18:30:21.522353,67.26,67.29
2025-06-24 18:30:22.035052,67.26,67.3
2025-06-24 18:30:23.202768,67.26,67.31
2025-06-24 18:30:23.634774,67.26,67.3
2025-06-24 18:30:28.056255,67.28,67.31
2025-06-24 18:30:30.637696,67.27,67.32
2025-06-24 18:30:31.004053,67.28,67.31
2025-06-24 18:30:31.591236,67.27,67.31
2025-06-24 18:30:32.491720,67.27,67.3
2025-06-24 18:30:36.097562,67.27,67.31
2025-06-24 18:30:39.948144,67.28,67.33
2025-06-24 18:30:40.758628,67.28,67.32
2025-06-24 18:30:41.491533,67.27,67.31
2025-06-24 18:30:42.157937,67.28,67.33
2025-06-24 18:30:43.625782,67.28,67.31
2025-06-24 18:30:44.442599,67.29,67.32
2025-06-24 18:30:44.841384,67.28,67.32
2025-06-24 18:30:46.089882,67.27,67.32
2025-06-24 18:30:51.503535,67.28,67.32
2025-06-24 18:30:52.544448,67.27,67.32
2025-06-24 18:30:53.298035,67.28,67.32
2025-06-24 18:30:53.872329,67.27,67.31
2025-06-24 18:30:55.644142,67.27,67.32
2025-06-24 18:30:56.326980,67.27,67.3
2025-06-24 18:30:57.576963,67.28,67.32
2025-06-24 18:30:58.359175,67.29,67.33
2025-06-24 18:30:58.600061,67.3,67.33
2025-06-24 18:30:58.937724,67.29,67.33
2025-06-24 18:30:59.691115,67.3,67.34
2025-06-24 18:31:00.617167,67.29,67.33
2025-06-24 18:31:00.961741,67.28,67.33
2025-06-24 18:31:01.540744,67.29,67.32
2025-06-24 18:31:02.406382,67.29,67.34
2025-06-24 18:31:03.223729,67.3,67.34
2025-06-24 18:31:05.293944,67.31,67.35
2025-06-24 18:31:05.733872,67.3,67.34
2025-06-24 18:31:07.513948,67.29,67.33
2025-06-24 18:31:09.622473,67.29,67.32
2025-06-24 18:31:11.634675,67.28,67.33
2025-06-24 18:31:13.472411,67.28,67.32
2025-06-24 18:31:16.051302,67.27,67.32
2025-06-24 18:31:19.608433,67.27,67.31
2025-06-24 18:31:21.683891,67.26,67.31
2025-06-24 18:31:22.306406,67.27,67.3
2025-06-24 18:31:23.657735,67.26,67.3
2025-06-24 18:31:25.721974,67.27,67.3
2025-06-24 18:31:26.572541,67.26,67.31
2025-06-24 18:31:29.520724,67.26,67.3
2025-06-24 18:31:31.485738,67.28,67.33
2025-06-24 18:31:32.868696,67.28,67.31
2025-06-24 18:31:33.120496,67.27,67.31
2025-06-24 18:31:33.571866,67.27,67.3
2025-06-24 18:31:34.025035,67.27,67.32
2025-06-24 18:31:35.457872,67.27,67.31
2025-06-24 18:31:37.299850,67.26,67.31
2025-06-24 18:31:37.649551,67.27,67.31
2025-06-24 18:31:41.097936,67.27,67.3
2025-06-24 18:31:41.552090,67.27,67.32
2025-06-24 18:31:44.783531,67.28,67.31
2025-06-24 18:31:45.567478,67.27,67.32
2025-06-24 18:31:47.984388,67.28,67.33
2025-06-24 18:31:48.458879,67.29,67.32
2025-06-24 18:31:49.386734,67.29,67.33
2025-06-24 18:31:50.041131,67.3,67.34
2025-06-24 18:32:03.458014,67.3,67.35
2025-06-24 18:32:05.173550,67.31,67.35
2025-06-24 18:32:05.799111,67.3,67.34
2025-06-24 18:32:07.166272,67.3,67.33
2025-06-24 18:32:09.736443,67.29,67.34
2025-06-24 18:32:11.572283,67.29,67.32
2025-06-24 18:32:15.308857,67.29,67.33
2025-06-24 18:32:15.588309,67.3,67.34
2025-06-24 18:32:16.335356,67.31,67.34
2025-06-24 18:32:24.629032,67.31,67.35
2025-06-24 18:32:29.967878,67.32,67.36
2025-06-24 18:32:30.341392,67.31,67.36
2025-06-24 18:32:33.700302,67.32,67.35
2025-06-24 18:32:34.445991,67.32,67.36
2025-06-24 18:32:35.458239,67.32,67.35
2025-06-24 18:32:36.707853,67.32,67.37
2025-06-24 18:32:37.167762,67.32,67.36
2025-06-24 18:32:40.155609,67.31,67.36
2025-06-24 18:32:43.793917,67.3,67.35
2025-06-24 18:32:48.257857,67.28,67.32
2025-06-24 18:32:51.143193,67.28,67.33
2025-06-24 18:32:53.905795,67.29,67.32
2025-06-24 18:32:56.614042,67.29,67.33
2025-06-24 18:32:56.912766,67.29,67.32
2025-06-24 18:33:06.135235,67.28,67.33
2025-06-24 18:33:07.514642,67.29,67.33
2025-06-24 18:33:14.236389,67.28,67.33
2025-06-24 18:33:17.008854,67.28,67.32
2025-06-24 18:33:18.338006,67.27,67.32
2025-06-24 18:33:20.384199,67.27,67.31
2025-06-24 18:33:24.501552,67.27,67.32
2025-06-24 18:33:24.728039,67.25,67.29
2025-06-24 18:33:28.158083,67.26,67.29
2025-06-24 18:33:29.511520,67.27,67.3
2025-06-24 18:33:30.771320,67.27,67.32
2025-06-24 18:33:37.672482,67.27,67.3
2025-06-24 18:33:42.354426,67.26,67.3
2025-06-24 18:33:43.579379,67.27,67.3
2025-06-24 18:33:50.568874,67.26,67.3
2025-06-24 18:33:52.704262,67.26,67.29
2025-06-24 18:33:59.605762,67.25,67.3
